model,rank,elpd_loo,p_loo,elpd_diff,elpd_loo_se,dse,loo_warning,scale,delta_elpd_from_best,ppc_rmse,ppc_mae,ppc_r,ppc_r2,ppc_scope,diagnostic_status,max_r_hat,n_r_hat_gt_1_01,n_r_hat_gt_1_05,min_ess_bulk,min_ess_tail,n_divergent,divergence_rate,n_parameters,complexity,complexity_source,diagnostics_ok,complete_objectives,eligible_for_frontier,posterior_pareto_frontier
principled_salience_stop_regularized_responsepolicy_boundedform_sizesharp_2x2_inc_static_fixedeps,0,-5186.86865234375,58.69130182266235,0.0,64.34841805876657,0.0,False,log,0.0,0.031240913809374,0.0186588597028193,0.9695129796565723,0.9399554177225652,all_cells,pass,1.01,0,0,513.0,970.0,0,0.0,12,58.69130182266235,p_loo,True,True,True,True
principled_salience_stop_regularized_responsepolicy_boundedform_sharpform_2x2_inc_static_fixedeps,2,-5290.887480735779,52.632691860198975,104.0188283920288,63.96702990077276,13.512893597832877,False,log,-104.01882839202881,0.0399608095923412,0.0225918055023383,0.9507475037622358,0.9039208159101226,all_cells,pass,1.01,0,0,423.0,688.0,0,0.0,11,52.632691860198975,p_loo,True,True,True,True
principled_salience_stop_regularized_responsepolicy_boundedform_sharpform_2x2_inc_rec_fixedeps,3,-5292.722811698914,52.233638763427734,105.85415935516356,63.96212034158337,13.557087313424407,False,log,-105.85415935516357,0.0399401987705297,0.0225136715412281,0.9507687298165196,0.903961177596918,all_cells,pass,1.01,0,0,425.0,803.0,0,0.0,11,52.233638763427734,p_loo,True,True,True,True
principled_salience_stop_regularized_responsepolicy_boundedform_2x2_inc_static_fixedeps,4,-5292.826969623566,52.16674613952637,105.95831727981567,63.73853835431176,14.32911767635816,False,log,-105.95831727981567,0.0411632697751174,0.0228265824905228,0.9476655960188626,0.898070081877786,all_cells,pass,1.0,0,0,559.0,829.0,0,0.0,10,52.16674613952637,p_loo,True,True,True,True
principled_salience_stop_regularized_responsepolicy_boundedform_2x2_inc_rec_fixedeps,5,-5294.2155084609985,51.60803699493408,107.34685611724854,63.72847356076224,14.386468882942456,False,log,-107.34685611724854,0.0412255795670946,0.0228573026297722,0.9474847128825984,0.8977272811462197,all_cells,pass,1.0,0,0,496.0,606.0,0,0.0,10,51.60803699493408,p_loo,True,True,True,True
