model,rank,elpd_loo,p_loo,elpd_diff,weight,elpd_loo_se,dse,loo_warning,scale,scope,n_points,ppc_r,ppc_r2,ppc_mae,ppc_rmse,slope,intercept,n_parameters,max_r_hat,n_r_hat_gt_1_01,n_r_hat_gt_1_05,min_ess_bulk,min_ess_tail,n_divergent,divergence_rate,diagnostic_status,n_observations,max_pareto_k,mean_pareto_k,n_pareto_k_gt_0_5,n_pareto_k_gt_0_7,n_pareto_k_gt_1_0,frac_pareto_k_gt_0_7,loo_warning_pareto,diagnostics_ok,psis_loo_reliable,loo_interpretation
incremental_recursive,0,-2774.080696582794,64.80538558959961,0.0,0.7317545881045939,44.757035144132885,0.0,True,log,all_cells,6,0.9601815218042624,0.921948554814349,0.0779289713437349,0.0836053678858045,0.2803537838428913,0.4852491852650785,4,1.01,0,0,424.0,887.0,0,0.0,pass,3485,inf,inf,1617,1617,1617,0.4639885222381635,True,True,False,diagnostic_only_bad_pareto_k
incremental_static,1,-2774.137773513794,65.12633895874023,0.0570769309997558,0.0,44.755327449438745,0.177950306605082,True,log,all_cells,6,0.9602555777542032,0.9220907746080588,0.0779543430541943,0.0836170860059135,0.2803329410957676,0.4852159080656495,4,1.01,0,0,400.0,788.0,0,0.0,pass,3485,inf,inf,1619,1617,1617,0.4639885222381635,True,True,False,diagnostic_only_bad_pareto_k
incremental_free_color,3,-2774.9662475585938,66.07903099060059,0.8855509757995605,2.463307335887066e-16,44.72471907350356,1.0799227144846633,True,log,all_cells,6,0.965816751021686,0.9328019965540854,0.0774329812263439,0.0838682014646917,0.2777840659734278,0.4867523388130269,5,1.01,0,0,359.0,350.0,0,0.0,pass,3485,inf,inf,1620,1618,1617,0.4642754662840746,True,True,False,diagnostic_only_bad_pareto_k
incremental_static_free_color,2,-2774.3116636276245,65.73417806625366,0.2309670448303222,0.2682454118954062,44.7120433207537,0.9984881853420908,True,log,all_cells,6,0.9645813793363368,0.9304172373623903,0.0775698334907482,0.083960522448373,0.2772310483831102,0.4870600948287187,5,1.01,0,0,836.0,620.0,0,0.0,pass,3485,inf,inf,1618,1617,1617,0.4639885222381635,True,True,False,diagnostic_only_bad_pareto_k
