model,rank,elpd_loo,p_loo,elpd_diff,elpd_loo_se,dse,loo_warning,scale,delta_elpd_from_best,ppc_rmse,ppc_mae,ppc_r,ppc_r2,ppc_scope,diagnostic_status,max_r_hat,n_r_hat_gt_1_01,n_r_hat_gt_1_05,min_ess_bulk,min_ess_tail,n_divergent,divergence_rate,n_parameters,complexity,complexity_source,diagnostics_ok,complete_objectives,eligible_for_frontier,posterior_pareto_frontier
incremental_recursive,0,-2774.080696582794,64.80538558959961,0.0,44.757035144132885,0.0,True,log,0.0,0.0836053678858045,0.0779289713437349,0.9601815218042624,0.921948554814349,all_cells,pass,1.01,0,0,424.0,887.0,0,0.0,4,64.80538558959961,p_loo,True,True,True,True
incremental_static,1,-2774.137773513794,65.12633895874023,0.0570769309997558,44.755327449438745,0.177950306605082,True,log,-0.05707693099975586,0.0836170860059135,0.0779543430541943,0.9602555777542032,0.9220907746080588,all_cells,pass,1.01,0,0,400.0,788.0,0,0.0,4,65.12633895874023,p_loo,True,True,True,False
incremental_static_free_color,2,-2774.3116636276245,65.73417806625366,0.2309670448303222,44.7120433207537,0.9984881853420908,True,log,-0.23096704483032227,0.083960522448373,0.0775698334907482,0.9645813793363368,0.9304172373623903,all_cells,pass,1.01,0,0,836.0,620.0,0,0.0,5,65.73417806625366,p_loo,True,True,True,False
incremental_free_color,3,-2774.9662475585938,66.07903099060059,0.8855509757995605,44.72471907350356,1.0799227144846633,True,log,-0.8855509757995605,0.0838682014646917,0.0774329812263439,0.965816751021686,0.9328019965540854,all_cells,pass,1.01,0,0,359.0,350.0,0,0.0,5,66.07903099060059,p_loo,True,True,True,False
