model,scope,n_points,r,r2,mae,rmse,slope,intercept
principled_salience_stop_regularized_responsepolicy_boundedform_2x2_glob_rec_fixedeps,all_cells,90,0.9110303685784548,0.8299763324721952,0.03222698712173972,0.0528463002680356,0.8711950717939914,0.008837171711323555
principled_salience_stop_regularized_responsepolicy_boundedform_2x2_glob_rec_fixedeps,nonzero_cells,90,0.9110303685784548,0.8299763324721952,0.03222698712173972,0.0528463002680356,0.8711950717939914,0.008837171711323555
principled_salience_stop_regularized_responsepolicy_boundedform_2x2_glob_static_fixedeps,all_cells,90,0.9110263913860117,0.8299690858018186,0.032314261652942794,0.05279786329746703,0.8678020289610966,0.009061126287003842
principled_salience_stop_regularized_responsepolicy_boundedform_2x2_glob_static_fixedeps,nonzero_cells,90,0.9110263913860117,0.8299690858018186,0.032314261652942794,0.05279786329746703,0.8678020289610966,0.009061126287003842
principled_salience_stop_regularized_responsepolicy_boundedform_2x2_inc_rec_fixedeps,all_cells,90,0.9474847128825983,0.8977272811462197,0.022857302629772255,0.041225579567094627,0.9445268039998562,0.003996726569680671
principled_salience_stop_regularized_responsepolicy_boundedform_2x2_inc_rec_fixedeps,nonzero_cells,90,0.9474847128825983,0.8977272811462197,0.022857302629772255,0.041225579567094627,0.9445268039998562,0.003996726569680671
principled_salience_stop_regularized_responsepolicy_boundedform_2x2_inc_static_fixedeps,all_cells,90,0.9476655960188626,0.898070081877786,0.0228265824905228,0.0411632697751174,0.9451320859485268,0.003956085129525025
principled_salience_stop_regularized_responsepolicy_boundedform_2x2_inc_static_fixedeps,nonzero_cells,90,0.9476655960188626,0.898070081877786,0.0228265824905228,0.0411632697751174,0.9451320859485268,0.003956085129525025
