model,scope,n_points,r,r2,mae,rmse,slope,intercept
incremental_recursive,all_cells,6,0.9601815218042623,0.921948554814349,0.07792897134373493,0.08360536788580454,0.28035378384289134,0.48524918526507854
incremental_recursive,nonzero_cells,6,0.9601815218042623,0.921948554814349,0.07792897134373493,0.08360536788580454,0.28035378384289134,0.48524918526507854
incremental_static,all_cells,6,0.9602555777542033,0.9220907746080589,0.07795434305419431,0.08361708600591357,0.2803329410957676,0.48521590806564957
incremental_static,nonzero_cells,6,0.9602555777542033,0.9220907746080589,0.07795434305419431,0.08361708600591357,0.2803329410957676,0.48521590806564957
planned_usefulness_order,all_cells,6,0.9790927659858174,0.9586226444057586,0.07179708390782184,0.07969597876936103,0.31658293145521366,0.4589438059018513
planned_usefulness_order,nonzero_cells,6,0.9790927659858174,0.9586226444057586,0.07179708390782184,0.07969597876936103,0.31658293145521366,0.4589438059018513
planned_usefulness_order_static,all_cells,6,0.9793019719446476,0.9590323522546754,0.07163476059188352,0.07963118900414819,0.31729753675770833,0.4583821481858017
planned_usefulness_order_static,nonzero_cells,6,0.9793019719446476,0.9590323522546754,0.07163476059188352,0.07963118900414819,0.31729753675770833,0.4583821481858017
