model,rank,elpd_loo,p_loo,elpd_diff,elpd_loo_se,dse,loo_warning,scale,delta_elpd_from_best,ppc_rmse,ppc_mae,ppc_r,ppc_r2,ppc_scope,diagnostic_status,max_r_hat,n_r_hat_gt_1_01,n_r_hat_gt_1_05,min_ess_bulk,min_ess_tail,n_divergent,divergence_rate,n_parameters,complexity,complexity_source,diagnostics_ok,complete_objectives,eligible_for_frontier,posterior_pareto_frontier
planned_usefulness_order_static,0,-2763.4085807800293,64.78146076202393,0.0,44.944114879360264,0.0,True,log,0.0,0.0796311890041481,0.0716347605918835,0.9793019719446476,0.9590323522546754,all_cells,pass,1.01,0,0,239.0,718.0,0,0.0,5,64.78146076202393,p_loo,True,True,True,True
planned_usefulness_order,1,-2764.0637078285217,64.72179079055786,0.6551270484924316,44.924121605741874,0.2662799299338618,True,log,-0.6551270484924316,0.079695978769361,0.0717970839078218,0.9790927659858174,0.9586226444057586,all_cells,pass,1.01,0,0,281.0,620.0,0,0.0,5,64.72179079055786,p_loo,True,True,True,True
incremental_recursive,2,-2774.080696582794,64.80538558959961,10.672115802764893,44.757035144132885,2.848642457713056,True,log,-10.672115802764893,0.0836053678858045,0.0779289713437349,0.9601815218042624,0.921948554814349,all_cells,pass,1.01,0,0,424.0,887.0,0,0.0,4,64.80538558959961,p_loo,True,True,True,False
incremental_static,3,-2774.137773513794,65.12633895874023,10.729192733764648,44.755327449438745,2.853470838427219,True,log,-10.729192733764648,0.0836170860059135,0.0779543430541943,0.9602555777542032,0.9220907746080588,all_cells,pass,1.01,0,0,400.0,788.0,0,0.0,4,65.12633895874023,p_loo,True,True,True,False
