model,rank,elpd_loo,p_loo,elpd_diff,weight,elpd_loo_se,dse,loo_warning,scale,scope,n_points,ppc_r,ppc_r2,ppc_mae,ppc_rmse,slope,intercept,n_parameters,max_r_hat,n_r_hat_gt_1_01,n_r_hat_gt_1_05,min_ess_bulk,min_ess_tail,n_divergent,divergence_rate,diagnostic_status,n_observations,max_pareto_k,mean_pareto_k,n_pareto_k_gt_0_5,n_pareto_k_gt_0_7,n_pareto_k_gt_1_0,frac_pareto_k_gt_0_7,loo_warning_pareto,diagnostics_ok,psis_loo_reliable,loo_interpretation
planned_usefulness_order_static,0,-2763.4085807800293,64.78146076202393,0.0,1.0,44.944114879360264,0.0,True,log,all_cells,6,0.9793019719446476,0.9590323522546754,0.0716347605918835,0.0796311890041481,0.3172975367577083,0.4583821481858017,5,1.01,0,0,239.0,718.0,0,0.0,pass,3485,inf,inf,1618,1617,1617,0.4639885222381635,True,True,False,diagnostic_only_bad_pareto_k
planned_usefulness_order,1,-2764.0637078285217,64.72179079055786,0.6551270484924316,0.0,44.924121605741874,0.2662799299338618,True,log,all_cells,6,0.9790927659858174,0.9586226444057586,0.0717970839078218,0.079695978769361,0.3165829314552136,0.4589438059018513,5,1.01,0,0,281.0,620.0,0,0.0,pass,3485,inf,inf,1624,1617,1617,0.4639885222381635,True,True,False,diagnostic_only_bad_pareto_k
incremental_recursive,2,-2774.080696582794,64.80538558959961,10.672115802764893,1.5543122344752194e-15,44.757035144132885,2.848642457713056,True,log,all_cells,6,0.9601815218042624,0.921948554814349,0.0779289713437349,0.0836053678858045,0.2803537838428913,0.4852491852650785,4,1.01,0,0,424.0,887.0,0,0.0,pass,3485,inf,inf,1617,1617,1617,0.4639885222381635,True,True,False,diagnostic_only_bad_pareto_k
incremental_static,3,-2774.137773513794,65.12633895874023,10.729192733764648,0.0,44.755327449438745,2.853470838427219,True,log,all_cells,6,0.9602555777542032,0.9220907746080588,0.0779543430541943,0.0836170860059135,0.2803329410957676,0.4852159080656495,4,1.01,0,0,400.0,788.0,0,0.0,pass,3485,inf,inf,1619,1617,1617,0.4639885222381635,True,True,False,diagnostic_only_bad_pareto_k
