model,speaker_type,total_heldout_elpd,mean_fold_elpd,se_fold_elpd,n_heldout,n_folds,n_parameters,max_r_hat,n_r_hat_gt_1_01,n_r_hat_gt_1_05,min_ess_bulk,min_ess_tail,n_divergent,n_draws,divergence_rate,diagnostic_status,diagnostics_ok,scope,n_points,ppc_r,ppc_r2,ppc_mae,ppc_rmse,slope,intercept,complete_objectives,eligible_for_frontier,heldout_pareto_frontier
planned_usefulness_signed_order_static,planned_usefulness_signed_order_static,-2764.4097290039062,-552.8819458007813,10.73821701067363,3485,5,139,1.01,0,0,280.0,455.0,0,10000,0.0,pass,True,all_cells,6,0.9792048391209524,0.9588421169578903,0.0717813383474936,0.079803708833968,0.3155613146103706,0.4596557820201464,True,True,True
planned_usefulness_order,planned_usefulness_order,-2765.2147216796875,-553.0429443359375,10.738427579357335,3485,5,139,1.02,1,0,304.0,476.0,0,10000,0.0,warn,True,all_cells,6,0.9790927659858174,0.9586226444057586,0.0717970839078218,0.079695978769361,0.3165829314552136,0.4589438059018513,True,True,True
incremental_recursive,incremental,-2765.744140625,-553.148828125,10.753312005222165,3485,5,138,1.01,0,0,443.0,713.0,0,10000,0.0,pass,True,all_cells,6,0.9601815218042624,0.921948554814349,0.0779289713437349,0.0836053678858045,0.2803537838428913,0.4852491852650785,True,True,True
