color_semvalue,gamma,k
0.5903689,0.65707445,0.70955336
0.58831555,0.57572967,0.694854
0.58846956,0.5823208,0.6610357
0.5904582,0.58446,0.6589219
0.5915583,0.58781296,0.65333927
0.5921782,0.5983492,0.64571184
0.5904932,0.5885644,0.630732
0.5901883,0.5914621,0.627613
0.5898422,0.5744196,0.61738676
0.59250075,0.60002375,0.6121059
