model,scope,n_points,r,r2,mae,rmse,slope,intercept
principled_salience_stop_regularized_responsepolicy_2x2_inc_rec_fixedeps,all_cells,90,0.9083283836833262,0.8250604526047639,0.03187036508149118,0.05371478639762973,0.8734145309090302,0.008674515549676423
principled_salience_stop_regularized_responsepolicy_2x2_inc_rec_fixedeps,nonzero_cells,90,0.9083283836833262,0.8250604526047639,0.03187036508149118,0.05371478639762973,0.8734145309090302,0.008674515549676423
principled_salience_stop_regularized_responsepolicy_2x2_inc_static_fixedeps,all_cells,90,0.9081212915084895,0.824684280091047,0.03186152299617219,0.05379110219614551,0.874116136213028,0.00863633119433612
principled_salience_stop_regularized_responsepolicy_2x2_inc_static_fixedeps,nonzero_cells,90,0.9081212915084895,0.824684280091047,0.03186152299617219,0.05379110219614551,0.874116136213028,0.00863633119433612
principled_salience_stop_regularized_responsepolicy_boundedform_2x2_inc_rec_fixedeps,all_cells,90,0.9474847128825983,0.8977272811462197,0.022857302629772255,0.041225579567094627,0.9445268039998562,0.003996726569680671
principled_salience_stop_regularized_responsepolicy_boundedform_2x2_inc_rec_fixedeps,nonzero_cells,90,0.9474847128825983,0.8977272811462197,0.022857302629772255,0.041225579567094627,0.9445268039998562,0.003996726569680671
principled_salience_stop_regularized_responsepolicy_boundedform_2x2_inc_static_fixedeps,all_cells,90,0.9476655960188626,0.898070081877786,0.0228265824905228,0.0411632697751174,0.9451320859485268,0.003956085129525025
principled_salience_stop_regularized_responsepolicy_boundedform_2x2_inc_static_fixedeps,nonzero_cells,90,0.9476655960188626,0.898070081877786,0.0228265824905228,0.0411632697751174,0.9451320859485268,0.003956085129525025
