,rank,elpd_loo,p_loo,elpd_diff,weight,se,dse,warning,scale
incremental_recursive,0,-6985.294758796692,69.32713890075684,0.0,0.0,55.85592871263777,0.0,False,log
incremental_static,1,-7000.852927207947,70.66863965988159,15.558168411254883,0.0,55.74548431165977,1.5419859697661742,False,log
global_recursive,2,-7728.099378585815,22.921889781951904,742.8046197891235,0.0,37.74315979587306,44.96617943446439,False,log
global_static,3,-7738.4765729904175,21.05887222290039,753.1818141937256,0.0,37.36866942741638,44.75445735282038,False,log
