relevant_property,sharpness,emp_mean,n,pred_mean_incremental,pred_lo_incremental,pred_hi_incremental,pred_mean_global,pred_lo_global,pred_hi_global,pred_mean_inc_hier,pred_lo_inc_hier,pred_hi_inc_hier,pred_mean_global_hier,pred_lo_global_hier,pred_hi_global_hier
both,blurred,0.7456020075441603,598,0.672006,0.6411778464913368,0.7025025010108947,0.6793999,0.6488825812935829,0.7099601060152054,0.6748554,0.6437256321310997,0.7057712078094482,0.6777368,0.6462280482053757,0.7085236117243767
both,sharp,0.7039198614267522,574,0.6891452,0.6584917962551117,0.7197602853178978,0.67920405,0.6481931746006012,0.7101042479276657,0.6877057,0.6552718549966812,0.719573587179184,0.683234,0.6515338569879532,0.7146237403154373
first,blurred,0.8004220194738666,545,0.7174254,0.6856795206665993,0.749169647693634,0.67887014,0.6465790256857872,0.7106144726276398,0.7169727,0.6853689566254616,0.7490249469876289,0.6782532,0.645898862183094,0.7114268213510514
first,sharp,0.8430052735958975,569,0.7301363,0.6985975235700608,0.7614676222205162,0.6791748,0.6470105573534966,0.7107694700360299,0.7260523,0.6940724864602089,0.7571028307080269,0.6838882,0.6515133038163186,0.7149127826094628
second,blurred,0.5622611471576391,628,0.63355565,0.6015737563371658,0.6661007449030877,0.6792775,0.6472244471311569,0.7091374829411506,0.639812,0.6070455595850944,0.6724824026226998,0.677437,0.6454184129834175,0.7083929046988487
second,sharp,0.5434676018329876,571,0.638089,0.6055968403816223,0.6722802877426147,0.6792675,0.6490107163786888,0.7109677895903588,0.64208895,0.6077149838209153,0.6766993641853333,0.68359953,0.6507578998804092,0.717239747941494
