model,combination,relevant_property,sharpness,summary_type,category,observed_proportion,predicted_mean,predicted_q025,predicted_q975,observation_count,posterior_predictive_draws
Global,color_form,both,blurred,Exact response,D,0.003703703703703704,0.002634722222222222,0.0,0.007407407407407408,540,4000
Global,color_form,both,blurred,Exact response,DC,0.025925925925925925,0.031705555555555556,0.018518518518518517,0.04814814814814815,540,4000
Global,color_form,both,blurred,Exact response,DCF,0.08148148148148149,0.12266388888888888,0.0962962962962963,0.15,540,4000
Global,color_form,both,blurred,Exact response,DF,0.022222222222222223,0.11281435185185186,0.08703703703703704,0.13893518518518536,540,4000
Global,color_form,both,blurred,Exact response,DFC,0.011111111111111112,0.05397083333333333,0.03518518518518519,0.07222222222222222,540,4000
Global,color_form,both,blurred,Exact response,C,0.007407407407407408,0.06283379629629629,0.04259259259259259,0.08333333333333333,540,4000
Global,color_form,both,blurred,Exact response,CD,0.0,0.0007342592592592592,0.0,0.003703703703703704,540,4000
Global,color_form,both,blurred,Exact response,CDF,0.007407407407407408,0.007713888888888889,0.001851851851851852,0.016666666666666666,540,4000
Global,color_form,both,blurred,Exact response,CF,0.7592592592592593,0.3480486111111111,0.3074074074074074,0.3888888888888889,540,4000
Global,color_form,both,blurred,Exact response,CFD,0.003703703703703704,0.0036393518518518515,0.0,0.009259259259259259,540,4000
Global,color_form,both,blurred,Exact response,F,0.012962962962962963,0.14205601851851854,0.11481481481481481,0.17407407407407408,540,4000
Global,color_form,both,blurred,Exact response,FD,0.001851851851851852,0.0010814814814814814,0.0,0.003703703703703704,540,4000
Global,color_form,both,blurred,Exact response,FDC,0.0,0.0044365740740740746,0.0,0.011111111111111112,540,4000
Global,color_form,both,blurred,Exact response,FC,0.06296296296296296,0.10403333333333332,0.07962962962962963,0.12962962962962962,540,4000
Global,color_form,both,blurred,Exact response,FCD,0.0,0.0016333333333333332,0.0,0.005555555555555556,540,4000
Global,color_form,both,blurred,Response length,1,0.024074074074074074,0.20752453703703702,0.17407407407407408,0.24259259259259258,540,4000
Global,color_form,both,blurred,Response length,2,0.8722222222222222,0.5984175925925925,0.5537037037037037,0.6389351851851853,540,4000
Global,color_form,both,blurred,Response length,3,0.1037037037037037,0.1940578703703704,0.16296296296296298,0.22592592592592592,540,4000
Global,color_form,both,blurred,Initial adjective,D,0.14444444444444443,0.32378935185185187,0.28888888888888886,0.3592592592592593,540,4000
Global,color_form,both,blurred,Initial adjective,C,0.7777777777777778,0.42296990740740736,0.3814814814814815,0.46296296296296297,540,4000
Global,color_form,both,blurred,Initial adjective,F,0.07777777777777778,0.25324074074074077,0.21851851851851853,0.28893518518518535,540,4000
Global,color_form,both,sharp,Exact response,D,0.0041928721174004195,0.003273060796645703,0.0,0.008385744234800839,477,4000
Global,color_form,both,sharp,Exact response,DC,0.014675052410901468,0.025872117400419285,0.012578616352201259,0.039832285115303984,477,4000
Global,color_form,both,sharp,Exact response,DCF,0.1090146750524109,0.08596540880503144,0.06289308176100629,0.1111111111111111,477,4000
Global,color_form,both,sharp,Exact response,DF,0.050314465408805034,0.08588050314465409,0.06289308176100629,0.1111111111111111,477,4000
Global,color_form,both,sharp,Exact response,DFC,0.023060796645702306,0.04166509433962264,0.025157232704402517,0.06079664570230608,477,4000
Global,color_form,both,sharp,Exact response,C,0.0020964360587002098,0.07834800838574424,0.05450733752620545,0.10272536687631027,477,4000
Global,color_form,both,sharp,Exact response,CD,0.0,0.0009392033542976939,0.0,0.0041928721174004195,477,4000
Global,color_form,both,sharp,Exact response,CDF,0.0020964360587002098,0.008219077568134172,0.0020964360587002098,0.016771488469601678,477,4000
Global,color_form,both,sharp,Exact response,CF,0.7253668763102725,0.3616446540880503,0.31865828092243187,0.40461215932914046,477,4000
Global,color_form,both,sharp,Exact response,CFD,0.0,0.004369496855345913,0.0,0.010482180293501049,477,4000
Global,color_form,both,sharp,Exact response,F,0.0041928721174004195,0.17460115303983226,0.14046121593291405,0.20964360587002095,477,4000
Global,color_form,both,sharp,Exact response,FD,0.0,0.0013957023060796646,0.0,0.006289308176100629,477,4000
Global,color_form,both,sharp,Exact response,FDC,0.0,0.005077044025157233,0.0,0.012578616352201259,477,4000
Global,color_form,both,sharp,Exact response,FC,0.0649895178197065,0.12073846960167714,0.09224318658280922,0.1509433962264151,477,4000
Global,color_form,both,sharp,Exact response,FCD,0.0,0.0020110062893081765,0.0,0.006289308176100629,477,4000
Global,color_form,both,sharp,Response length,1,0.010482180293501049,0.2562222222222223,0.2180293501048218,0.29559748427672955,477,4000
Global,color_form,both,sharp,Response length,2,0.8553459119496856,0.5964706498951782,0.5513626834381551,0.6415094339622641,477,4000
Global,color_form,both,sharp,Response length,3,0.13417190775681342,0.14730712788259956,0.11740041928721175,0.17819706498951782,477,4000
Global,color_form,both,sharp,Initial adjective,D,0.20125786163522014,0.2426561844863732,0.20964360587002095,0.27672955974842767,477,4000
Global,color_form,both,sharp,Initial adjective,C,0.7295597484276729,0.45352044025157234,0.4109014675052411,0.4968553459119497,477,4000
Global,color_form,both,sharp,Initial adjective,F,0.06918238993710692,0.3038233752620545,0.2640985324947589,0.34591194968553457,477,4000
Global,color_form,first,blurred,Exact response,D,0.005555555555555556,0.0024106481481481483,0.0,0.007407407407407408,540,4000
Global,color_form,first,blurred,Exact response,DC,0.016666666666666666,0.11298611111111112,0.08703703703703704,0.14074074074074075,540,4000
Global,color_form,first,blurred,Exact response,DCF,0.05185185185185185,0.02134398148148148,0.011111111111111112,0.03518518518518519,540,4000
Global,color_form,first,blurred,Exact response,DF,0.007407407407407408,0.006372222222222223,0.0,0.012962962962962963,540,4000
Global,color_form,first,blurred,Exact response,DFC,0.009259259259259259,0.008825925925925926,0.001851851851851852,0.016666666666666666,540,4000
Global,color_form,first,blurred,Exact response,C,0.6314814814814815,0.7880356481481482,0.7518518518518519,0.8222222222222222,540,4000
Global,color_form,first,blurred,Exact response,CD,0.0,0.001975,0.0,0.007407407407407408,540,4000
Global,color_form,first,blurred,Exact response,CDF,0.007407407407407408,0.0014157407407407408,0.0,0.005555555555555556,540,4000
Global,color_form,first,blurred,Exact response,CF,0.2518518518518518,0.039077777777777774,0.024074074074074074,0.05555555555555555,540,4000
Global,color_form,first,blurred,Exact response,CFD,0.0,0.0007074074074074072,0.0,0.003703703703703704,540,4000
Global,color_form,first,blurred,Exact response,F,0.0,0.0041513888888888885,0.0,0.011111111111111112,540,4000
Global,color_form,first,blurred,Exact response,FD,0.0,0.0002439814814814815,0.0,0.001851851851851852,540,4000
Global,color_form,first,blurred,Exact response,FDC,0.001851851851851852,0.0008078703703703703,0.0,0.003703703703703704,540,4000
Global,color_form,first,blurred,Exact response,FC,0.016666666666666666,0.011233796296296294,0.003703703703703704,0.020370370370370372,540,4000
Global,color_form,first,blurred,Exact response,FCD,0.0,0.0004125,0.0,0.001851851851851852,540,4000
Global,color_form,first,blurred,Response length,1,0.6370370370370371,0.7945976851851853,0.7610648148148148,0.8277777777777777,540,4000
Global,color_form,first,blurred,Response length,2,0.29259259259259257,0.1718888888888889,0.14074074074074075,0.20555555555555555,540,4000
Global,color_form,first,blurred,Response length,3,0.07037037037037037,0.03351342592592593,0.02032407407407409,0.04814814814814815,540,4000
Global,color_form,first,blurred,Initial adjective,D,0.09074074074074075,0.15193888888888893,0.12222222222222222,0.18333333333333332,540,4000
Global,color_form,first,blurred,Initial adjective,C,0.8907407407407407,0.8312115740740741,0.7981481481481482,0.8629629629629629,540,4000
Global,color_form,first,blurred,Initial adjective,F,0.018518518518518517,0.016849537037037038,0.007407407407407408,0.027777777777777776,540,4000
Global,color_form,first,sharp,Exact response,D,0.008385744234800839,0.002905660377358491,0.0,0.008385744234800839,477,4000
Global,color_form,first,sharp,Exact response,DC,0.010482180293501049,0.08229245283018868,0.05870020964360587,0.1069182389937107,477,4000
Global,color_form,first,sharp,Exact response,DCF,0.031446540880503145,0.012876310272536688,0.0041928721174004195,0.023060796645702306,477,4000
Global,color_form,first,sharp,Exact response,DF,0.010482180293501049,0.004334381551362684,0.0,0.010482180293501049,477,4000
Global,color_form,first,sharp,Exact response,DFC,0.008385744234800839,0.005869496855345912,0.0,0.012578616352201259,477,4000
Global,color_form,first,sharp,Exact response,C,0.6918238993710691,0.8333825995807128,0.7987421383647799,0.8658280922431866,477,4000
Global,color_form,first,sharp,Exact response,CD,0.0,0.0025539832285115306,0.0,0.008385744234800839,477,4000
Global,color_form,first,sharp,Exact response,CDF,0.014675052410901468,0.0013820754716981135,0.0,0.006289308176100629,477,4000
Global,color_form,first,sharp,Exact response,CF,0.20335429769392033,0.0360691823899371,0.020964360587002098,0.05450733752620545,477,4000
Global,color_form,first,sharp,Exact response,CFD,0.0,0.0008238993710691824,0.0,0.0041928721174004195,477,4000
Global,color_form,first,sharp,Exact response,F,0.0,0.0043705450733752624,0.0,0.010482180293501049,477,4000
Global,color_form,first,sharp,Exact response,FD,0.0,0.00025209643605870026,0.0,0.0020964360587002098,477,4000
Global,color_form,first,sharp,Exact response,FDC,0.0,0.0007987421383647799,0.0,0.0041928721174004195,477,4000
Global,color_form,first,sharp,Exact response,FC,0.020964360587002098,0.011627358490566038,0.0041928721174004195,0.020964360587002098,477,4000
Global,color_form,first,sharp,Exact response,FCD,0.0,0.00046121593291404615,0.0,0.0020964360587002098,477,4000
Global,color_form,first,sharp,Response length,1,0.70020964360587,0.8406588050314466,0.8071278825995807,0.8721174004192872,477,4000
Global,color_form,first,sharp,Response length,2,0.24528301886792453,0.13712945492662473,0.1069182389937107,0.16771488469601678,477,4000
Global,color_form,first,sharp,Response length,3,0.05450733752620545,0.02221174004192872,0.010482180293501049,0.03563941299790356,477,4000
Global,color_form,first,sharp,Initial adjective,D,0.06918238993710692,0.10827830188679244,0.0838050314465409,0.13626834381551362,477,4000
Global,color_form,first,sharp,Initial adjective,C,0.909853249475891,0.8742117400419287,0.8448637316561844,0.9014675052410901,477,4000
Global,color_form,first,sharp,Initial adjective,F,0.020964360587002098,0.01750995807127883,0.006289308176100629,0.029350104821802937,477,4000
Global,color_form,second,blurred,Exact response,D,0.0,0.000996759259259259,0.0,0.003703703703703704,540,4000
Global,color_form,second,blurred,Exact response,DC,0.0,0.005233333333333334,0.0,0.012962962962962963,540,4000
Global,color_form,second,blurred,Exact response,DCF,0.04259259259259259,0.049527777777777775,0.03148148148148148,0.06851851851851852,540,4000
Global,color_form,second,blurred,Exact response,DF,0.016666666666666666,0.10055185185185185,0.07592592592592592,0.1259259259259259,540,4000
Global,color_form,second,blurred,Exact response,DFC,0.009259259259259259,0.023617592592592593,0.012962962962962963,0.037037037037037035,540,4000
Global,color_form,second,blurred,Exact response,C,0.001851851851851852,0.007606018518518519,0.001851851851851852,0.014814814814814815,540,4000
Global,color_form,second,blurred,Exact response,CD,0.0,0.0002606481481481482,0.0,0.001851851851851852,540,4000
Global,color_form,second,blurred,Exact response,CDF,0.0,0.0029949074074074075,0.0,0.009259259259259259,540,4000
Global,color_form,second,blurred,Exact response,CF,0.21481481481481482,0.11157916666666666,0.08518518518518518,0.1388888888888889,540,4000
Global,color_form,second,blurred,Exact response,CFD,0.001851851851851852,0.001486574074074074,0.0,0.005555555555555556,540,4000
Global,color_form,second,blurred,Exact response,F,0.6722222222222223,0.6532949074074075,0.6147685185185185,0.6944444444444444,540,4000
Global,color_form,second,blurred,Exact response,FD,0.001851851851851852,0.0010069444444444442,0.0,0.003703703703703704,540,4000
Global,color_form,second,blurred,Exact response,FDC,0.0,0.0019805555555555557,0.0,0.007407407407407408,540,4000
Global,color_form,second,blurred,Exact response,FC,0.03888888888888889,0.03907962962962964,0.024074074074074074,0.05555555555555555,540,4000
Global,color_form,second,blurred,Exact response,FCD,0.0,0.0007833333333333333,0.0,0.003703703703703704,540,4000
Global,color_form,second,blurred,Response length,1,0.674074074074074,0.6618976851851852,0.6240740740740741,0.7000462962962964,540,4000
Global,color_form,second,blurred,Response length,2,0.2722222222222222,0.2577115740740741,0.22037037037037038,0.29444444444444445,540,4000
Global,color_form,second,blurred,Response length,3,0.053703703703703705,0.08039074074074073,0.05925925925925926,0.1037037037037037,540,4000
Global,color_form,second,blurred,Initial adjective,D,0.06851851851851852,0.17992731481481483,0.15,0.2111111111111111,540,4000
Global,color_form,second,blurred,Initial adjective,C,0.21851851851851853,0.12392731481481482,0.0962962962962963,0.1537037037037037,540,4000
Global,color_form,second,blurred,Initial adjective,F,0.7129629629629629,0.6961453703703703,0.6574074074074074,0.7333333333333333,540,4000
Global,color_form,second,sharp,Exact response,D,0.0,0.001656184486373166,0.0,0.006289308176100629,477,4000
Global,color_form,second,sharp,Exact response,DC,0.0,0.006030922431865829,0.0,0.014675052410901468,477,4000
Global,color_form,second,sharp,Exact response,DCF,0.020964360587002098,0.0429643605870021,0.025157232704402517,0.06079664570230608,477,4000
Global,color_form,second,sharp,Exact response,DF,0.033542976939203356,0.10945387840670859,0.08176100628930817,0.13836477987421383,477,4000
Global,color_form,second,sharp,Exact response,DFC,0.006289308176100629,0.02282389937106918,0.010482180293501049,0.03773584905660377,477,4000
Global,color_form,second,sharp,Exact response,C,0.0,0.007778825995807128,0.0,0.016771488469601678,477,4000
Global,color_form,second,sharp,Exact response,CD,0.0,0.0003118448637316562,0.0,0.0020964360587002098,477,4000
Global,color_form,second,sharp,Exact response,CDF,0.0041928721174004195,0.003848008385744235,0.0,0.010482180293501049,477,4000
Global,color_form,second,sharp,Exact response,CF,0.16771488469601678,0.09337631027253669,0.06918238993710692,0.11949685534591195,477,4000
Global,color_form,second,sharp,Exact response,CFD,0.0,0.0019816561844863733,0.0,0.006289308176100629,477,4000
Global,color_form,second,sharp,Exact response,F,0.7379454926624738,0.6667216981132076,0.6247379454926625,0.7085953878406709,477,4000
Global,color_form,second,sharp,Exact response,FD,0.0,0.001566037735849057,0.0,0.006289308176100629,477,4000
Global,color_form,second,sharp,Exact response,FDC,0.006289308176100629,0.0027044025157232712,0.0,0.008385744234800839,477,4000
Global,color_form,second,sharp,Exact response,FC,0.023060796645702306,0.037775681341719075,0.020964360587002098,0.05660377358490566,477,4000
Global,color_form,second,sharp,Exact response,FCD,0.0,0.0010062893081761008,0.0,0.0041928721174004195,477,4000
Global,color_form,second,sharp,Response length,1,0.7379454926624738,0.6761567085953878,0.6352201257861635,0.7169811320754716,477,4000
Global,color_form,second,sharp,Response length,2,0.22431865828092243,0.2485146750524109,0.20964360587002095,0.2872641509433964,477,4000
Global,color_form,second,sharp,Response length,3,0.03773584905660377,0.07532861635220127,0.05241090146750524,0.09858490566037754,477,4000
Global,color_form,second,sharp,Initial adjective,D,0.06079664570230608,0.18292924528301888,0.1488469601677149,0.21593291404612158,477,4000
Global,color_form,second,sharp,Initial adjective,C,0.1719077568134172,0.10729664570230608,0.07966457023060797,0.13626834381551362,477,4000
Global,color_form,second,sharp,Initial adjective,F,0.7672955974842768,0.7097741090146751,0.6708595387840671,0.750524109014675,477,4000
Global,dimension_color,both,blurred,Exact response,D,0.0,0.00298747680890538,0.0,0.00927643784786642,539,4000
Global,dimension_color,both,blurred,Exact response,DC,0.06679035250463822,0.03922077922077922,0.02411873840445269,0.055658627087198514,539,4000
Global,dimension_color,both,blurred,Exact response,DCF,0.313543599257885,0.18864610389610387,0.15584415584415584,0.22263450834879406,539,4000
Global,dimension_color,both,blurred,Exact response,DF,0.08163265306122448,0.18258024118738406,0.150278293135436,0.21706864564007422,539,4000
Global,dimension_color,both,blurred,Exact response,DFC,0.029684601113172542,0.07417625231910946,0.05380333951762523,0.09647495361781076,539,4000
Global,dimension_color,both,blurred,Exact response,C,0.00927643784786642,0.037494897959183676,0.022263450834879406,0.05380333951762523,539,4000
Global,dimension_color,both,blurred,Exact response,CD,0.0055658627087198514,0.000698051948051948,0.0,0.0037105751391465678,539,4000
Global,dimension_color,both,blurred,Exact response,CDF,0.05194805194805195,0.01074443413729128,0.0037105751391465678,0.02040816326530612,539,4000
Global,dimension_color,both,blurred,Exact response,CF,0.2764378478664193,0.24812847866419296,0.21150278293135436,0.287569573283859,539,4000
Global,dimension_color,both,blurred,Exact response,CFD,0.0037105751391465678,0.0037393320964749536,0.0,0.00927643784786642,539,4000
Global,dimension_color,both,blurred,Exact response,F,0.11873840445269017,0.12442439703153989,0.09647495361781076,0.15217996289424876,539,4000
Global,dimension_color,both,blurred,Exact response,FD,0.0018552875695732839,0.0013529684601113173,0.0,0.0055658627087198514,539,4000
Global,dimension_color,both,blurred,Exact response,FDC,0.0037105751391465678,0.005448979591836734,0.0,0.012987012987012988,539,4000
Global,dimension_color,both,blurred,Exact response,FC,0.03710575139146568,0.07866280148423006,0.0575139146567718,0.10204081632653061,539,4000
Global,dimension_color,both,blurred,Exact response,FCD,0.0,0.001694805194805195,0.0,0.0055658627087198514,539,4000
Global,dimension_color,both,blurred,Response length,1,0.1280148423005566,0.16490677179962893,0.13358070500927643,0.19666048237476808,539,4000
Global,dimension_color,both,blurred,Response length,2,0.46938775510204084,0.5506433209647494,0.5064935064935064,0.5936920222634509,539,4000
Global,dimension_color,both,blurred,Response length,3,0.4025974025974026,0.28444990723562147,0.24675324675324675,0.3228200371057514,539,4000
Global,dimension_color,both,blurred,Initial adjective,D,0.49165120593692024,0.487610853432282,0.4452690166975881,0.5324675324675324,539,4000
Global,dimension_color,both,blurred,Initial adjective,C,0.3469387755102041,0.3008051948051948,0.26159554730983303,0.34137291280148424,539,4000
Global,dimension_color,both,blurred,Initial adjective,F,0.1614100185528757,0.21158395176252318,0.17810760667903525,0.24675324675324675,539,4000
Global,dimension_color,both,sharp,Exact response,D,0.0,0.005522584033613447,0.0,0.012605042016806723,476,4000
Global,dimension_color,both,sharp,Exact response,DC,0.19747899159663865,0.04685976890756302,0.029411764705882353,0.06722689075630252,476,4000
Global,dimension_color,both,sharp,Exact response,DCF,0.30462184873949577,0.19190126050420167,0.15546218487394958,0.22899159663865545,476,4000
Global,dimension_color,both,sharp,Exact response,DF,0.11134453781512606,0.20886922268907562,0.1722689075630252,0.24579831932773108,476,4000
Global,dimension_color,both,sharp,Exact response,DFC,0.031512605042016806,0.08002415966386553,0.05672268907563025,0.10504201680672269,476,4000
Global,dimension_color,both,sharp,Exact response,C,0.0,0.0380703781512605,0.02100840336134454,0.05672268907563025,476,4000
Global,dimension_color,both,sharp,Exact response,CD,0.008403361344537815,0.0010315126050420168,0.0,0.004201680672268907,476,4000
Global,dimension_color,both,sharp,Exact response,CDF,0.029411764705882353,0.014368172268907563,0.004201680672268907,0.025210084033613446,476,4000
Global,dimension_color,both,sharp,Exact response,CF,0.20378151260504201,0.19741596638655465,0.16176470588235295,0.23529411764705882,476,4000
Global,dimension_color,both,sharp,Exact response,CFD,0.004201680672268907,0.004970063025210084,0.0,0.012605042016806723,476,4000
Global,dimension_color,both,sharp,Exact response,F,0.08403361344537816,0.12890756302521006,0.10084033613445378,0.15966386554621848,476,4000
Global,dimension_color,both,sharp,Exact response,FD,0.0,0.002167542016806723,0.0,0.0063025210084033615,476,4000
Global,dimension_color,both,sharp,Exact response,FDC,0.0,0.007237920168067228,0.0,0.01680672268907563,476,4000
Global,dimension_color,both,sharp,Exact response,FC,0.023109243697478993,0.07032405462184874,0.04831932773109244,0.09453781512605042,476,4000
Global,dimension_color,both,sharp,Exact response,FCD,0.0021008403361344537,0.002329831932773109,0.0,0.008403361344537815,476,4000
Global,dimension_color,both,sharp,Response length,1,0.08403361344537816,0.17250052521008402,0.13865546218487396,0.20798319327731093,476,4000
Global,dimension_color,both,sharp,Response length,2,0.5441176470588235,0.5266680672268906,0.4810924369747899,0.5735294117647058,476,4000
Global,dimension_color,both,sharp,Response length,3,0.37184873949579833,0.30083140756302523,0.25840336134453784,0.3445378151260504,476,4000
Global,dimension_color,both,sharp,Initial adjective,D,0.6449579831932774,0.5331769957983192,0.4852941176470588,0.5798319327731093,476,4000
Global,dimension_color,both,sharp,Initial adjective,C,0.24579831932773108,0.25585609243697477,0.21638655462184875,0.296218487394958,476,4000
Global,dimension_color,both,sharp,Initial adjective,F,0.1092436974789916,0.21096691176470592,0.17436974789915966,0.25,476,4000
Global,dimension_color,first,blurred,Exact response,D,0.058823529411764705,0.025595825426944968,0.013282732447817837,0.03984819734345351,527,4000
Global,dimension_color,first,blurred,Exact response,DC,0.04364326375711575,0.028950189753320678,0.015180265654648957,0.04364326375711575,527,4000
Global,dimension_color,first,blurred,Exact response,DCF,0.3055028462998102,0.16535104364326378,0.13282732447817835,0.19734345351043645,527,4000
Global,dimension_color,first,blurred,Exact response,DF,0.3510436432637571,0.4068842504743833,0.3586337760910816,0.45540796963946867,527,4000
Global,dimension_color,first,blurred,Exact response,DFC,0.03415559772296015,0.0808534155597723,0.058823529411764705,0.1062618595825427,527,4000
Global,dimension_color,first,blurred,Exact response,C,0.0056925996204933585,0.0130488614800759,0.003795066413662239,0.022817836812144384,527,4000
Global,dimension_color,first,blurred,Exact response,CD,0.0018975332068311196,0.0005441176470588236,0.0,0.003795066413662239,527,4000
Global,dimension_color,first,blurred,Exact response,CDF,0.03984819734345351,0.008299810246679317,0.0018975332068311196,0.017077798861480076,527,4000
Global,dimension_color,first,blurred,Exact response,CF,0.08918406072106262,0.10581166982922201,0.07969639468690702,0.13282732447817835,527,4000
Global,dimension_color,first,blurred,Exact response,CFD,0.0,0.0031285578747628083,0.0,0.009487666034155597,527,4000
Global,dimension_color,first,blurred,Exact response,F,0.03795066413662239,0.11083586337760912,0.08349146110056926,0.13851992409867173,527,4000
Global,dimension_color,first,blurred,Exact response,FD,0.007590132827324478,0.0027656546489563567,0.0,0.007590132827324478,527,4000
Global,dimension_color,first,blurred,Exact response,FDC,0.003795066413662239,0.0056129032258064515,0.0,0.013282732447817837,527,4000
Global,dimension_color,first,blurred,Exact response,FC,0.017077798861480076,0.040760436432637576,0.024667931688804556,0.058823529411764705,527,4000
Global,dimension_color,first,blurred,Exact response,FCD,0.003795066413662239,0.0015574003795066412,0.0,0.0056925996204933585,527,4000
Global,dimension_color,first,blurred,Response length,1,0.10246679316888045,0.14948055028463,0.11954459203036052,0.18216318785578747,527,4000
Global,dimension_color,first,blurred,Response length,2,0.5104364326375711,0.5857163187855787,0.538899430740038,0.6318785578747628,527,4000
Global,dimension_color,first,blurred,Response length,3,0.3870967741935484,0.26480313092979135,0.2239089184060721,0.3036053130929791,527,4000
Global,dimension_color,first,blurred,Initial adjective,D,0.793168880455408,0.707634724857685,0.6679316888045541,0.7476280834914611,527,4000
Global,dimension_color,first,blurred,Initial adjective,C,0.1366223908918406,0.13083301707779885,0.10246679316888045,0.16129032258064516,527,4000
Global,dimension_color,first,blurred,Initial adjective,F,0.07020872865275142,0.16153225806451615,0.13092979127134724,0.1954459203036053,527,4000
Global,dimension_color,first,sharp,Exact response,D,0.27157894736842103,0.2539142105263158,0.21052631578947367,0.29894736842105263,475,4000
Global,dimension_color,first,sharp,Exact response,DC,0.04421052631578947,0.03308526315789473,0.018894736842105284,0.05052631578947368,475,4000
Global,dimension_color,first,sharp,Exact response,DCF,0.1936842105263158,0.13295473684210526,0.10105263157894737,0.16631578947368422,475,4000
Global,dimension_color,first,sharp,Exact response,DF,0.23157894736842105,0.3335942105263158,0.28421052631578947,0.38321052631578967,475,4000
Global,dimension_color,first,sharp,Exact response,DFC,0.023157894736842106,0.07146473684210526,0.04842105263157895,0.0968421052631579,475,4000
Global,dimension_color,first,sharp,Exact response,C,0.0,0.008158947368421054,0.002105263157894737,0.016842105263157894,475,4000
Global,dimension_color,first,sharp,Exact response,CD,0.0,0.0007505263157894737,0.0,0.004210526315789474,475,4000
Global,dimension_color,first,sharp,Exact response,CDF,0.018947368421052633,0.00897157894736842,0.002105263157894737,0.018947368421052633,475,4000
Global,dimension_color,first,sharp,Exact response,CF,0.09894736842105263,0.04953842105263158,0.031578947368421054,0.06947368421052631,475,4000
Global,dimension_color,first,sharp,Exact response,CFD,0.002105263157894737,0.003641052631578947,0.0,0.010526315789473684,475,4000
Global,dimension_color,first,sharp,Exact response,F,0.1031578947368421,0.07052526315789474,0.04842105263157895,0.09473684210526316,475,4000
Global,dimension_color,first,sharp,Exact response,FD,0.002105263157894737,0.0034936842105263155,0.0,0.010526315789473684,475,4000
Global,dimension_color,first,sharp,Exact response,FDC,0.0,0.006251052631578947,0.0,0.014736842105263158,475,4000
Global,dimension_color,first,sharp,Exact response,FC,0.010526315789473684,0.021736315789473687,0.010526315789473684,0.035789473684210524,475,4000
Global,dimension_color,first,sharp,Exact response,FCD,0.0,0.0019199999999999998,0.0,0.00631578947368421,475,4000
Global,dimension_color,first,sharp,Response length,1,0.37473684210526315,0.3325984210526316,0.28421052631578947,0.37894736842105264,475,4000
Global,dimension_color,first,sharp,Response length,2,0.3873684210526316,0.44219842105263163,0.391578947368421,0.49473684210526314,475,4000
Global,dimension_color,first,sharp,Response length,3,0.23789473684210527,0.22520315789473683,0.18526315789473685,0.26526315789473687,475,4000
Global,dimension_color,first,sharp,Initial adjective,D,0.7642105263157895,0.8250131578947368,0.7894736842105263,0.8589473684210527,475,4000
Global,dimension_color,first,sharp,Initial adjective,C,0.12,0.07106052631578948,0.04842105263157895,0.09473684210526316,475,4000
Global,dimension_color,first,sharp,Initial adjective,F,0.11578947368421053,0.10392631578947367,0.07789473684210527,0.13263157894736843,475,4000
Global,dimension_color,second,blurred,Exact response,D,0.0,0.002667592592592593,0.0,0.007407407407407408,540,4000
Global,dimension_color,second,blurred,Exact response,DC,0.0,0.07117407407407407,0.05,0.09444444444444444,540,4000
Global,dimension_color,second,blurred,Exact response,DCF,0.027777777777777776,0.03212824074074074,0.018518518518518517,0.04814814814814815,540,4000
Global,dimension_color,second,blurred,Exact response,DF,0.0,0.016064351851851854,0.005555555555555556,0.027777777777777776,540,4000
Global,dimension_color,second,blurred,Exact response,DFC,0.014814814814814815,0.013281944444444445,0.005555555555555556,0.024074074074074074,540,4000
Global,dimension_color,second,blurred,Exact response,C,0.6148148148148148,0.7336541666666667,0.6962962962962963,0.7703703703703704,540,4000
Global,dimension_color,second,blurred,Exact response,CD,0.0,0.0014180555555555556,0.0,0.005555555555555556,540,4000
Global,dimension_color,second,blurred,Exact response,CDF,0.005555555555555556,0.0022180555555555556,0.0,0.007407407407407408,540,4000
Global,dimension_color,second,blurred,Exact response,CF,0.27037037037037037,0.08486157407407408,0.06111111111111111,0.10930555555555573,540,4000
Global,dimension_color,second,blurred,Exact response,CFD,0.0,0.0010212962962962964,0.0,0.003703703703703704,540,4000
Global,dimension_color,second,blurred,Exact response,F,0.046296296296296294,0.015609722222222221,0.005555555555555556,0.027777777777777776,540,4000
Global,dimension_color,second,blurred,Exact response,FD,0.0,0.0003060185185185185,0.0,0.001851851851851852,540,4000
Global,dimension_color,second,blurred,Exact response,FDC,0.0,0.0011393518518518517,0.0,0.005555555555555556,540,4000
Global,dimension_color,second,blurred,Exact response,FC,0.020370370370370372,0.023954166666666665,0.011111111111111112,0.03888888888888889,540,4000
Global,dimension_color,second,blurred,Exact response,FCD,0.0,0.0005013888888888889,0.0,0.003703703703703704,540,4000
Global,dimension_color,second,blurred,Response length,1,0.6611111111111111,0.7519314814814815,0.7166666666666667,0.7870370370370371,540,4000
Global,dimension_color,second,blurred,Response length,2,0.29074074074074074,0.19777824074074074,0.1648148148148148,0.23148148148148148,540,4000
Global,dimension_color,second,blurred,Response length,3,0.04814814814814815,0.050290277777777774,0.03333333333333333,0.06856481481481498,540,4000
Global,dimension_color,second,blurred,Initial adjective,D,0.04259259259259259,0.1353162037037037,0.10740740740740741,0.1648148148148148,540,4000
Global,dimension_color,second,blurred,Initial adjective,C,0.8907407407407407,0.8231731481481481,0.7888888888888889,0.8555555555555555,540,4000
Global,dimension_color,second,blurred,Initial adjective,F,0.06666666666666667,0.04151064814814815,0.024074074074074074,0.05925925925925926,540,4000
Global,dimension_color,second,sharp,Exact response,D,0.0,0.004525157232704403,0.0,0.010482180293501049,477,4000
Global,dimension_color,second,sharp,Exact response,DC,0.0020964360587002098,0.07287211740041928,0.050314465408805034,0.09643605870020965,477,4000
Global,dimension_color,second,sharp,Exact response,DCF,0.0020964360587002098,0.024221698113207544,0.012578616352201259,0.039832285115303984,477,4000
Global,dimension_color,second,sharp,Exact response,DF,0.0,0.014023060796645701,0.0041928721174004195,0.025157232704402517,477,4000
Global,dimension_color,second,sharp,Exact response,DFC,0.006289308176100629,0.011155660377358491,0.0020964360587002098,0.020964360587002098,477,4000
Global,dimension_color,second,sharp,Exact response,C,0.7148846960167715,0.7652510482180294,0.7253668763102725,0.8029350104821803,477,4000
Global,dimension_color,second,sharp,Exact response,CD,0.0,0.0023191823899371073,0.0,0.006289308176100629,477,4000
Global,dimension_color,second,sharp,Exact response,CDF,0.0041928721174004195,0.0026787211740041937,0.0,0.008385744234800839,477,4000
Global,dimension_color,second,sharp,Exact response,CF,0.22851153039832284,0.06392662473794548,0.041928721174004195,0.0859538784067086,477,4000
Global,dimension_color,second,sharp,Exact response,CFD,0.0,0.0012636268343815516,0.0,0.0041928721174004195,477,4000
Global,dimension_color,second,sharp,Exact response,F,0.020964360587002098,0.014734800838574424,0.0041928721174004195,0.027253668763102725,477,4000
Global,dimension_color,second,sharp,Exact response,FD,0.0,0.0003925576519916143,0.0,0.0020964360587002098,477,4000
Global,dimension_color,second,sharp,Exact response,FDC,0.0,0.0014004192872117403,0.0,0.006289308176100629,477,4000
Global,dimension_color,second,sharp,Exact response,FC,0.020964360587002098,0.02058228511530398,0.008385744234800839,0.033542976939203356,477,4000
Global,dimension_color,second,sharp,Exact response,FCD,0.0,0.0006530398322851154,0.0,0.0041928721174004195,477,4000
Global,dimension_color,second,sharp,Response length,1,0.7358490566037735,0.7845110062893081,0.7463312368972747,0.8218029350104822,477,4000
Global,dimension_color,second,sharp,Response length,2,0.25157232704402516,0.17411582809224319,0.14046121593291405,0.20754716981132076,477,4000
Global,dimension_color,second,sharp,Response length,3,0.012578616352201259,0.041373165618448636,0.025157232704402517,0.05870020964360587,477,4000
Global,dimension_color,second,sharp,Initial adjective,D,0.010482180293501049,0.12679769392033544,0.09853249475890985,0.15723270440251572,477,4000
Global,dimension_color,second,sharp,Initial adjective,C,0.9475890985324947,0.8354392033542978,0.80083857442348,0.870020964360587,477,4000
Global,dimension_color,second,sharp,Initial adjective,F,0.041928721174004195,0.03776310272536688,0.020964360587002098,0.05660377358490566,477,4000
Global,dimension_form,both,blurred,Exact response,D,0.003766478342749529,0.002759887005649717,0.0,0.007532956685499058,531,4000
Global,dimension_form,both,blurred,Exact response,DC,0.01694915254237288,0.05804237288135593,0.03954802259887006,0.07909604519774012,531,4000
Global,dimension_form,both,blurred,Exact response,DCF,0.2900188323917137,0.18887806026365347,0.1544256120527307,0.2222222222222222,531,4000
Global,dimension_form,both,blurred,Exact response,DF,0.4067796610169492,0.11283286252354048,0.08662900188323917,0.14124293785310735,531,4000
Global,dimension_form,both,blurred,Exact response,DFC,0.03389830508474576,0.0746831450094162,0.05273069679849341,0.09792843691148775,531,4000
Global,dimension_form,both,blurred,Exact response,C,0.011299435028248588,0.06443267419962335,0.04519774011299435,0.08662900188323917,531,4000
Global,dimension_form,both,blurred,Exact response,CD,0.0018832391713747645,0.000978813559322034,0.0,0.003766478342749529,531,4000
Global,dimension_form,both,blurred,Exact response,CDF,0.04143126177024482,0.011441148775894538,0.003766478342749529,0.02071563088512241,531,4000
Global,dimension_form,both,blurred,Exact response,CF,0.15065913370998116,0.3101412429378531,0.2711864406779661,0.3502824858757062,531,4000
Global,dimension_form,both,blurred,Exact response,CFD,0.005649717514124294,0.004142655367231639,0.0,0.009416195856873822,531,4000
Global,dimension_form,both,blurred,Exact response,F,0.01694915254237288,0.07855225988700565,0.05649717514124294,0.10357815442561205,531,4000
Global,dimension_form,both,blurred,Exact response,FD,0.0018832391713747645,0.0008950094161958569,0.0,0.003766478342749529,531,4000
Global,dimension_form,both,blurred,Exact response,FDC,0.0,0.0052514124293785314,0.0,0.013182674199623353,531,4000
Global,dimension_form,both,blurred,Exact response,FC,0.01694915254237288,0.08527966101694914,0.062146892655367235,0.10922787193973635,531,4000
Global,dimension_form,both,blurred,Exact response,FCD,0.0018832391713747645,0.0016887947269303202,0.0,0.005649717514124294,531,4000
Global,dimension_form,both,blurred,Response length,1,0.032015065913371,0.1457448210922787,0.1167608286252354,0.17890772128060264,531,4000
Global,dimension_form,both,blurred,Response length,2,0.5951035781544256,0.5681699623352165,0.5235404896421846,0.6120527306967984,531,4000
Global,dimension_form,both,blurred,Response length,3,0.3728813559322034,0.2860852165725047,0.24670433145009416,0.3258003766478343,531,4000
Global,dimension_form,both,blurred,Initial adjective,D,0.751412429378531,0.4371963276836158,0.3935969868173258,0.480225988700565,531,4000
Global,dimension_form,both,blurred,Initial adjective,C,0.21092278719397364,0.3911365348399247,0.3502824858757062,0.4331450094161959,531,4000
Global,dimension_form,both,blurred,Initial adjective,F,0.03766478342749529,0.1716671374764595,0.1393596986817326,0.20527306967984935,531,4000
Global,dimension_form,both,sharp,Exact response,D,0.0020964360587002098,0.005862159329140462,0.0,0.012578616352201259,477,4000
Global,dimension_form,both,sharp,Exact response,DC,0.05870020964360587,0.06945283018867926,0.04821802935010482,0.09433962264150944,477,4000
Global,dimension_form,both,sharp,Exact response,DCF,0.22012578616352202,0.18165199161425577,0.14675052410901468,0.2180293501048218,477,4000
Global,dimension_form,both,sharp,Exact response,DF,0.29559748427672955,0.15179926624737947,0.11949685534591195,0.18658280922431866,477,4000
Global,dimension_form,both,sharp,Exact response,DFC,0.018867924528301886,0.08125628930817609,0.05660377358490566,0.1069182389937107,477,4000
Global,dimension_form,both,sharp,Exact response,C,0.10272536687631027,0.06644811320754716,0.0440251572327044,0.09014675052410902,477,4000
Global,dimension_form,both,sharp,Exact response,CD,0.0,0.001555555555555556,0.0,0.006289308176100629,477,4000
Global,dimension_form,both,sharp,Exact response,CDF,0.03563941299790356,0.01474056603773585,0.0041928721174004195,0.027253668763102725,477,4000
Global,dimension_form,both,sharp,Exact response,CF,0.22012578616352202,0.24327253668763102,0.20545073375262055,0.2830188679245283,477,4000
Global,dimension_form,both,sharp,Exact response,CFD,0.0041928721174004195,0.005561320754716981,0.0,0.012578616352201259,477,4000
Global,dimension_form,both,sharp,Exact response,F,0.010482180293501049,0.08942033542976938,0.0649895178197065,0.11740041928721175,477,4000
Global,dimension_form,both,sharp,Exact response,FD,0.0020964360587002098,0.0015314465408805033,0.0,0.006289308176100629,477,4000
Global,dimension_form,both,sharp,Exact response,FDC,0.0020964360587002098,0.007382075471698114,0.0,0.016771488469601678,477,4000
Global,dimension_form,both,sharp,Exact response,FC,0.023060796645702306,0.07764727463312368,0.05450733752620545,0.10272536687631027,477,4000
Global,dimension_form,both,sharp,Exact response,FCD,0.0041928721174004195,0.002418238993710692,0.0,0.008385744234800839,477,4000
Global,dimension_form,both,sharp,Response length,1,0.11530398322851153,0.16173060796645702,0.129979035639413,0.1970649895178197,477,4000
Global,dimension_form,both,sharp,Response length,2,0.59958071278826,0.5452589098532494,0.4989517819706499,0.5911949685534591,477,4000
Global,dimension_form,both,sharp,Response length,3,0.2851153039832285,0.29301048218029346,0.25157232704402516,0.33542976939203356,477,4000
Global,dimension_form,both,sharp,Initial adjective,D,0.5953878406708596,0.490022536687631,0.44234800838574423,0.5346436058700211,477,4000
Global,dimension_form,both,sharp,Initial adjective,C,0.36268343815513626,0.3315780922431866,0.2893081761006289,0.3752620545073375,477,4000
Global,dimension_form,both,sharp,Initial adjective,F,0.041928721174004195,0.17839937106918238,0.14465408805031446,0.2138364779874214,477,4000
Global,dimension_form,first,blurred,Exact response,D,0.07364341085271318,0.028429748062015505,0.013565891472868217,0.044573643410852716,516,4000
Global,dimension_form,first,blurred,Exact response,DC,0.05813953488372093,0.1280499031007752,0.09883720930232558,0.15891472868217055,516,4000
Global,dimension_form,first,blurred,Exact response,DCF,0.27906976744186046,0.25296850775193797,0.21511627906976744,0.2926356589147287,516,4000
Global,dimension_form,first,blurred,Exact response,DF,0.19767441860465115,0.14092684108527131,0.10852713178294573,0.1744186046511628,516,4000
Global,dimension_form,first,blurred,Exact response,DFC,0.029069767441860465,0.10343459302325579,0.07751937984496124,0.13178294573643412,516,4000
Global,dimension_form,first,blurred,Exact response,C,0.13953488372093023,0.060055232558139535,0.040697674418604654,0.08139534883720931,516,4000
Global,dimension_form,first,blurred,Exact response,CD,0.001937984496124031,0.0018367248062015505,0.0,0.005813953488372093,516,4000
Global,dimension_form,first,blurred,Exact response,CDF,0.025193798449612403,0.013482558139534884,0.003875968992248062,0.023255813953488372,516,4000
Global,dimension_form,first,blurred,Exact response,CF,0.16666666666666666,0.16897625968992244,0.1375968992248062,0.20155038759689922,516,4000
Global,dimension_form,first,blurred,Exact response,CFD,0.001937984496124031,0.004529069767441861,0.0,0.011627906976744186,516,4000
Global,dimension_form,first,blurred,Exact response,F,0.005813953488372093,0.03635465116279069,0.02131782945736434,0.05232558139534884,516,4000
Global,dimension_form,first,blurred,Exact response,FD,0.0,0.001068798449612403,0.0,0.003875968992248062,516,4000
Global,dimension_form,first,blurred,Exact response,FDC,0.0,0.006473352713178294,0.0,0.013565891472868217,516,4000
Global,dimension_form,first,blurred,Exact response,FC,0.02131782945736434,0.05148352713178294,0.03294573643410853,0.07170542635658915,516,4000
Global,dimension_form,first,blurred,Exact response,FCD,0.0,0.001930232558139535,0.0,0.005813953488372093,516,4000
Global,dimension_form,first,blurred,Response length,1,0.2189922480620155,0.12483963178294573,0.09689922480620156,0.15503875968992248,516,4000
Global,dimension_form,first,blurred,Response length,2,0.44573643410852715,0.492342054263566,0.44573643410852715,0.5368217054263565,516,4000
Global,dimension_form,first,blurred,Response length,3,0.33527131782945735,0.38281831395348836,0.3391472868217054,0.4263565891472868,516,4000
Global,dimension_form,first,blurred,Initial adjective,D,0.6375968992248062,0.6538095930232558,0.6104651162790697,0.6957364341085271,516,4000
Global,dimension_form,first,blurred,Initial adjective,C,0.33527131782945735,0.24887984496124027,0.21124031007751937,0.2868217054263566,516,4000
Global,dimension_form,first,blurred,Initial adjective,F,0.027131782945736434,0.09731056201550387,0.07170542635658915,0.12403100775193798,516,4000
Global,dimension_form,first,sharp,Exact response,D,0.25473684210526315,0.2692605263157895,0.2231578947368421,0.3157894736842105,475,4000
Global,dimension_form,first,sharp,Exact response,DC,0.06526315789473684,0.13762210526315788,0.10526315789473684,0.1705263157894737,475,4000
Global,dimension_form,first,sharp,Exact response,DCF,0.21052631578947367,0.1964463157894737,0.16210526315789472,0.2336842105263158,475,4000
Global,dimension_form,first,sharp,Exact response,DF,0.21473684210526317,0.10756263157894735,0.08,0.1368421052631579,475,4000
Global,dimension_form,first,sharp,Exact response,DFC,0.02736842105263158,0.08768789473684212,0.06315789473684211,0.11368421052631579,475,4000
Global,dimension_form,first,sharp,Exact response,C,0.07789473684210527,0.03976,0.023157894736842106,0.05894736842105263,475,4000
Global,dimension_form,first,sharp,Exact response,CD,0.0,0.002872631578947368,0.0,0.008421052631578947,475,4000
Global,dimension_form,first,sharp,Exact response,CDF,0.016842105263157894,0.014231052631578948,0.004210526315789474,0.02526315789473684,475,4000
Global,dimension_form,first,sharp,Exact response,CF,0.1031578947368421,0.07878842105263158,0.05473684210526316,0.1031578947368421,475,4000
Global,dimension_form,first,sharp,Exact response,CFD,0.0,0.005176315789473683,0.0,0.01263157894736842,475,4000
Global,dimension_form,first,sharp,Exact response,F,0.00631578947368421,0.02215842105263158,0.010526315789473684,0.035789473684210524,475,4000
Global,dimension_form,first,sharp,Exact response,FD,0.002105263157894737,0.0012368421052631577,0.0,0.004210526315789474,475,4000
Global,dimension_form,first,sharp,Exact response,FDC,0.00631578947368421,0.007348421052631577,0.0,0.016842105263157894,475,4000
Global,dimension_form,first,sharp,Exact response,FC,0.01263157894736842,0.02750684210526316,0.014736842105263158,0.04421052631578947,475,4000
Global,dimension_form,first,sharp,Exact response,FCD,0.002105263157894737,0.002341578947368421,0.0,0.008421052631578947,475,4000
Global,dimension_form,first,sharp,Response length,1,0.3389473684210526,0.3311789473684211,0.28421052631578947,0.37684210526315787,475,4000
Global,dimension_form,first,sharp,Response length,2,0.39789473684210525,0.3555894736842105,0.3094736842105263,0.40210526315789474,475,4000
Global,dimension_form,first,sharp,Response length,3,0.2631578947368421,0.3132315789473684,0.2694736842105263,0.35789473684210527,475,4000
Global,dimension_form,first,sharp,Initial adjective,D,0.7726315789473684,0.7985794736842106,0.7621052631578947,0.8357894736842105,475,4000
Global,dimension_form,first,sharp,Initial adjective,C,0.19789473684210526,0.1408284210526316,0.11157894736842106,0.1726315789473684,475,4000
Global,dimension_form,first,sharp,Initial adjective,F,0.029473684210526315,0.06059210526315789,0.04,0.08421052631578947,475,4000
Global,dimension_form,second,blurred,Exact response,D,0.0,0.001001388888888889,0.0,0.003703703703703704,540,4000
Global,dimension_form,second,blurred,Exact response,DC,0.001851851851851852,0.013060185185185183,0.003703703703703704,0.024074074074074074,540,4000
Global,dimension_form,second,blurred,Exact response,DCF,0.016666666666666666,0.07893935185185186,0.05740740740740741,0.10185185185185185,540,4000
Global,dimension_form,second,blurred,Exact response,DF,0.0,0.0598912037037037,0.040740740740740744,0.08148148148148149,540,4000
Global,dimension_form,second,blurred,Exact response,DFC,0.011111111111111112,0.0321837962962963,0.018518518518518517,0.04814814814814815,540,4000
Global,dimension_form,second,blurred,Exact response,C,0.04814814814814815,0.025206481481481482,0.012962962962962963,0.03888888888888889,540,4000
Global,dimension_form,second,blurred,Exact response,CD,0.0,0.0004115740740740741,0.0,0.001851851851851852,540,4000
Global,dimension_form,second,blurred,Exact response,CDF,0.0,0.005430092592592593,0.0,0.012962962962962963,540,4000
Global,dimension_form,second,blurred,Exact response,CF,0.24814814814814815,0.24174212962962963,0.2037037037037037,0.2814814814814815,540,4000
Global,dimension_form,second,blurred,Exact response,CFD,0.0,0.0022055555555555557,0.0,0.007407407407407408,540,4000
Global,dimension_form,second,blurred,Exact response,F,0.6481481481481481,0.4693796296296297,0.42592592592592593,0.512962962962963,540,4000
Global,dimension_form,second,blurred,Exact response,FD,0.0,0.0006472222222222221,0.0,0.003703703703703704,540,4000
Global,dimension_form,second,blurred,Exact response,FDC,0.0,0.0027300925925925926,0.0,0.007407407407407408,540,4000
Global,dimension_form,second,blurred,Exact response,FC,0.025925925925925925,0.06620231481481481,0.046296296296296294,0.08888888888888889,540,4000
Global,dimension_form,second,blurred,Exact response,FCD,0.0,0.0009689814814814815,0.0,0.003703703703703704,540,4000
Global,dimension_form,second,blurred,Response length,1,0.6962962962962963,0.49558749999999996,0.45185185185185184,0.5388888888888889,540,4000
Global,dimension_form,second,blurred,Response length,2,0.2759259259259259,0.3819546296296296,0.3388888888888889,0.42592592592592593,540,4000
Global,dimension_form,second,blurred,Response length,3,0.027777777777777776,0.12245787037037037,0.09444444444444444,0.15,540,4000
Global,dimension_form,second,blurred,Initial adjective,D,0.02962962962962963,0.1850759259259259,0.1536574074074074,0.21851851851851853,540,4000
Global,dimension_form,second,blurred,Initial adjective,C,0.2962962962962963,0.27499583333333333,0.2351851851851852,0.3148148148148148,540,4000
Global,dimension_form,second,blurred,Initial adjective,F,0.674074074074074,0.5399282407407408,0.4962962962962963,0.5833333333333334,540,4000
Global,dimension_form,second,sharp,Exact response,D,0.0,0.0015961134453781512,0.0,0.0063025210084033615,476,4000
Global,dimension_form,second,sharp,Exact response,DC,0.0021008403361344537,0.014162815126050422,0.004201680672268907,0.025210084033613446,476,4000
Global,dimension_form,second,sharp,Exact response,DCF,0.008403361344537815,0.06671691176470589,0.046218487394957986,0.09033613445378151,476,4000
Global,dimension_form,second,sharp,Exact response,DF,0.0,0.060316176470588234,0.03991596638655462,0.08403361344537816,476,4000
Global,dimension_form,second,sharp,Exact response,DFC,0.01050420168067227,0.030181197478991596,0.014705882352941176,0.046218487394957986,476,4000
Global,dimension_form,second,sharp,Exact response,C,0.1092436974789916,0.02841964285714286,0.014705882352941176,0.04411764705882353,476,4000
Global,dimension_form,second,sharp,Exact response,CD,0.0021008403361344537,0.0006013655462184874,0.0,0.004201680672268907,476,4000
Global,dimension_form,second,sharp,Exact response,CDF,0.004201680672268907,0.00679779411764706,0.0,0.014705882352941176,476,4000
Global,dimension_form,second,sharp,Exact response,CF,0.18907563025210083,0.20299579831932774,0.16596638655462184,0.2415966386554622,476,4000
Global,dimension_form,second,sharp,Exact response,CFD,0.0,0.003141281512605042,0.0,0.008403361344537815,476,4000
Global,dimension_form,second,sharp,Exact response,F,0.6407563025210085,0.516186449579832,0.4705357142857143,0.5609243697478992,476,4000
Global,dimension_form,second,sharp,Exact response,FD,0.0,0.0009443277310924369,0.0,0.004201680672268907,476,4000
Global,dimension_form,second,sharp,Exact response,FDC,0.0021008403361344537,0.0036344537815126044,0.0,0.01050420168067227,476,4000
Global,dimension_form,second,sharp,Exact response,FC,0.031512605042016806,0.06288602941176472,0.04201680672268908,0.0861344537815126,476,4000
Global,dimension_form,second,sharp,Exact response,FCD,0.0,0.0014196428571428572,0.0,0.0063025210084033615,476,4000
Global,dimension_form,second,sharp,Response length,1,0.75,0.5462022058823528,0.5,0.5903361344537815,476,4000
Global,dimension_form,second,sharp,Response length,2,0.22478991596638656,0.34190651260504196,0.29831932773109243,0.38445378151260506,476,4000
Global,dimension_form,second,sharp,Response length,3,0.025210084033613446,0.11189128151260505,0.08403361344537816,0.14080882352941196,476,4000
Global,dimension_form,second,sharp,Initial adjective,D,0.02100840336134454,0.17297321428571427,0.13865546218487396,0.20798319327731093,476,4000
Global,dimension_form,second,sharp,Initial adjective,C,0.30462184873949577,0.24195588235294116,0.20378151260504201,0.28361344537815125,476,4000
Global,dimension_form,second,sharp,Initial adjective,F,0.6743697478991597,0.5850709033613446,0.5399159663865546,0.6302521008403361,476,4000
Plan-guided,color_form,both,blurred,Exact response,D,0.003703703703703704,0.003455555555555556,0.0,0.009259259259259259,540,4000
Plan-guided,color_form,both,blurred,Exact response,DC,0.025925925925925925,0.03177777777777777,0.018518518518518517,0.04814814814814815,540,4000
Plan-guided,color_form,both,blurred,Exact response,DCF,0.08148148148148149,0.1400912037037037,0.1111111111111111,0.1685185185185185,540,4000
Plan-guided,color_form,both,blurred,Exact response,DF,0.022222222222222223,0.11323888888888889,0.08888888888888889,0.14074074074074075,540,4000
Plan-guided,color_form,both,blurred,Exact response,DFC,0.011111111111111112,0.03001111111111111,0.016666666666666666,0.044444444444444446,540,4000
Plan-guided,color_form,both,blurred,Exact response,C,0.007407407407407408,0.06178842592592592,0.04259259259259259,0.08333333333333333,540,4000
Plan-guided,color_form,both,blurred,Exact response,CD,0.0,0.0008212962962962963,0.0,0.003703703703703704,540,4000
Plan-guided,color_form,both,blurred,Exact response,CDF,0.007407407407407408,0.011552777777777776,0.003703703703703704,0.020370370370370372,540,4000
Plan-guided,color_form,both,blurred,Exact response,CF,0.7592592592592593,0.40202037037037036,0.3611111111111111,0.4444444444444444,540,4000
Plan-guided,color_form,both,blurred,Exact response,CFD,0.003703703703703704,0.00826712962962963,0.001851851851851852,0.016666666666666666,540,4000
Plan-guided,color_form,both,blurred,Exact response,F,0.012962962962962963,0.13116064814814815,0.10365740740740742,0.15930555555555573,540,4000
Plan-guided,color_form,both,blurred,Exact response,FD,0.001851851851851852,0.0007800925925925924,0.0,0.003703703703703704,540,4000
Plan-guided,color_form,both,blurred,Exact response,FDC,0.0,0.0020277777777777777,0.0,0.007407407407407408,540,4000
Plan-guided,color_form,both,blurred,Exact response,FC,0.06296296296296296,0.06109398148148148,0.04259259259259259,0.08333333333333333,540,4000
Plan-guided,color_form,both,blurred,Exact response,FCD,0.0,0.0019129629629629629,0.0,0.005555555555555556,540,4000
Plan-guided,color_form,both,blurred,Response length,1,0.024074074074074074,0.19640462962962962,0.16296296296296298,0.22962962962962963,540,4000
Plan-guided,color_form,both,blurred,Response length,2,0.8722222222222222,0.6097324074074074,0.5685185185185185,0.6518518518518519,540,4000
Plan-guided,color_form,both,blurred,Response length,3,0.1037037037037037,0.19386296296296296,0.16296296296296298,0.22592592592592592,540,4000
Plan-guided,color_form,both,blurred,Initial adjective,D,0.14444444444444443,0.31857453703703703,0.2833333333333333,0.3537037037037037,540,4000
Plan-guided,color_form,both,blurred,Initial adjective,C,0.7777777777777778,0.48445000000000005,0.4425925925925926,0.5259259259259259,540,4000
Plan-guided,color_form,both,blurred,Initial adjective,F,0.07777777777777778,0.19697546296296298,0.16296296296296298,0.23148148148148148,540,4000
Plan-guided,color_form,both,sharp,Exact response,D,0.0041928721174004195,0.0043218029350104836,0.0,0.010482180293501049,477,4000
Plan-guided,color_form,both,sharp,Exact response,DC,0.014675052410901468,0.025690251572327044,0.012578616352201259,0.039832285115303984,477,4000
Plan-guided,color_form,both,sharp,Exact response,DCF,0.1090146750524109,0.09877672955974842,0.07337526205450734,0.12578616352201258,477,4000
Plan-guided,color_form,both,sharp,Exact response,DF,0.050314465408805034,0.08358542976939203,0.06079664570230608,0.10697064989517839,477,4000
Plan-guided,color_form,both,sharp,Exact response,DFC,0.023060796645702306,0.023859014675052408,0.010482180293501049,0.03773584905660377,477,4000
Plan-guided,color_form,both,sharp,Exact response,C,0.0020964360587002098,0.0813422431865828,0.05660377358490566,0.1069182389937107,477,4000
Plan-guided,color_form,both,sharp,Exact response,CD,0.0,0.0010607966457023062,0.0,0.0041928721174004195,477,4000
Plan-guided,color_form,both,sharp,Exact response,CDF,0.0020964360587002098,0.012786163522012579,0.0041928721174004195,0.023060796645702306,477,4000
Plan-guided,color_form,both,sharp,Exact response,CF,0.7253668763102725,0.4146027253668763,0.3731656184486373,0.4570230607966457,477,4000
Plan-guided,color_form,both,sharp,Exact response,CFD,0.0,0.010410901467505241,0.0020964360587002098,0.020964360587002098,477,4000
Plan-guided,color_form,both,sharp,Exact response,F,0.0041928721174004195,0.16538102725366874,0.13411949685534594,0.19916142557651992,477,4000
Plan-guided,color_form,both,sharp,Exact response,FD,0.0,0.001009433962264151,0.0,0.0041928721174004195,477,4000
Plan-guided,color_form,both,sharp,Exact response,FDC,0.0,0.0024523060796645705,0.0,0.008385744234800839,477,4000
Plan-guided,color_form,both,sharp,Exact response,FC,0.0649895178197065,0.07221593291404611,0.050314465408805034,0.09853249475890985,477,4000
Plan-guided,color_form,both,sharp,Exact response,FCD,0.0,0.0025052410901467512,0.0,0.008385744234800839,477,4000
Plan-guided,color_form,both,sharp,Response length,1,0.010482180293501049,0.25104507337526205,0.2138364779874214,0.2893081761006289,477,4000
Plan-guided,color_form,both,sharp,Response length,2,0.8553459119496856,0.598164570230608,0.5534591194968553,0.6436058700209644,477,4000
Plan-guided,color_form,both,sharp,Response length,3,0.13417190775681342,0.15079035639412997,0.12159329140461216,0.18238993710691823,477,4000
Plan-guided,color_form,both,sharp,Initial adjective,D,0.20125786163522014,0.2362332285115304,0.20335429769392033,0.27044025157232704,477,4000
Plan-guided,color_form,both,sharp,Initial adjective,C,0.7295597484276729,0.5202028301886792,0.4779874213836478,0.5660377358490566,477,4000
Plan-guided,color_form,both,sharp,Initial adjective,F,0.06918238993710692,0.24356394129979037,0.20545073375262055,0.2830188679245283,477,4000
Plan-guided,color_form,first,blurred,Exact response,D,0.005555555555555556,0.003355555555555556,0.0,0.009259259259259259,540,4000
Plan-guided,color_form,first,blurred,Exact response,DC,0.016666666666666666,0.08526342592592592,0.06296296296296296,0.10925925925925926,540,4000
Plan-guided,color_form,first,blurred,Exact response,DCF,0.05185185185185185,0.029116666666666666,0.016620370370370386,0.044444444444444446,540,4000
Plan-guided,color_form,first,blurred,Exact response,DF,0.007407407407407408,0.006285648148148148,0.0,0.012962962962962963,540,4000
Plan-guided,color_form,first,blurred,Exact response,DFC,0.009259259259259259,0.003053240740740741,0.0,0.009259259259259259,540,4000
Plan-guided,color_form,first,blurred,Exact response,C,0.6314814814814815,0.7867874999999999,0.7518518518518519,0.8222222222222222,540,4000
Plan-guided,color_form,first,blurred,Exact response,CD,0.0,0.002463425925925926,0.0,0.007407407407407408,540,4000
Plan-guided,color_form,first,blurred,Exact response,CDF,0.007407407407407408,0.003600462962962963,0.0,0.009259259259259259,540,4000
Plan-guided,color_form,first,blurred,Exact response,CF,0.2518518518518518,0.06671064814814816,0.046296296296296294,0.08888888888888889,540,4000
Plan-guided,color_form,first,blurred,Exact response,CFD,0.0,0.001774537037037037,0.0,0.005555555555555556,540,4000
Plan-guided,color_form,first,blurred,Exact response,F,0.0,0.005214814814814815,0.0,0.011111111111111112,540,4000
Plan-guided,color_form,first,blurred,Exact response,FD,0.0,0.00021898148148148148,0.0,0.001851851851851852,540,4000
Plan-guided,color_form,first,blurred,Exact response,FDC,0.001851851851851852,0.00032222222222222217,0.0,0.001851851851851852,540,4000
Plan-guided,color_form,first,blurred,Exact response,FC,0.016666666666666666,0.005444907407407408,0.0,0.012962962962962963,540,4000
Plan-guided,color_form,first,blurred,Exact response,FCD,0.0,0.000387962962962963,0.0,0.001851851851851852,540,4000
Plan-guided,color_form,first,blurred,Response length,1,0.6370370370370371,0.7953578703703704,0.7592592592592593,0.8296296296296296,540,4000
Plan-guided,color_form,first,blurred,Response length,2,0.29259259259259257,0.16638703703703703,0.13518518518518519,0.2,540,4000
Plan-guided,color_form,first,blurred,Response length,3,0.07037037037037037,0.03825509259259259,0.022222222222222223,0.05555555555555555,540,4000
Plan-guided,color_form,first,blurred,Initial adjective,D,0.09074074074074075,0.12707453703703703,0.1,0.1537037037037037,540,4000
Plan-guided,color_form,first,blurred,Initial adjective,C,0.8907407407407407,0.861336574074074,0.8333333333333334,0.8888888888888888,540,4000
Plan-guided,color_form,first,blurred,Initial adjective,F,0.018518518518518517,0.011588888888888888,0.003703703703703704,0.022222222222222223,540,4000
Plan-guided,color_form,first,sharp,Exact response,D,0.008385744234800839,0.00415251572327044,0.0,0.010482180293501049,477,4000
Plan-guided,color_form,first,sharp,Exact response,DC,0.010482180293501049,0.05978039832285115,0.039832285115303984,0.08176100628930817,477,4000
Plan-guided,color_form,first,sharp,Exact response,DCF,0.031446540880503145,0.017377358490566038,0.006289308176100629,0.029350104821802937,477,4000
Plan-guided,color_form,first,sharp,Exact response,DF,0.010482180293501049,0.0040414046121593295,0.0,0.010482180293501049,477,4000
Plan-guided,color_form,first,sharp,Exact response,DFC,0.008385744234800839,0.0021278825995807134,0.0,0.006289308176100629,477,4000
Plan-guided,color_form,first,sharp,Exact response,C,0.6918238993710691,0.8314889937106918,0.7966457023060797,0.8637316561844863,477,4000
Plan-guided,color_form,first,sharp,Exact response,CD,0.0,0.0033417190775681346,0.0,0.008385744234800839,477,4000
Plan-guided,color_form,first,sharp,Exact response,CDF,0.014675052410901468,0.003683962264150944,0.0,0.010482180293501049,477,4000
Plan-guided,color_form,first,sharp,Exact response,CF,0.20335429769392033,0.059859538784067086,0.039832285115303984,0.08176100628930817,477,4000
Plan-guided,color_form,first,sharp,Exact response,CFD,0.0,0.0020497903563941305,0.0,0.006289308176100629,477,4000
Plan-guided,color_form,first,sharp,Exact response,F,0.0,0.005302935010482181,0.0,0.012578616352201259,477,4000
Plan-guided,color_form,first,sharp,Exact response,FD,0.0,0.00021540880503144656,0.0,0.0020964360587002098,477,4000
Plan-guided,color_form,first,sharp,Exact response,FDC,0.0,0.0003333333333333333,0.0,0.0020964360587002098,477,4000
Plan-guided,color_form,first,sharp,Exact response,FC,0.020964360587002098,0.005803983228511531,0.0,0.012578616352201259,477,4000
Plan-guided,color_form,first,sharp,Exact response,FCD,0.0,0.0004407756813417191,0.0,0.0020964360587002098,477,4000
Plan-guided,color_form,first,sharp,Response length,1,0.70020964360587,0.8409444444444445,0.8071278825995807,0.8721174004192872,477,4000
Plan-guided,color_form,first,sharp,Response length,2,0.24528301886792453,0.13304245283018867,0.10272536687631027,0.16352201257861634,477,4000
Plan-guided,color_form,first,sharp,Response length,3,0.05450733752620545,0.026013102725366874,0.012578616352201259,0.039832285115303984,477,4000
Plan-guided,color_form,first,sharp,Initial adjective,D,0.06918238993710692,0.08747955974842768,0.0649895178197065,0.11320754716981132,477,4000
Plan-guided,color_form,first,sharp,Initial adjective,C,0.909853249475891,0.900424004192872,0.8742138364779874,0.9266247379454927,477,4000
Plan-guided,color_form,first,sharp,Initial adjective,F,0.020964360587002098,0.01209643605870021,0.0041928721174004195,0.023060796645702306,477,4000
Plan-guided,color_form,second,blurred,Exact response,D,0.0,0.0013935185185185183,0.0,0.005555555555555556,540,4000
Plan-guided,color_form,second,blurred,Exact response,DC,0.0,0.006771296296296295,0.0,0.014814814814814815,540,4000
Plan-guided,color_form,second,blurred,Exact response,DCF,0.04259259259259259,0.04717129629629629,0.02962962962962963,0.06481481481481481,540,4000
Plan-guided,color_form,second,blurred,Exact response,DF,0.016666666666666666,0.11920138888888888,0.09259259259259259,0.14629629629629629,540,4000
Plan-guided,color_form,second,blurred,Exact response,DFC,0.009259259259259259,0.021338425925925924,0.011111111111111112,0.03518518518518519,540,4000
Plan-guided,color_form,second,blurred,Exact response,C,0.001851851851851852,0.00917175925925926,0.001851851851851852,0.018518518518518517,540,4000
Plan-guided,color_form,second,blurred,Exact response,CD,0.0,0.0002638888888888889,0.0,0.001851851851851852,540,4000
Plan-guided,color_form,second,blurred,Exact response,CDF,0.0,0.0024833333333333335,0.0,0.007407407407407408,540,4000
Plan-guided,color_form,second,blurred,Exact response,CF,0.21481481481481482,0.10706018518518519,0.08148148148148149,0.13333333333333333,540,4000
Plan-guided,color_form,second,blurred,Exact response,CFD,0.001851851851851852,0.0025634259259259256,0.0,0.007407407407407408,540,4000
Plan-guided,color_form,second,blurred,Exact response,F,0.6722222222222223,0.644538888888889,0.6055555555555555,0.6851851851851852,540,4000
Plan-guided,color_form,second,blurred,Exact response,FD,0.001851851851851852,0.0009120370370370369,0.0,0.003703703703703704,540,4000
Plan-guided,color_form,second,blurred,Exact response,FDC,0.0,0.0017949074074074074,0.0,0.005555555555555556,540,4000
Plan-guided,color_form,second,blurred,Exact response,FC,0.03888888888888889,0.0341662037037037,0.020370370370370372,0.05,540,4000
Plan-guided,color_form,second,blurred,Exact response,FCD,0.0,0.0011694444444444443,0.0,0.005555555555555556,540,4000
Plan-guided,color_form,second,blurred,Response length,1,0.674074074074074,0.6551041666666666,0.6166666666666667,0.6944444444444444,540,4000
Plan-guided,color_form,second,blurred,Response length,2,0.2722222222222222,0.268375,0.23148148148148148,0.3074074074074074,540,4000
Plan-guided,color_form,second,blurred,Response length,3,0.053703703703703705,0.07652083333333333,0.05555555555555555,0.1,540,4000
Plan-guided,color_form,second,blurred,Initial adjective,D,0.06851851851851852,0.19587592592592593,0.1648148148148148,0.22777777777777777,540,4000
Plan-guided,color_form,second,blurred,Initial adjective,C,0.21851851851851853,0.1215425925925926,0.09444444444444444,0.15,540,4000
Plan-guided,color_form,second,blurred,Initial adjective,F,0.7129629629629629,0.6825814814814815,0.6444444444444445,0.7203703703703703,540,4000
Plan-guided,color_form,second,sharp,Exact response,D,0.0,0.002369496855345912,0.0,0.008385744234800839,477,4000
Plan-guided,color_form,second,sharp,Exact response,DC,0.0,0.007471698113207548,0.0,0.016771488469601678,477,4000
Plan-guided,color_form,second,sharp,Exact response,DCF,0.020964360587002098,0.04206970649895179,0.025157232704402517,0.06079664570230608,477,4000
Plan-guided,color_form,second,sharp,Exact response,DF,0.033542976939203356,0.12114465408805032,0.09224318658280922,0.1509433962264151,477,4000
Plan-guided,color_form,second,sharp,Exact response,DFC,0.006289308176100629,0.0217248427672956,0.010482180293501049,0.03563941299790356,477,4000
Plan-guided,color_form,second,sharp,Exact response,C,0.0,0.00964937106918239,0.0020964360587002098,0.018867924528301886,477,4000
Plan-guided,color_form,second,sharp,Exact response,CD,0.0,0.0003249475890985325,0.0,0.0020964360587002098,477,4000
Plan-guided,color_form,second,sharp,Exact response,CDF,0.0041928721174004195,0.003432389937106919,0.0,0.010482180293501049,477,4000
Plan-guided,color_form,second,sharp,Exact response,CF,0.16771488469601678,0.08853459119496855,0.0649895178197065,0.11530398322851153,477,4000
Plan-guided,color_form,second,sharp,Exact response,CFD,0.0,0.0031975890985324953,0.0,0.008385744234800839,477,4000
Plan-guided,color_form,second,sharp,Exact response,F,0.7379454926624738,0.6609156184486372,0.6205450733752621,0.7044025157232704,477,4000
Plan-guided,color_form,second,sharp,Exact response,FD,0.0,0.0014318658280922435,0.0,0.006289308176100629,477,4000
Plan-guided,color_form,second,sharp,Exact response,FDC,0.006289308176100629,0.0024392033542976945,0.0,0.008385744234800839,477,4000
Plan-guided,color_form,second,sharp,Exact response,FC,0.023060796645702306,0.033803459119496865,0.018867924528301886,0.050314465408805034,477,4000
Plan-guided,color_form,second,sharp,Exact response,FCD,0.0,0.0014905660377358494,0.0,0.006289308176100629,477,4000
Plan-guided,color_form,second,sharp,Response length,1,0.7379454926624738,0.6729344863731656,0.6330712788259959,0.7148846960167715,477,4000
Plan-guided,color_form,second,sharp,Response length,2,0.22431865828092243,0.252711215932914,0.2138364779874214,0.2914046121593291,477,4000
Plan-guided,color_form,second,sharp,Response length,3,0.03773584905660377,0.07435429769392032,0.05241090146750524,0.09853249475890985,477,4000
Plan-guided,color_form,second,sharp,Initial adjective,D,0.06079664570230608,0.19478039832285113,0.16142557651991615,0.22851153039832284,477,4000
Plan-guided,color_form,second,sharp,Initial adjective,C,0.1719077568134172,0.10513888888888887,0.07966457023060797,0.13417190775681342,477,4000
Plan-guided,color_form,second,sharp,Initial adjective,F,0.7672955974842768,0.7000807127882599,0.660377358490566,0.740041928721174,477,4000
Plan-guided,dimension_color,both,blurred,Exact response,D,0.0,0.004379406307977737,0.0,0.011131725417439703,539,4000
Plan-guided,dimension_color,both,blurred,Exact response,DC,0.06679035250463822,0.0406038961038961,0.02411873840445269,0.0575139146567718,539,4000
Plan-guided,dimension_color,both,blurred,Exact response,DCF,0.313543599257885,0.19996289424860855,0.16512059369202226,0.23562152133580705,539,4000
Plan-guided,dimension_color,both,blurred,Exact response,DF,0.08163265306122448,0.18326020408163265,0.150278293135436,0.2189239332096475,539,4000
Plan-guided,dimension_color,both,blurred,Exact response,DFC,0.029684601113172542,0.04500092764378479,0.027829313543599257,0.06307977736549165,539,4000
Plan-guided,dimension_color,both,blurred,Exact response,C,0.00927643784786642,0.04078014842300556,0.02592764378478666,0.059369202226345084,539,4000
Plan-guided,dimension_color,both,blurred,Exact response,CD,0.0055658627087198514,0.0008756957328385901,0.0,0.0037105751391465678,539,4000
Plan-guided,dimension_color,both,blurred,Exact response,CDF,0.05194805194805195,0.014720779220779221,0.0055658627087198514,0.025974025974025976,539,4000
Plan-guided,dimension_color,both,blurred,Exact response,CF,0.2764378478664193,0.27750556586270875,0.23747680890538034,0.31910946196660483,539,4000
Plan-guided,dimension_color,both,blurred,Exact response,CFD,0.0037105751391465678,0.007921150278293135,0.0018552875695732839,0.016697588126159554,539,4000
Plan-guided,dimension_color,both,blurred,Exact response,F,0.11873840445269017,0.12474350649350649,0.09647495361781076,0.15398886827458255,539,4000
Plan-guided,dimension_color,both,blurred,Exact response,FD,0.0018552875695732839,0.0010514842300556587,0.0,0.0037105751391465678,539,4000
Plan-guided,dimension_color,both,blurred,Exact response,FDC,0.0037105751391465678,0.002930426716141002,0.0,0.0074211502782931356,539,4000
Plan-guided,dimension_color,both,blurred,Exact response,FC,0.03710575139146568,0.05409322820037106,0.03525046382189239,0.07235621521335807,539,4000
Plan-guided,dimension_color,both,blurred,Exact response,FCD,0.0,0.002170686456400742,0.0,0.0074211502782931356,539,4000
Plan-guided,dimension_color,both,blurred,Response length,1,0.1280148423005566,0.1699030612244898,0.1391465677179963,0.20408163265306123,539,4000
Plan-guided,dimension_color,both,blurred,Response length,2,0.46938775510204084,0.5573900742115028,0.5120593692022264,0.6029684601113172,539,4000
Plan-guided,dimension_color,both,blurred,Response length,3,0.4025974025974026,0.27270686456400745,0.23376623376623376,0.313543599257885,539,4000
Plan-guided,dimension_color,both,blurred,Initial adjective,D,0.49165120593692024,0.4732073283858998,0.43042671614100186,0.5157699443413729,539,4000
Plan-guided,dimension_color,both,blurred,Initial adjective,C,0.3469387755102041,0.3418033395176252,0.2987012987012987,0.38404452690166974,539,4000
Plan-guided,dimension_color,both,blurred,Initial adjective,F,0.1614100185528757,0.18498933209647495,0.15398886827458255,0.2189239332096475,539,4000
Plan-guided,dimension_color,both,sharp,Exact response,D,0.0,0.0090609243697479,0.0021008403361344537,0.018907563025210083,476,4000
Plan-guided,dimension_color,both,sharp,Exact response,DC,0.19747899159663865,0.050148109243697475,0.031512605042016806,0.07142857142857142,476,4000
Plan-guided,dimension_color,both,sharp,Exact response,DCF,0.30462184873949577,0.20859138655462187,0.17016806722689076,0.24579831932773108,476,4000
Plan-guided,dimension_color,both,sharp,Exact response,DF,0.11134453781512606,0.2022295168067227,0.16806722689075632,0.23949579831932774,476,4000
Plan-guided,dimension_color,both,sharp,Exact response,DFC,0.031512605042016806,0.050390231092436975,0.031512605042016806,0.07142857142857142,476,4000
Plan-guided,dimension_color,both,sharp,Exact response,C,0.0,0.042867121848739496,0.025210084033613446,0.06302521008403361,476,4000
Plan-guided,dimension_color,both,sharp,Exact response,CD,0.008403361344537815,0.0014080882352941176,0.0,0.0063025210084033615,476,4000
Plan-guided,dimension_color,both,sharp,Exact response,CDF,0.029411764705882353,0.020914915966386557,0.008403361344537815,0.033665966386554814,476,4000
Plan-guided,dimension_color,both,sharp,Exact response,CF,0.20378151260504201,0.21448739495798322,0.17857142857142858,0.25210084033613445,476,4000
Plan-guided,dimension_color,both,sharp,Exact response,CFD,0.004201680672268907,0.009555147058823531,0.0021008403361344537,0.018907563025210083,476,4000
Plan-guided,dimension_color,both,sharp,Exact response,F,0.08403361344537816,0.13029936974789916,0.10084033613445378,0.16176470588235295,476,4000
Plan-guided,dimension_color,both,sharp,Exact response,FD,0.0,0.001767331932773109,0.0,0.0063025210084033615,476,4000
Plan-guided,dimension_color,both,sharp,Exact response,FDC,0.0,0.0043214285714285715,0.0,0.01050420168067227,476,4000
Plan-guided,dimension_color,both,sharp,Exact response,FC,0.023109243697478993,0.051163340336134455,0.03361344537815126,0.07142857142857142,476,4000
Plan-guided,dimension_color,both,sharp,Exact response,FCD,0.0021008403361344537,0.0027956932773109244,0.0,0.008403361344537815,476,4000
Plan-guided,dimension_color,both,sharp,Response length,1,0.08403361344537816,0.18222741596638656,0.14910714285714288,0.2184873949579832,476,4000
Plan-guided,dimension_color,both,sharp,Response length,2,0.5441176470588235,0.521203781512605,0.47478991596638653,0.5672268907563025,476,4000
Plan-guided,dimension_color,both,sharp,Response length,3,0.37184873949579833,0.29656880252100837,0.25210084033613445,0.3403361344537815,476,4000
Plan-guided,dimension_color,both,sharp,Initial adjective,D,0.6449579831932774,0.5204201680672268,0.47478991596638653,0.5672268907563025,476,4000
Plan-guided,dimension_color,both,sharp,Initial adjective,C,0.24579831932773108,0.2892326680672268,0.24789915966386555,0.32983193277310924,476,4000
Plan-guided,dimension_color,both,sharp,Initial adjective,F,0.1092436974789916,0.19034716386554623,0.15546218487394958,0.226890756302521,476,4000
Plan-guided,dimension_color,first,blurred,Exact response,D,0.058823529411764705,0.03265085388994307,0.017077798861480076,0.04933586337760911,527,4000
Plan-guided,dimension_color,first,blurred,Exact response,DC,0.04364326375711575,0.032488140417457304,0.018975332068311195,0.04933586337760911,527,4000
Plan-guided,dimension_color,first,blurred,Exact response,DCF,0.3055028462998102,0.17231925996204933,0.13851992409867173,0.20683111954459202,527,4000
Plan-guided,dimension_color,first,blurred,Exact response,DF,0.3510436432637571,0.42067314990512333,0.3719165085388994,0.47058823529411764,527,4000
Plan-guided,dimension_color,first,blurred,Exact response,DFC,0.03415559772296015,0.06881404174573055,0.04743833017077799,0.09108159392789374,527,4000
Plan-guided,dimension_color,first,blurred,Exact response,C,0.0056925996204933585,0.013190227703984819,0.003795066413662239,0.024667931688804556,527,4000
Plan-guided,dimension_color,first,blurred,Exact response,CD,0.0018975332068311196,0.0005526565464895636,0.0,0.003795066413662239,527,4000
Plan-guided,dimension_color,first,blurred,Exact response,CDF,0.03984819734345351,0.008571157495256169,0.0018975332068311196,0.017077798861480076,527,4000
Plan-guided,dimension_color,first,blurred,Exact response,CF,0.08918406072106262,0.10256783681214421,0.0777988614800759,0.12903225806451613,527,4000
Plan-guided,dimension_color,first,blurred,Exact response,CFD,0.0,0.004549810246679316,0.0,0.011385199240986717,527,4000
Plan-guided,dimension_color,first,blurred,Exact response,F,0.03795066413662239,0.10200094876660341,0.07590132827324478,0.13092979127134724,527,4000
Plan-guided,dimension_color,first,blurred,Exact response,FD,0.007590132827324478,0.002383776091081594,0.0,0.007590132827324478,527,4000
Plan-guided,dimension_color,first,blurred,Exact response,FDC,0.003795066413662239,0.004338235294117647,0.0,0.011385199240986717,527,4000
Plan-guided,dimension_color,first,blurred,Exact response,FC,0.017077798861480076,0.03297153700189753,0.018975332068311195,0.04933586337760911,527,4000
Plan-guided,dimension_color,first,blurred,Exact response,FCD,0.003795066413662239,0.0019283681214421252,0.0,0.0056925996204933585,527,4000
Plan-guided,dimension_color,first,blurred,Response length,1,0.10246679316888045,0.1478420303605313,0.1157495256166983,0.18026565464895636,527,4000
Plan-guided,dimension_color,first,blurred,Response length,2,0.5104364326375711,0.5916370967741935,0.5445920303605313,0.6394686907020873,527,4000
Plan-guided,dimension_color,first,blurred,Response length,3,0.3870967741935484,0.26052087286527514,0.22011385199240988,0.301707779886148,527,4000
Plan-guided,dimension_color,first,blurred,Initial adjective,D,0.793168880455408,0.7269454459203036,0.6888045540796964,0.7647058823529411,527,4000
Plan-guided,dimension_color,first,blurred,Initial adjective,C,0.1366223908918406,0.12943168880455408,0.10246679316888045,0.15939278937381404,527,4000
Plan-guided,dimension_color,first,blurred,Initial adjective,F,0.07020872865275142,0.14362286527514231,0.11385199240986717,0.174573055028463,527,4000
Plan-guided,dimension_color,first,sharp,Exact response,D,0.27157894736842103,0.2464,0.20210526315789473,0.292684210526316,475,4000
Plan-guided,dimension_color,first,sharp,Exact response,DC,0.04421052631578947,0.035867894736842106,0.018947368421052633,0.05473684210526316,475,4000
Plan-guided,dimension_color,first,sharp,Exact response,DCF,0.1936842105263158,0.15329473684210526,0.12,0.18736842105263157,475,4000
Plan-guided,dimension_color,first,sharp,Exact response,DF,0.23157894736842105,0.3397926315789474,0.2905263157894737,0.3894736842105263,475,4000
Plan-guided,dimension_color,first,sharp,Exact response,DFC,0.023157894736842106,0.06707631578947368,0.04631578947368421,0.09052631578947369,475,4000
Plan-guided,dimension_color,first,sharp,Exact response,C,0.0,0.008140526315789475,0.002105263157894737,0.016842105263157894,475,4000
Plan-guided,dimension_color,first,sharp,Exact response,CD,0.0,0.0007189473684210525,0.0,0.004210526315789474,475,4000
Plan-guided,dimension_color,first,sharp,Exact response,CDF,0.018947368421052633,0.009615789473684211,0.002105263157894737,0.018947368421052633,475,4000
Plan-guided,dimension_color,first,sharp,Exact response,CF,0.09894736842105263,0.04529263157894737,0.02736842105263158,0.06526315789473684,475,4000
Plan-guided,dimension_color,first,sharp,Exact response,CFD,0.002105263157894737,0.003766842105263158,0.0,0.010526315789473684,475,4000
Plan-guided,dimension_color,first,sharp,Exact response,F,0.1031578947368421,0.06271368421052631,0.042105263157894736,0.0863157894736842,475,4000
Plan-guided,dimension_color,first,sharp,Exact response,FD,0.002105263157894737,0.0027905263157894733,0.0,0.008421052631578947,475,4000
Plan-guided,dimension_color,first,sharp,Exact response,FDC,0.0,0.005171052631578947,0.0,0.01263157894736842,475,4000
Plan-guided,dimension_color,first,sharp,Exact response,FC,0.010526315789473684,0.017545263157894737,0.00631578947368421,0.029473684210526315,475,4000
Plan-guided,dimension_color,first,sharp,Exact response,FCD,0.0,0.0018131578947368418,0.0,0.00631578947368421,475,4000
Plan-guided,dimension_color,first,sharp,Response length,1,0.37473684210526315,0.31725421052631575,0.27157894736842103,0.3642105263157895,475,4000
Plan-guided,dimension_color,first,sharp,Response length,2,0.3873684210526316,0.4420078947368421,0.391578947368421,0.4926315789473684,475,4000
Plan-guided,dimension_color,first,sharp,Response length,3,0.23789473684210527,0.2407378947368421,0.2,0.28210526315789475,475,4000
Plan-guided,dimension_color,first,sharp,Initial adjective,D,0.7642105263157895,0.8424315789473684,0.8063157894736842,0.8736842105263158,475,4000
Plan-guided,dimension_color,first,sharp,Initial adjective,C,0.12,0.06753473684210527,0.04631578947368421,0.09052631578947369,475,4000
Plan-guided,dimension_color,first,sharp,Initial adjective,F,0.11578947368421053,0.09003368421052632,0.06526315789473684,0.11789473684210526,475,4000
Plan-guided,dimension_color,second,blurred,Exact response,D,0.0,0.003563888888888889,0.0,0.009259259259259259,540,4000
Plan-guided,dimension_color,second,blurred,Exact response,DC,0.0,0.062059259259259265,0.04259259259259259,0.08333333333333333,540,4000
Plan-guided,dimension_color,second,blurred,Exact response,DCF,0.027777777777777776,0.03291111111111111,0.018518518518518517,0.04814814814814815,540,4000
Plan-guided,dimension_color,second,blurred,Exact response,DF,0.0,0.01648796296296296,0.005555555555555556,0.027777777777777776,540,4000
Plan-guided,dimension_color,second,blurred,Exact response,DFC,0.014814814814814815,0.005980092592592592,0.0,0.012962962962962963,540,4000
Plan-guided,dimension_color,second,blurred,Exact response,C,0.6148148148148148,0.734324537037037,0.6962962962962963,0.7703703703703704,540,4000
Plan-guided,dimension_color,second,blurred,Exact response,CD,0.0,0.0014851851851851849,0.0,0.005555555555555556,540,4000
Plan-guided,dimension_color,second,blurred,Exact response,CDF,0.005555555555555556,0.0031856481481481484,0.0,0.009259259259259259,540,4000
Plan-guided,dimension_color,second,blurred,Exact response,CF,0.27037037037037037,0.10509907407407408,0.07962962962962963,0.13333333333333333,540,4000
Plan-guided,dimension_color,second,blurred,Exact response,CFD,0.0,0.0024861111111111112,0.0,0.007407407407407408,540,4000
Plan-guided,dimension_color,second,blurred,Exact response,F,0.046296296296296294,0.017582407407407408,0.007407407407407408,0.02962962962962963,540,4000
Plan-guided,dimension_color,second,blurred,Exact response,FD,0.0,0.00026481481481481484,0.0,0.001851851851851852,540,4000
Plan-guided,dimension_color,second,blurred,Exact response,FDC,0.0,0.0005101851851851851,0.0,0.003703703703703704,540,4000
Plan-guided,dimension_color,second,blurred,Exact response,FC,0.020370370370370372,0.0135,0.003703703703703704,0.024074074074074074,540,4000
Plan-guided,dimension_color,second,blurred,Exact response,FCD,0.0,0.0005597222222222222,0.0,0.003703703703703704,540,4000
Plan-guided,dimension_color,second,blurred,Response length,1,0.6611111111111111,0.7554708333333333,0.7185185185185186,0.7907407407407407,540,4000
Plan-guided,dimension_color,second,blurred,Response length,2,0.29074074074074074,0.1988962962962963,0.1648148148148148,0.23333333333333334,540,4000
Plan-guided,dimension_color,second,blurred,Response length,3,0.04814814814814815,0.04563287037037037,0.027777777777777776,0.06481481481481481,540,4000
Plan-guided,dimension_color,second,blurred,Initial adjective,D,0.04259259259259259,0.12100231481481481,0.09444444444444444,0.15,540,4000
Plan-guided,dimension_color,second,blurred,Initial adjective,C,0.8907407407407407,0.8465805555555556,0.8148148148148148,0.8759259259259259,540,4000
Plan-guided,dimension_color,second,blurred,Initial adjective,F,0.06666666666666667,0.03241712962962963,0.018518518518518517,0.04814814814814815,540,4000
Plan-guided,dimension_color,second,sharp,Exact response,D,0.0,0.005780398322851154,0.0,0.012578616352201259,477,4000
Plan-guided,dimension_color,second,sharp,Exact response,DC,0.0020964360587002098,0.05904874213836477,0.03773584905660377,0.08176100628930817,477,4000
Plan-guided,dimension_color,second,sharp,Exact response,DCF,0.0020964360587002098,0.02601781970649895,0.012578616352201259,0.039832285115303984,477,4000
Plan-guided,dimension_color,second,sharp,Exact response,DF,0.0,0.013222746331236898,0.0041928721174004195,0.025157232704402517,477,4000
Plan-guided,dimension_color,second,sharp,Exact response,DFC,0.006289308176100629,0.005252620545073376,0.0,0.012578616352201259,477,4000
Plan-guided,dimension_color,second,sharp,Exact response,C,0.7148846960167715,0.7692583857442348,0.7316561844863732,0.8071278825995807,477,4000
Plan-guided,dimension_color,second,sharp,Exact response,CD,0.0,0.0026614255765199167,0.0,0.008385744234800839,477,4000
Plan-guided,dimension_color,second,sharp,Exact response,CDF,0.0041928721174004195,0.004185010482180294,0.0,0.010482180293501049,477,4000
Plan-guided,dimension_color,second,sharp,Exact response,CF,0.22851153039832284,0.08099213836477986,0.05660377358490566,0.1069182389937107,477,4000
Plan-guided,dimension_color,second,sharp,Exact response,CFD,0.0,0.002916666666666667,0.0,0.008385744234800839,477,4000
Plan-guided,dimension_color,second,sharp,Exact response,F,0.020964360587002098,0.01645230607966457,0.006289308176100629,0.029350104821802937,477,4000
Plan-guided,dimension_color,second,sharp,Exact response,FD,0.0,0.0003149895178197065,0.0,0.0020964360587002098,477,4000
Plan-guided,dimension_color,second,sharp,Exact response,FDC,0.0,0.0006818658280922432,0.0,0.0041928721174004195,477,4000
Plan-guided,dimension_color,second,sharp,Exact response,FC,0.020964360587002098,0.012499475890985325,0.0041928721174004195,0.023060796645702306,477,4000
Plan-guided,dimension_color,second,sharp,Exact response,FCD,0.0,0.0007154088050314466,0.0,0.0041928721174004195,477,4000
Plan-guided,dimension_color,second,sharp,Response length,1,0.7358490566037735,0.7914910901467505,0.7547169811320755,0.8280922431865828,477,4000
Plan-guided,dimension_color,second,sharp,Response length,2,0.25157232704402516,0.1687395178197065,0.13417190775681342,0.20335429769392033,477,4000
Plan-guided,dimension_color,second,sharp,Response length,3,0.012578616352201259,0.03976939203354297,0.023060796645702306,0.05870020964360587,477,4000
Plan-guided,dimension_color,second,sharp,Initial adjective,D,0.010482180293501049,0.10932232704402514,0.08176100628930817,0.13836477987421383,477,4000
Plan-guided,dimension_color,second,sharp,Initial adjective,C,0.9475890985324947,0.8600136268343815,0.8280922431865828,0.8888888888888888,477,4000
Plan-guided,dimension_color,second,sharp,Initial adjective,F,0.041928721174004195,0.03066404612159329,0.016771488469601678,0.04821802935010482,477,4000
Plan-guided,dimension_form,both,blurred,Exact response,D,0.003766478342749529,0.0038498116760828623,0.0,0.009416195856873822,531,4000
Plan-guided,dimension_form,both,blurred,Exact response,DC,0.01694915254237288,0.04946092278719398,0.032015065913371,0.0696798493408663,531,4000
Plan-guided,dimension_form,both,blurred,Exact response,DCF,0.2900188323917137,0.20259934086629003,0.1694915254237288,0.23728813559322035,531,4000
Plan-guided,dimension_form,both,blurred,Exact response,DF,0.4067796610169492,0.10007627118644068,0.07532956685499058,0.128060263653484,531,4000
Plan-guided,dimension_form,both,blurred,Exact response,DFC,0.03389830508474576,0.031423258003766476,0.01694915254237288,0.047080979284369114,531,4000
Plan-guided,dimension_form,both,blurred,Exact response,C,0.011299435028248588,0.06712994350282486,0.047080979284369114,0.08851224105461393,531,4000
Plan-guided,dimension_form,both,blurred,Exact response,CD,0.0018832391713747645,0.00121939736346516,0.0,0.003766478342749529,531,4000
Plan-guided,dimension_form,both,blurred,Exact response,CDF,0.04143126177024482,0.020375706214689267,0.009416195856873822,0.03389830508474576,531,4000
Plan-guided,dimension_form,both,blurred,Exact response,CF,0.15065913370998116,0.3864618644067797,0.3427495291902072,0.4293785310734463,531,4000
Plan-guided,dimension_form,both,blurred,Exact response,CFD,0.005649717514124294,0.010105461393596986,0.0018832391713747645,0.018832391713747645,531,4000
Plan-guided,dimension_form,both,blurred,Exact response,F,0.01694915254237288,0.07710216572504708,0.054613935969868174,0.09981167608286252,531,4000
Plan-guided,dimension_form,both,blurred,Exact response,FD,0.0018832391713747645,0.0006092278719397364,0.0,0.003766478342749529,531,4000
Plan-guided,dimension_form,both,blurred,Exact response,FDC,0.0,0.0018954802259887006,0.0,0.005649717514124294,531,4000
Plan-guided,dimension_form,both,blurred,Exact response,FC,0.01694915254237288,0.04589265536723164,0.02824858757062147,0.064030131826742,531,4000
Plan-guided,dimension_form,both,blurred,Exact response,FCD,0.0018832391713747645,0.0017984934086629001,0.0,0.005649717514124294,531,4000
Plan-guided,dimension_form,both,blurred,Response length,1,0.032015065913371,0.1480819209039548,0.11859698681732582,0.17890772128060264,531,4000
Plan-guided,dimension_form,both,blurred,Response length,2,0.5951035781544256,0.5837203389830509,0.5404896421845574,0.6271186440677966,531,4000
Plan-guided,dimension_form,both,blurred,Response length,3,0.3728813559322034,0.2681977401129943,0.2297551789077213,0.3069679849340866,531,4000
Plan-guided,dimension_form,both,blurred,Initial adjective,D,0.751412429378531,0.387409604519774,0.3465160075329567,0.4312617702448211,531,4000
Plan-guided,dimension_form,both,blurred,Initial adjective,C,0.21092278719397364,0.48529237288135596,0.4406779661016949,0.5291902071563088,531,4000
Plan-guided,dimension_form,both,blurred,Initial adjective,F,0.03766478342749529,0.12729802259887008,0.09792843691148775,0.15630885122410546,531,4000
Plan-guided,dimension_form,both,sharp,Exact response,D,0.0020964360587002098,0.00921383647798742,0.0020964360587002098,0.018867924528301886,477,4000
Plan-guided,dimension_form,both,sharp,Exact response,DC,0.05870020964360587,0.06189046121593292,0.039832285115303984,0.0859538784067086,477,4000
Plan-guided,dimension_form,both,sharp,Exact response,DCF,0.22012578616352202,0.20351205450733753,0.16771488469601678,0.24109014675052412,477,4000
Plan-guided,dimension_form,both,sharp,Exact response,DF,0.29559748427672955,0.13701205450733756,0.1069182389937107,0.16981132075471697,477,4000
Plan-guided,dimension_form,both,sharp,Exact response,DFC,0.018867924528301886,0.03870178197064989,0.023060796645702306,0.05660377358490566,477,4000
Plan-guided,dimension_form,both,sharp,Exact response,C,0.10272536687631027,0.0723485324947589,0.050314465408805034,0.09648846960167734,477,4000
Plan-guided,dimension_form,both,sharp,Exact response,CD,0.0,0.002068658280922432,0.0,0.006289308176100629,477,4000
Plan-guided,dimension_form,both,sharp,Exact response,CDF,0.03563941299790356,0.027214360587002093,0.014675052410901468,0.0440251572327044,477,4000
Plan-guided,dimension_form,both,sharp,Exact response,CF,0.22012578616352202,0.2946357442348008,0.25361635220125783,0.33752620545073375,477,4000
Plan-guided,dimension_form,both,sharp,Exact response,CFD,0.0041928721174004195,0.012019392033542978,0.0041928721174004195,0.023060796645702306,477,4000
Plan-guided,dimension_form,both,sharp,Exact response,F,0.010482180293501049,0.08897117400419285,0.06289308176100629,0.11530398322851153,477,4000
Plan-guided,dimension_form,both,sharp,Exact response,FD,0.0020964360587002098,0.0011289308176100632,0.0,0.0041928721174004195,477,4000
Plan-guided,dimension_form,both,sharp,Exact response,FDC,0.0020964360587002098,0.003166142557651992,0.0,0.008385744234800839,477,4000
Plan-guided,dimension_form,both,sharp,Exact response,FC,0.023060796645702306,0.04566352201257862,0.027253668763102725,0.0649895178197065,477,4000
Plan-guided,dimension_form,both,sharp,Exact response,FCD,0.0041928721174004195,0.0024533542976939208,0.0,0.008385744234800839,477,4000
Plan-guided,dimension_form,both,sharp,Response length,1,0.11530398322851153,0.1705335429769392,0.13626834381551362,0.20545073375262055,477,4000
Plan-guided,dimension_form,both,sharp,Response length,2,0.59958071278826,0.5423993710691823,0.49680293501048217,0.589098532494759,477,4000
Plan-guided,dimension_form,both,sharp,Response length,3,0.2851153039832285,0.2870670859538784,0.24737945492662475,0.3312368972746331,477,4000
Plan-guided,dimension_form,both,sharp,Initial adjective,D,0.5953878406708596,0.45033018867924524,0.40461215932914046,0.4968553459119497,477,4000
Plan-guided,dimension_form,both,sharp,Initial adjective,C,0.36268343815513626,0.4082866876310272,0.36268343815513626,0.4549266247379455,477,4000
Plan-guided,dimension_form,both,sharp,Initial adjective,F,0.041928721174004195,0.14138312368972744,0.1111111111111111,0.1740041928721174,477,4000
Plan-guided,dimension_form,first,blurred,Exact response,D,0.07364341085271318,0.037468023255813956,0.02131782945736434,0.05431201550387615,516,4000
Plan-guided,dimension_form,first,blurred,Exact response,DC,0.05813953488372093,0.09822141472868216,0.07364341085271318,0.12403100775193798,516,4000
Plan-guided,dimension_form,first,blurred,Exact response,DCF,0.27906976744186046,0.31683478682170546,0.2751937984496124,0.35852713178294576,516,4000
Plan-guided,dimension_form,first,blurred,Exact response,DF,0.19767441860465115,0.11821850775193797,0.08914728682170543,0.1511627906976744,516,4000
Plan-guided,dimension_form,first,blurred,Exact response,DFC,0.029069767441860465,0.03814728682170543,0.02131782945736434,0.0562015503875969,516,4000
Plan-guided,dimension_form,first,blurred,Exact response,C,0.13953488372093023,0.060494186046511626,0.040697674418604654,0.08139534883720931,516,4000
Plan-guided,dimension_form,first,blurred,Exact response,CD,0.001937984496124031,0.0022853682170542637,0.0,0.007751937984496124,516,4000
Plan-guided,dimension_form,first,blurred,Exact response,CDF,0.025193798449612403,0.03051937984496124,0.01744186046511628,0.046511627906976744,516,4000
Plan-guided,dimension_form,first,blurred,Exact response,CF,0.16666666666666666,0.22135755813953487,0.18604651162790697,0.2596899224806202,516,4000
Plan-guided,dimension_form,first,blurred,Exact response,CFD,0.001937984496124031,0.008926841085271317,0.001937984496124031,0.01744186046511628,516,4000
Plan-guided,dimension_form,first,blurred,Exact response,F,0.005813953488372093,0.03722141472868217,0.02131782945736434,0.05426356589147287,516,4000
Plan-guided,dimension_form,first,blurred,Exact response,FD,0.0,0.0006652131782945736,0.0,0.003875968992248062,516,4000
Plan-guided,dimension_form,first,blurred,Exact response,FDC,0.0,0.001980135658914729,0.0,0.005813953488372093,516,4000
Plan-guided,dimension_form,first,blurred,Exact response,FC,0.02131782945736434,0.026128391472868218,0.013565891472868217,0.040697674418604654,516,4000
Plan-guided,dimension_form,first,blurred,Exact response,FCD,0.0,0.0015314922480620156,0.0,0.005813953488372093,516,4000
Plan-guided,dimension_form,first,blurred,Response length,1,0.2189922480620155,0.13518362403100775,0.10465116279069768,0.16472868217054262,516,4000
Plan-guided,dimension_form,first,blurred,Response length,2,0.44573643410852715,0.46687645348837215,0.42248062015503873,0.5116279069767442,516,4000
Plan-guided,dimension_form,first,blurred,Response length,3,0.33527131782945735,0.3979399224806201,0.35271317829457366,0.4418604651162791,516,4000
Plan-guided,dimension_form,first,blurred,Initial adjective,D,0.6375968992248062,0.608890019379845,0.5658914728682171,0.6511627906976745,516,4000
Plan-guided,dimension_form,first,blurred,Initial adjective,C,0.33527131782945735,0.3235833333333334,0.28294573643410853,0.3643410852713178,516,4000
Plan-guided,dimension_form,first,blurred,Initial adjective,F,0.027131782945736434,0.06752664728682171,0.046511627906976744,0.0891957364341087,516,4000
Plan-guided,dimension_form,first,sharp,Exact response,D,0.25473684210526315,0.27638999999999997,0.2294736842105263,0.32210526315789473,475,4000
Plan-guided,dimension_form,first,sharp,Exact response,DC,0.06526315789473684,0.10416,0.07578947368421053,0.13473684210526315,475,4000
Plan-guided,dimension_form,first,sharp,Exact response,DCF,0.21052631578947367,0.2770889473684211,0.23578947368421052,0.32,475,4000
Plan-guided,dimension_form,first,sharp,Exact response,DF,0.21473684210526317,0.08984526315789473,0.06315789473684211,0.11789473684210526,475,4000
Plan-guided,dimension_form,first,sharp,Exact response,DFC,0.02736842105263158,0.03656473684210526,0.021052631578947368,0.05473684210526316,475,4000
Plan-guided,dimension_form,first,sharp,Exact response,C,0.07789473684210527,0.0405957894736842,0.023157894736842106,0.05894736842105263,475,4000
Plan-guided,dimension_form,first,sharp,Exact response,CD,0.0,0.0030442105263157894,0.0,0.008421052631578947,475,4000
Plan-guided,dimension_form,first,sharp,Exact response,CDF,0.016842105263157894,0.03136684210526316,0.016842105263157894,0.04842105263157895,475,4000
Plan-guided,dimension_form,first,sharp,Exact response,CF,0.1031578947368421,0.09021157894736842,0.06526315789473684,0.11789473684210526,475,4000
Plan-guided,dimension_form,first,sharp,Exact response,CFD,0.0,0.0067857894736842094,0.0,0.014736842105263158,475,4000
Plan-guided,dimension_form,first,sharp,Exact response,F,0.00631578947368421,0.023283684210526318,0.010526315789473684,0.037894736842105266,475,4000
Plan-guided,dimension_form,first,sharp,Exact response,FD,0.002105263157894737,0.0008884210526315789,0.0,0.004210526315789474,475,4000
Plan-guided,dimension_form,first,sharp,Exact response,FDC,0.00631578947368421,0.002778421052631579,0.0,0.008421052631578947,475,4000
Plan-guided,dimension_form,first,sharp,Exact response,FC,0.01263157894736842,0.015433157894736841,0.00631578947368421,0.02736842105263158,475,4000
Plan-guided,dimension_form,first,sharp,Exact response,FCD,0.002105263157894737,0.0015631578947368418,0.0,0.00631578947368421,475,4000
Plan-guided,dimension_form,first,sharp,Response length,1,0.3389473684210526,0.34026947368421057,0.2926315789473684,0.3873684210526316,475,4000
Plan-guided,dimension_form,first,sharp,Response length,2,0.39789473684210525,0.3035826315789474,0.26105263157894737,0.3494736842105263,475,4000
Plan-guided,dimension_form,first,sharp,Response length,3,0.2631578947368421,0.3561478947368421,0.31157894736842107,0.40210526315789474,475,4000
Plan-guided,dimension_form,first,sharp,Initial adjective,D,0.7726315789473684,0.7840489473684211,0.7452631578947368,0.8210526315789474,475,4000
Plan-guided,dimension_form,first,sharp,Initial adjective,C,0.19789473684210526,0.1720042105263158,0.13894736842105262,0.20842105263157895,475,4000
Plan-guided,dimension_form,first,sharp,Initial adjective,F,0.029473684210526315,0.04394684210526316,0.02526315789473684,0.06315789473684211,475,4000
Plan-guided,dimension_form,second,blurred,Exact response,D,0.0,0.0013444444444444443,0.0,0.005555555555555556,540,4000
Plan-guided,dimension_form,second,blurred,Exact response,DC,0.001851851851851852,0.01344537037037037,0.005555555555555556,0.024074074074074074,540,4000
Plan-guided,dimension_form,second,blurred,Exact response,DCF,0.016666666666666666,0.07808657407407406,0.05740740740740741,0.10185185185185185,540,4000
Plan-guided,dimension_form,second,blurred,Exact response,DF,0.0,0.06180462962962963,0.04259259259259259,0.08152777777777795,540,4000
Plan-guided,dimension_form,second,blurred,Exact response,DFC,0.011111111111111112,0.01728148148148148,0.007407407407407408,0.02962962962962963,540,4000
Plan-guided,dimension_form,second,blurred,Exact response,C,0.04814814814814815,0.029858796296296296,0.016666666666666666,0.044444444444444446,540,4000
Plan-guided,dimension_form,second,blurred,Exact response,CD,0.0,0.00045601851851851847,0.0,0.0018981481481483166,540,4000
Plan-guided,dimension_form,second,blurred,Exact response,CDF,0.0,0.006753703703703704,0.001851851851851852,0.014814814814814815,540,4000
Plan-guided,dimension_form,second,blurred,Exact response,CF,0.24814814814814815,0.27537453703703707,0.23703703703703705,0.3148611111111113,540,4000
Plan-guided,dimension_form,second,blurred,Exact response,CFD,0.0,0.005628240740740742,0.0,0.012962962962962963,540,4000
Plan-guided,dimension_form,second,blurred,Exact response,F,0.6481481481481481,0.4661023148148148,0.4240277777777778,0.5111111111111111,540,4000
Plan-guided,dimension_form,second,blurred,Exact response,FD,0.0,0.0005101851851851851,0.0,0.003703703703703704,540,4000
Plan-guided,dimension_form,second,blurred,Exact response,FDC,0.0,0.0012351851851851849,0.0,0.005555555555555556,540,4000
Plan-guided,dimension_form,second,blurred,Exact response,FC,0.025925925925925925,0.04085185185185185,0.024074074074074074,0.05925925925925926,540,4000
Plan-guided,dimension_form,second,blurred,Exact response,FCD,0.0,0.0012666666666666666,0.0,0.005555555555555556,540,4000
Plan-guided,dimension_form,second,blurred,Response length,1,0.6962962962962963,0.49730555555555556,0.4537037037037037,0.5407407407407407,540,4000
Plan-guided,dimension_form,second,blurred,Response length,2,0.2759259259259259,0.3924425925925926,0.35,0.43703703703703706,540,4000
Plan-guided,dimension_form,second,blurred,Response length,3,0.027777777777777776,0.11025185185185185,0.08518518518518518,0.13703703703703704,540,4000
Plan-guided,dimension_form,second,blurred,Initial adjective,D,0.02962962962962963,0.1719625,0.14074074074074075,0.2037037037037037,540,4000
Plan-guided,dimension_form,second,blurred,Initial adjective,C,0.2962962962962963,0.31807129629629627,0.2777777777777778,0.3592592592592593,540,4000
Plan-guided,dimension_form,second,blurred,Initial adjective,F,0.674074074074074,0.5099662037037037,0.4666666666666667,0.5537037037037037,540,4000
Plan-guided,dimension_form,second,sharp,Exact response,D,0.0,0.002215336134453781,0.0,0.0063025210084033615,476,4000
Plan-guided,dimension_form,second,sharp,Exact response,DC,0.0021008403361344537,0.013732668067226892,0.004201680672268907,0.025210084033613446,476,4000
Plan-guided,dimension_form,second,sharp,Exact response,DCF,0.008403361344537815,0.06614758403361344,0.04411764705882353,0.08823529411764706,476,4000
Plan-guided,dimension_form,second,sharp,Exact response,DF,0.0,0.05730409663865547,0.037815126050420166,0.07983193277310924,476,4000
Plan-guided,dimension_form,second,sharp,Exact response,DFC,0.01050420168067227,0.016989495798319328,0.0063025210084033615,0.029411764705882353,476,4000
Plan-guided,dimension_form,second,sharp,Exact response,C,0.1092436974789916,0.03445745798319328,0.018907563025210083,0.052521008403361345,476,4000
Plan-guided,dimension_form,second,sharp,Exact response,CD,0.0021008403361344537,0.0006423319327731092,0.0,0.004201680672268907,476,4000
Plan-guided,dimension_form,second,sharp,Exact response,CDF,0.004201680672268907,0.009214285714285715,0.0021008403361344537,0.018907563025210083,476,4000
Plan-guided,dimension_form,second,sharp,Exact response,CF,0.18907563025210083,0.23325157563025212,0.1953781512605042,0.27310924369747897,476,4000
Plan-guided,dimension_form,second,sharp,Exact response,CFD,0.0,0.006994747899159664,0.0,0.014705882352941176,476,4000
Plan-guided,dimension_form,second,sharp,Exact response,F,0.6407563025210085,0.513735294117647,0.46638655462184875,0.5588235294117647,476,4000
Plan-guided,dimension_form,second,sharp,Exact response,FD,0.0,0.0007358193277310925,0.0,0.004201680672268907,476,4000
Plan-guided,dimension_form,second,sharp,Exact response,FDC,0.0021008403361344537,0.0018644957983193278,0.0,0.0063025210084033615,476,4000
Plan-guided,dimension_form,second,sharp,Exact response,FC,0.031512605042016806,0.040910714285714286,0.023109243697478993,0.06092436974789916,476,4000
Plan-guided,dimension_form,second,sharp,Exact response,FCD,0.0,0.001804096638655462,0.0,0.0063025210084033615,476,4000
Plan-guided,dimension_form,second,sharp,Response length,1,0.75,0.5504080882352941,0.5042016806722689,0.5966386554621849,476,4000
Plan-guided,dimension_form,second,sharp,Response length,2,0.22478991596638656,0.3465772058823529,0.3025210084033613,0.3907563025210084,476,4000
Plan-guided,dimension_form,second,sharp,Response length,3,0.025210084033613446,0.10301470588235295,0.07563025210084033,0.1323529411764706,476,4000
Plan-guided,dimension_form,second,sharp,Initial adjective,D,0.02100840336134454,0.15638918067226887,0.12394957983193278,0.19117647058823528,476,4000
Plan-guided,dimension_form,second,sharp,Initial adjective,C,0.30462184873949577,0.28456039915966386,0.24369747899159663,0.3277310924369748,476,4000
Plan-guided,dimension_form,second,sharp,Initial adjective,F,0.6743697478991597,0.5590504201680672,0.5147058823529411,0.6050420168067226,476,4000
Fully incremental,color_form,both,blurred,Exact response,D,0.003703703703703704,0.004463888888888889,0.0,0.011111111111111112,540,4000
Fully incremental,color_form,both,blurred,Exact response,DC,0.025925925925925925,0.04174351851851851,0.025925925925925925,0.05925925925925926,540,4000
Fully incremental,color_form,both,blurred,Exact response,DCF,0.08148148148148149,0.14677268518518516,0.11666666666666667,0.17777777777777778,540,4000
Fully incremental,color_form,both,blurred,Exact response,DF,0.022222222222222223,0.1391972222222222,0.10925925925925926,0.1685185185185185,540,4000
Fully incremental,color_form,both,blurred,Exact response,DFC,0.011111111111111112,0.018935185185185183,0.009259259259259259,0.03148148148148148,540,4000
Fully incremental,color_form,both,blurred,Exact response,C,0.007407407407407408,0.04172268518518518,0.025925925925925925,0.05925925925925926,540,4000
Fully incremental,color_form,both,blurred,Exact response,CD,0.0,0.0014662037037037037,0.0,0.005555555555555556,540,4000
Fully incremental,color_form,both,blurred,Exact response,CDF,0.007407407407407408,0.019470370370370367,0.009259259259259259,0.03148148148148148,540,4000
Fully incremental,color_form,both,blurred,Exact response,CF,0.7592592592592593,0.42504027777777775,0.38333333333333336,0.4666666666666667,540,4000
Fully incremental,color_form,both,blurred,Exact response,CFD,0.003703703703703704,0.022919444444444444,0.011111111111111112,0.037037037037037035,540,4000
Fully incremental,color_form,both,blurred,Exact response,F,0.012962962962962963,0.08718148148148148,0.06481481481481481,0.1111111111111111,540,4000
Fully incremental,color_form,both,blurred,Exact response,FD,0.001851851851851852,0.0009541666666666666,0.0,0.003703703703703704,540,4000
Fully incremental,color_form,both,blurred,Exact response,FDC,0.0,0.0014388888888888889,0.0,0.005555555555555556,540,4000
Fully incremental,color_form,both,blurred,Exact response,FC,0.06296296296296296,0.045711111111111105,0.02962962962962963,0.06481481481481481,540,4000
Fully incremental,color_form,both,blurred,Exact response,FCD,0.0,0.002982870370370371,0.0,0.007407407407407408,540,4000
Fully incremental,color_form,both,blurred,Response length,1,0.024074074074074074,0.13336805555555553,0.10555555555555556,0.16296296296296298,540,4000
Fully incremental,color_form,both,blurred,Response length,2,0.8722222222222222,0.6541125,0.6111111111111112,0.6944444444444444,540,4000
Fully incremental,color_form,both,blurred,Response length,3,0.1037037037037037,0.21251944444444446,0.17777777777777778,0.24814814814814815,540,4000
Fully incremental,color_form,both,blurred,Initial adjective,D,0.14444444444444443,0.35111249999999994,0.31296296296296294,0.3888888888888889,540,4000
Fully incremental,color_form,both,blurred,Initial adjective,C,0.7777777777777778,0.5106189814814815,0.4685185185185185,0.5518518518518518,540,4000
Fully incremental,color_form,both,blurred,Initial adjective,F,0.07777777777777778,0.13826851851851854,0.10925925925925926,0.1685185185185185,540,4000
Fully incremental,color_form,both,sharp,Exact response,D,0.0041928721174004195,0.005189727463312369,0.0,0.012578616352201259,477,4000
Fully incremental,color_form,both,sharp,Exact response,DC,0.014675052410901468,0.03359119496855345,0.018867924528301886,0.050314465408805034,477,4000
Fully incremental,color_form,both,sharp,Exact response,DCF,0.1090146750524109,0.11110796645702305,0.08385744234800839,0.14046121593291405,477,4000
Fully incremental,color_form,both,sharp,Exact response,DF,0.050314465408805034,0.10328092243186582,0.07756813417190776,0.1320754716981132,477,4000
Fully incremental,color_form,both,sharp,Exact response,DFC,0.023060796645702306,0.016283018867924527,0.006289308176100629,0.029350104821802937,477,4000
Fully incremental,color_form,both,sharp,Exact response,C,0.0020964360587002098,0.04837683438155136,0.029350104821802937,0.06918238993710692,477,4000
Fully incremental,color_form,both,sharp,Exact response,CD,0.0,0.001988469601677149,0.0,0.006289308176100629,477,4000
Fully incremental,color_form,both,sharp,Exact response,CDF,0.0020964360587002098,0.022526729559748424,0.010482180293501049,0.03563941299790356,477,4000
Fully incremental,color_form,both,sharp,Exact response,CF,0.7253668763102725,0.4577353249475891,0.4129979035639413,0.5010482180293501,477,4000
Fully incremental,color_form,both,sharp,Exact response,CFD,0.0,0.031115828092243183,0.016771488469601678,0.04821802935010482,477,4000
Fully incremental,color_form,both,sharp,Exact response,F,0.0041928721174004195,0.10295440251572326,0.07547169811320754,0.1320754716981132,477,4000
Fully incremental,color_form,both,sharp,Exact response,FD,0.0,0.0013632075471698116,0.0,0.006289308176100629,477,4000
Fully incremental,color_form,both,sharp,Exact response,FDC,0.0,0.001828616352201258,0.0,0.006289308176100629,477,4000
Fully incremental,color_form,both,sharp,Exact response,FC,0.0649895178197065,0.058353773584905656,0.03773584905660377,0.07966457023060797,477,4000
Fully incremental,color_form,both,sharp,Exact response,FCD,0.0,0.00430398322851153,0.0,0.010482180293501049,477,4000
Fully incremental,color_form,both,sharp,Response length,1,0.010482180293501049,0.15652096436058702,0.12368972746331237,0.19077568134171907,477,4000
Fully incremental,color_form,both,sharp,Response length,2,0.8553459119496856,0.6563128930817611,0.6142557651991615,0.6981132075471698,477,4000
Fully incremental,color_form,both,sharp,Response length,3,0.13417190775681342,0.187166142557652,0.1509433962264151,0.2222222222222222,477,4000
Fully incremental,color_form,both,sharp,Initial adjective,D,0.20125786163522014,0.2694528301886792,0.23270440251572327,0.3081761006289308,477,4000
Fully incremental,color_form,both,sharp,Initial adjective,C,0.7295597484276729,0.5617431865828092,0.5157232704402516,0.6037735849056604,477,4000
Fully incremental,color_form,both,sharp,Initial adjective,F,0.06918238993710692,0.16880398322851153,0.13417190775681342,0.20335429769392033,477,4000
Fully incremental,color_form,first,blurred,Exact response,D,0.005555555555555556,0.004648148148148149,0.0,0.011111111111111112,540,4000
Fully incremental,color_form,first,blurred,Exact response,DC,0.016666666666666666,0.0643523148148148,0.044444444444444446,0.08518518518518518,540,4000
Fully incremental,color_form,first,blurred,Exact response,DCF,0.05185185185185185,0.0308125,0.016666666666666666,0.046296296296296294,540,4000
Fully incremental,color_form,first,blurred,Exact response,DF,0.007407407407407408,0.008299074074074073,0.001851851851851852,0.016666666666666666,540,4000
Fully incremental,color_form,first,blurred,Exact response,DFC,0.009259259259259259,0.0012194444444444447,0.0,0.005555555555555556,540,4000
Fully incremental,color_form,first,blurred,Exact response,C,0.6314814814814815,0.7676041666666668,0.7277777777777777,0.8055555555555556,540,4000
Fully incremental,color_form,first,blurred,Exact response,CD,0.0,0.0033935185185185192,0.0,0.009259259259259259,540,4000
Fully incremental,color_form,first,blurred,Exact response,CDF,0.007407407407407408,0.007650462962962963,0.001851851851851852,0.014814814814814815,540,4000
Fully incremental,color_form,first,blurred,Exact response,CF,0.2518518518518518,0.09655277777777778,0.07222222222222222,0.12407407407407407,540,4000
Fully incremental,color_form,first,blurred,Exact response,CFD,0.0,0.004899537037037037,0.0,0.011111111111111112,540,4000
Fully incremental,color_form,first,blurred,Exact response,F,0.0,0.006181944444444444,0.0,0.012962962962962963,540,4000
Fully incremental,color_form,first,blurred,Exact response,FD,0.0,0.00023055555555555557,0.0,0.001851851851851852,540,4000
Fully incremental,color_form,first,blurred,Exact response,FDC,0.001851851851851852,0.00024212962962962963,0.0,0.001851851851851852,540,4000
Fully incremental,color_form,first,blurred,Exact response,FC,0.016666666666666666,0.0035259259259259263,0.0,0.009259259259259259,540,4000
Fully incremental,color_form,first,blurred,Exact response,FCD,0.0,0.00038749999999999993,0.0,0.001851851851851852,540,4000
Fully incremental,color_form,first,blurred,Response length,1,0.6370370370370371,0.7784342592592592,0.7407407407407407,0.8148148148148148,540,4000
Fully incremental,color_form,first,blurred,Response length,2,0.29259259259259257,0.17635416666666665,0.14444444444444443,0.2111111111111111,540,4000
Fully incremental,color_form,first,blurred,Response length,3,0.07037037037037037,0.045211574074074064,0.027777777777777776,0.06296296296296296,540,4000
Fully incremental,color_form,first,blurred,Initial adjective,D,0.09074074074074075,0.10933148148148147,0.08333333333333333,0.13518518518518519,540,4000
Fully incremental,color_form,first,blurred,Initial adjective,C,0.8907407407407407,0.880100462962963,0.8518518518518519,0.9074074074074074,540,4000
Fully incremental,color_form,first,blurred,Initial adjective,F,0.018518518518518517,0.010568055555555556,0.003703703703703704,0.020370370370370372,540,4000
Fully incremental,color_form,first,sharp,Exact response,D,0.008385744234800839,0.005234276729559749,0.0,0.012578616352201259,477,4000
Fully incremental,color_form,first,sharp,Exact response,DC,0.010482180293501049,0.04464517819706499,0.027253668763102725,0.06294549266247398,477,4000
Fully incremental,color_form,first,sharp,Exact response,DCF,0.031446540880503145,0.019801362683438153,0.008385744234800839,0.031446540880503145,477,4000
Fully incremental,color_form,first,sharp,Exact response,DF,0.010482180293501049,0.005319182389937107,0.0,0.012578616352201259,477,4000
Fully incremental,color_form,first,sharp,Exact response,DFC,0.008385744234800839,0.0010246331236897276,0.0,0.0041928721174004195,477,4000
Fully incremental,color_form,first,sharp,Exact response,C,0.6918238993710691,0.8013422431865829,0.7651991614255765,0.8364779874213837,477,4000
Fully incremental,color_form,first,sharp,Exact response,CD,0.0,0.004524633123689728,0.0,0.010482180293501049,477,4000
Fully incremental,color_form,first,sharp,Exact response,CDF,0.014675052410901468,0.00820020964360587,0.0020964360587002098,0.016771488469601678,477,4000
Fully incremental,color_form,first,sharp,Exact response,CF,0.20335429769392033,0.09209905660377357,0.06708595387840671,0.11949685534591195,477,4000
Fully incremental,color_form,first,sharp,Exact response,CFD,0.0,0.006156184486373166,0.0,0.014675052410901468,477,4000
Fully incremental,color_form,first,sharp,Exact response,F,0.0,0.00674895178197065,0.0,0.014675052410901468,477,4000
Fully incremental,color_form,first,sharp,Exact response,FD,0.0,0.00025,0.0,0.0020964360587002098,477,4000
Fully incremental,color_form,first,sharp,Exact response,FDC,0.0,0.0002583857442348009,0.0,0.0020964360587002098,477,4000
Fully incremental,color_form,first,sharp,Exact response,FC,0.020964360587002098,0.003938155136268344,0.0,0.010482180293501049,477,4000
Fully incremental,color_form,first,sharp,Exact response,FCD,0.0,0.00045754716981132076,0.0,0.0041928721174004195,477,4000
Fully incremental,color_form,first,sharp,Response length,1,0.70020964360587,0.8133254716981132,0.7777777777777778,0.8490566037735849,477,4000
Fully incremental,color_form,first,sharp,Response length,2,0.24528301886792453,0.15077620545073375,0.11949685534591195,0.18448637316561844,477,4000
Fully incremental,color_form,first,sharp,Response length,3,0.05450733752620545,0.03589832285115304,0.020964360587002098,0.05241090146750524,477,4000
Fully incremental,color_form,first,sharp,Initial adjective,D,0.06918238993710692,0.0760246331236897,0.05450733752620545,0.10062893081761007,477,4000
Fully incremental,color_form,first,sharp,Initial adjective,C,0.909853249475891,0.912322327044025,0.8867924528301887,0.9371069182389937,477,4000
Fully incremental,color_form,first,sharp,Initial adjective,F,0.020964360587002098,0.011653039832285115,0.0020964360587002098,0.020964360587002098,477,4000
Fully incremental,color_form,second,blurred,Exact response,D,0.0,0.001960648148148148,0.0,0.005555555555555556,540,4000
Fully incremental,color_form,second,blurred,Exact response,DC,0.0,0.011806944444444443,0.003703703703703704,0.022222222222222223,540,4000
Fully incremental,color_form,second,blurred,Exact response,DCF,0.04259259259259259,0.04187638888888889,0.025925925925925925,0.05925925925925926,540,4000
Fully incremental,color_form,second,blurred,Exact response,DF,0.016666666666666666,0.14115138888888887,0.11296296296296296,0.17037037037037037,540,4000
Fully incremental,color_form,second,blurred,Exact response,DFC,0.009259259259259259,0.019020370370370368,0.009259259259259259,0.03148148148148148,540,4000
Fully incremental,color_form,second,blurred,Exact response,C,0.001851851851851852,0.008880555555555556,0.001851851851851852,0.018518518518518517,540,4000
Fully incremental,color_form,second,blurred,Exact response,CD,0.0,0.000349537037037037,0.0,0.001851851851851852,540,4000
Fully incremental,color_form,second,blurred,Exact response,CDF,0.0,0.0027333333333333333,0.0,0.007407407407407408,540,4000
Fully incremental,color_form,second,blurred,Exact response,CF,0.21481481481481482,0.10285092592592593,0.07777777777777778,0.12962962962962962,540,4000
Fully incremental,color_form,second,blurred,Exact response,CFD,0.001851851851851852,0.005310185185185185,0.0,0.011157407407407576,540,4000
Fully incremental,color_form,second,blurred,Exact response,F,0.6722222222222223,0.6265851851851852,0.5833333333333334,0.6685185185185185,540,4000
Fully incremental,color_form,second,blurred,Exact response,FD,0.001851851851851852,0.001086111111111111,0.0,0.003703703703703704,540,4000
Fully incremental,color_form,second,blurred,Exact response,FDC,0.0,0.0018185185185185184,0.0,0.005555555555555556,540,4000
Fully incremental,color_form,second,blurred,Exact response,FC,0.03888888888888889,0.032520833333333325,0.018518518518518517,0.04814814814814815,540,4000
Fully incremental,color_form,second,blurred,Exact response,FCD,0.0,0.0020490740740740743,0.0,0.007407407407407408,540,4000
Fully incremental,color_form,second,blurred,Response length,1,0.674074074074074,0.6374263888888889,0.5944444444444444,0.6796296296296296,540,4000
Fully incremental,color_form,second,blurred,Response length,2,0.2722222222222222,0.28976574074074074,0.2518518518518518,0.3296296296296296,540,4000
Fully incremental,color_form,second,blurred,Response length,3,0.053703703703703705,0.07280787037037037,0.05185185185185185,0.09444444444444444,540,4000
Fully incremental,color_form,second,blurred,Initial adjective,D,0.06851851851851852,0.21581574074074075,0.18333333333333332,0.25,540,4000
Fully incremental,color_form,second,blurred,Initial adjective,C,0.21851851851851853,0.12012453703703704,0.09259259259259259,0.14814814814814814,540,4000
Fully incremental,color_form,second,blurred,Initial adjective,F,0.7129629629629629,0.6640597222222223,0.6222222222222222,0.7037037037037037,540,4000
Fully incremental,color_form,second,sharp,Exact response,D,0.0,0.002905136268343816,0.0,0.008385744234800839,477,4000
Fully incremental,color_form,second,sharp,Exact response,DC,0.0,0.011940251572327046,0.0041928721174004195,0.023060796645702306,477,4000
Fully incremental,color_form,second,sharp,Exact response,DCF,0.020964360587002098,0.03976781970649895,0.023060796645702306,0.05870020964360587,477,4000
Fully incremental,color_form,second,sharp,Exact response,DF,0.033542976939203356,0.13244863731656187,0.10272536687631027,0.16352201257861634,477,4000
Fully incremental,color_form,second,sharp,Exact response,DFC,0.006289308176100629,0.020748427672955976,0.008385744234800839,0.033542976939203356,477,4000
Fully incremental,color_form,second,sharp,Exact response,C,0.0,0.009080712788259959,0.0020964360587002098,0.018867924528301886,477,4000
Fully incremental,color_form,second,sharp,Exact response,CD,0.0,0.0004533542976939204,0.0,0.0020964360587002098,477,4000
Fully incremental,color_form,second,sharp,Exact response,CDF,0.0041928721174004195,0.0037127882599580723,0.0,0.010482180293501049,477,4000
Fully incremental,color_form,second,sharp,Exact response,CF,0.16771488469601678,0.08985744234800838,0.0649895178197065,0.11530398322851153,477,4000
Fully incremental,color_form,second,sharp,Exact response,CFD,0.0,0.006081236897274634,0.0,0.014675052410901468,477,4000
Fully incremental,color_form,second,sharp,Exact response,F,0.7379454926624738,0.6417175052410901,0.5974842767295597,0.6855345911949685,477,4000
Fully incremental,color_form,second,sharp,Exact response,FD,0.0,0.0018894129979035643,0.0,0.006289308176100629,477,4000
Fully incremental,color_form,second,sharp,Exact response,FDC,0.006289308176100629,0.002645702306079665,0.0,0.008385744234800839,477,4000
Fully incremental,color_form,second,sharp,Exact response,FC,0.023060796645702306,0.03421069182389937,0.018867924528301886,0.050314465408805034,477,4000
Fully incremental,color_form,second,sharp,Exact response,FCD,0.0,0.0025408805031446545,0.0,0.008385744234800839,477,4000
Fully incremental,color_form,second,sharp,Response length,1,0.7379454926624738,0.653703354297694,0.610062893081761,0.6981132075471698,477,4000
Fully incremental,color_form,second,sharp,Response length,2,0.22431865828092243,0.2707997903563942,0.22851153039832284,0.31027253668763105,477,4000
Fully incremental,color_form,second,sharp,Response length,3,0.03773584905660377,0.07549685534591195,0.05241090146750524,0.10062893081761007,477,4000
Fully incremental,color_form,second,sharp,Initial adjective,D,0.06079664570230608,0.20781027253668763,0.1719077568134172,0.2431865828092243,477,4000
Fully incremental,color_form,second,sharp,Initial adjective,C,0.1719077568134172,0.10918553459119497,0.08176100628930817,0.13836477987421383,477,4000
Fully incremental,color_form,second,sharp,Initial adjective,F,0.7672955974842768,0.6830041928721174,0.6415094339622641,0.7253668763102725,477,4000
Fully incremental,dimension_color,both,blurred,Exact response,D,0.0,0.006019944341372913,0.0,0.012987012987012988,539,4000
Fully incremental,dimension_color,both,blurred,Exact response,DC,0.06679035250463822,0.053134972170686454,0.03525046382189239,0.07240259740259757,539,4000
Fully incremental,dimension_color,both,blurred,Exact response,DCF,0.313543599257885,0.18610296846011132,0.15213358070500926,0.22082560296846027,539,4000
Fully incremental,dimension_color,both,blurred,Exact response,DF,0.08163265306122448,0.21401205936920223,0.17810760667903525,0.2504638218923933,539,4000
Fully incremental,dimension_color,both,blurred,Exact response,DFC,0.029684601113172542,0.029785714285714283,0.016697588126159554,0.04452690166975881,539,4000
Fully incremental,dimension_color,both,blurred,Exact response,C,0.00927643784786642,0.033534322820037106,0.01855287569573284,0.05009276437847866,539,4000
Fully incremental,dimension_color,both,blurred,Exact response,CD,0.0055658627087198514,0.0017235621521335806,0.0,0.0055658627087198514,539,4000
Fully incremental,dimension_color,both,blurred,Exact response,CDF,0.05194805194805195,0.02311038961038961,0.011131725417439703,0.03710575139146568,539,4000
Fully incremental,dimension_color,both,blurred,Exact response,CF,0.2764378478664193,0.28821938775510203,0.24860853432282004,0.32838589981447125,539,4000
Fully incremental,dimension_color,both,blurred,Exact response,CFD,0.0037105751391465678,0.016235157699443413,0.0074211502782931356,0.027829313543599257,539,4000
Fully incremental,dimension_color,both,blurred,Exact response,F,0.11873840445269017,0.09387894248608533,0.0686456400742115,0.11873840445269017,539,4000
Fully incremental,dimension_color,both,blurred,Exact response,FD,0.0018552875695732839,0.0015431354359925788,0.0,0.0055658627087198514,539,4000
Fully incremental,dimension_color,both,blurred,Exact response,FDC,0.0037105751391465678,0.0025046382189239332,0.0,0.0074211502782931356,539,4000
Fully incremental,dimension_color,both,blurred,Exact response,FC,0.03710575139146568,0.046918831168831165,0.029684601113172542,0.06493506493506493,539,4000
Fully incremental,dimension_color,both,blurred,Exact response,FCD,0.0,0.0032759740259740264,0.0,0.00927643784786642,539,4000
Fully incremental,dimension_color,both,blurred,Response length,1,0.1280148423005566,0.1334332096474954,0.10570500927643786,0.16326530612244897,539,4000
Fully incremental,dimension_color,both,blurred,Response length,2,0.46938775510204084,0.6055519480519481,0.562152133580705,0.647495361781076,539,4000
Fully incremental,dimension_color,both,blurred,Response length,3,0.4025974025974026,0.26101484230055655,0.22077922077922077,0.300556586270872,539,4000
Fully incremental,dimension_color,both,blurred,Initial adjective,D,0.49165120593692024,0.4890556586270872,0.4452690166975881,0.5324675324675324,539,4000
Fully incremental,dimension_color,both,blurred,Initial adjective,C,0.3469387755102041,0.3628228200371057,0.3209647495361781,0.4044526901669759,539,4000
Fully incremental,dimension_color,both,blurred,Initial adjective,F,0.1614100185528757,0.14812152133580703,0.11873840445269017,0.17810760667903525,539,4000
Fully incremental,dimension_color,both,sharp,Exact response,D,0.0,0.009876050420168066,0.0021008403361344537,0.018907563025210083,476,4000
Fully incremental,dimension_color,both,sharp,Exact response,DC,0.19747899159663865,0.058399159663865545,0.037815126050420166,0.0798844537815128,476,4000
Fully incremental,dimension_color,both,sharp,Exact response,DCF,0.30462184873949577,0.19107037815126052,0.15546218487394958,0.22899159663865545,476,4000
Fully incremental,dimension_color,both,sharp,Exact response,DF,0.11134453781512606,0.220390231092437,0.18277310924369747,0.25845588235294137,476,4000
Fully incremental,dimension_color,both,sharp,Exact response,DFC,0.031512605042016806,0.035346638655462184,0.02100840336134454,0.052521008403361345,476,4000
Fully incremental,dimension_color,both,sharp,Exact response,C,0.0,0.03505514705882353,0.018907563025210083,0.052521008403361345,476,4000
Fully incremental,dimension_color,both,sharp,Exact response,CD,0.008403361344537815,0.0028082983193277312,0.0,0.008403361344537815,476,4000
Fully incremental,dimension_color,both,sharp,Exact response,CDF,0.029411764705882353,0.03168014705882353,0.01680672268907563,0.04831932773109244,476,4000
Fully incremental,dimension_color,both,sharp,Exact response,CF,0.20378151260504201,0.23703203781512608,0.19957983193277312,0.27521008403361347,476,4000
Fully incremental,dimension_color,both,sharp,Exact response,CFD,0.004201680672268907,0.016827205882352942,0.0063025210084033615,0.029411764705882353,476,4000
Fully incremental,dimension_color,both,sharp,Exact response,F,0.08403361344537816,0.1006827731092437,0.07352941176470588,0.12815126050420167,476,4000
Fully incremental,dimension_color,both,sharp,Exact response,FD,0.0,0.002861344537815126,0.0,0.008403361344537815,476,4000
Fully incremental,dimension_color,both,sharp,Exact response,FDC,0.0,0.004064600840336135,0.0,0.01050420168067227,476,4000
Fully incremental,dimension_color,both,sharp,Exact response,FC,0.023109243697478993,0.0499248949579832,0.031512605042016806,0.06932773109243698,476,4000
Fully incremental,dimension_color,both,sharp,Exact response,FCD,0.0021008403361344537,0.003981092436974789,0.0,0.01050420168067227,476,4000
Fully incremental,dimension_color,both,sharp,Response length,1,0.08403361344537816,0.14561397058823528,0.1134453781512605,0.17857142857142858,476,4000
Fully incremental,dimension_color,both,sharp,Response length,2,0.5441176470588235,0.5714159663865545,0.5252100840336135,0.6176470588235294,476,4000
Fully incremental,dimension_color,both,sharp,Response length,3,0.37184873949579833,0.28297006302521005,0.2415966386554622,0.3277310924369748,476,4000
Fully incremental,dimension_color,both,sharp,Initial adjective,D,0.6449579831932774,0.5150824579831932,0.4684873949579832,0.5630252100840336,476,4000
Fully incremental,dimension_color,both,sharp,Initial adjective,C,0.24579831932773108,0.32340283613445375,0.2815126050420168,0.36554621848739494,476,4000
Fully incremental,dimension_color,both,sharp,Initial adjective,F,0.1092436974789916,0.16151470588235292,0.1301995798319328,0.1953781512605042,476,4000
Fully incremental,dimension_color,first,blurred,Exact response,D,0.058823529411764705,0.06523387096774194,0.04364326375711575,0.08918406072106262,527,4000
Fully incremental,dimension_color,first,blurred,Exact response,DC,0.04364326375711575,0.04484108159392789,0.028462998102466792,0.06261859582542695,527,4000
Fully incremental,dimension_color,first,blurred,Exact response,DCF,0.3055028462998102,0.15527846299810247,0.12333965844402277,0.18785578747628084,527,4000
Fully incremental,dimension_color,first,blurred,Exact response,DF,0.3510436432637571,0.4284392789373815,0.38140417457305503,0.47438330170777987,527,4000
Fully incremental,dimension_color,first,blurred,Exact response,DFC,0.03415559772296015,0.05625284629981024,0.03795066413662239,0.0777988614800759,527,4000
Fully incremental,dimension_color,first,blurred,Exact response,C,0.0056925996204933585,0.013223908918406071,0.003795066413662239,0.024667931688804556,527,4000
Fully incremental,dimension_color,first,blurred,Exact response,CD,0.0018975332068311196,0.0009193548387096775,0.0,0.003795066413662239,527,4000
Fully incremental,dimension_color,first,blurred,Exact response,CDF,0.03984819734345351,0.010641366223908919,0.0018975332068311196,0.020872865275142316,527,4000
Fully incremental,dimension_color,first,blurred,Exact response,CF,0.08918406072106262,0.10225996204933586,0.07590132827324478,0.12903225806451613,527,4000
Fully incremental,dimension_color,first,blurred,Exact response,CFD,0.0,0.006372390891840607,0.0,0.013282732447817837,527,4000
Fully incremental,dimension_color,first,blurred,Exact response,F,0.03795066413662239,0.07613709677419354,0.05313092979127135,0.10056925996204934,527,4000
Fully incremental,dimension_color,first,blurred,Exact response,FD,0.007590132827324478,0.003286053130929791,0.0,0.009487666034155597,527,4000
Fully incremental,dimension_color,first,blurred,Exact response,FDC,0.003795066413662239,0.004627134724857685,0.0,0.011385199240986717,527,4000
Fully incremental,dimension_color,first,blurred,Exact response,FC,0.017077798861480076,0.03023292220113852,0.017077798861480076,0.04554079696394687,527,4000
Fully incremental,dimension_color,first,blurred,Exact response,FCD,0.003795066413662239,0.0022542694497153697,0.0,0.007590132827324478,527,4000
Fully incremental,dimension_color,first,blurred,Response length,1,0.10246679316888045,0.15459487666034152,0.12333965844402277,0.18785578747628084,527,4000
Fully incremental,dimension_color,first,blurred,Response length,2,0.5104364326375711,0.6099786527514232,0.5654648956356736,0.6565464895635673,527,4000
Fully incremental,dimension_color,first,blurred,Response length,3,0.3870967741935484,0.2354264705882353,0.19734345351043645,0.27514231499051234,527,4000
Fully incremental,dimension_color,first,blurred,Initial adjective,D,0.793168880455408,0.750045540796964,0.7115749525616698,0.7874762808349146,527,4000
Fully incremental,dimension_color,first,blurred,Initial adjective,C,0.1366223908918406,0.13341698292220117,0.10436432637571158,0.16318785578747627,527,4000
Fully incremental,dimension_color,first,blurred,Initial adjective,F,0.07020872865275142,0.11653747628083493,0.08918406072106262,0.1442125237191651,527,4000
Fully incremental,dimension_color,first,sharp,Exact response,D,0.27157894736842103,0.24488473684210527,0.19789473684210526,0.29473684210526313,475,4000
Fully incremental,dimension_color,first,sharp,Exact response,DC,0.04421052631578947,0.04655684210526316,0.02736842105263158,0.06736842105263158,475,4000
Fully incremental,dimension_color,first,sharp,Exact response,DCF,0.1936842105263158,0.15295999999999998,0.12,0.18736842105263157,475,4000
Fully incremental,dimension_color,first,sharp,Exact response,DF,0.23157894736842105,0.3432310526315789,0.2968421052631579,0.391578947368421,475,4000
Fully incremental,dimension_color,first,sharp,Exact response,DFC,0.023157894736842106,0.05994684210526316,0.04,0.08210526315789474,475,4000
Fully incremental,dimension_color,first,sharp,Exact response,C,0.0,0.009273684210526316,0.002105263157894737,0.018947368421052633,475,4000
Fully incremental,dimension_color,first,sharp,Exact response,CD,0.0,0.0010447368421052632,0.0,0.004210526315789474,475,4000
Fully incremental,dimension_color,first,sharp,Exact response,CDF,0.018947368421052633,0.01087578947368421,0.002105263157894737,0.021052631578947368,475,4000
Fully incremental,dimension_color,first,sharp,Exact response,CF,0.09894736842105263,0.046856842105263155,0.029473684210526315,0.06736842105263158,475,4000
Fully incremental,dimension_color,first,sharp,Exact response,CFD,0.002105263157894737,0.0036236842105263154,0.0,0.010526315789473684,475,4000
Fully incremental,dimension_color,first,sharp,Exact response,F,0.1031578947368421,0.05372157894736842,0.03368421052631579,0.07578947368421053,475,4000
Fully incremental,dimension_color,first,sharp,Exact response,FD,0.002105263157894737,0.0034621052631578944,0.0,0.010526315789473684,475,4000
Fully incremental,dimension_color,first,sharp,Exact response,FDC,0.0,0.005206315789473683,0.0,0.01263157894736842,475,4000
Fully incremental,dimension_color,first,sharp,Exact response,FC,0.010526315789473684,0.016835789473684207,0.00631578947368421,0.029473684210526315,475,4000
Fully incremental,dimension_color,first,sharp,Exact response,FCD,0.0,0.0015199999999999999,0.0,0.00631578947368421,475,4000
Fully incremental,dimension_color,first,sharp,Response length,1,0.37473684210526315,0.30788,0.261,0.35578947368421054,475,4000
Fully incremental,dimension_color,first,sharp,Response length,2,0.3873684210526316,0.45798736842105264,0.4063157894736842,0.5073684210526316,475,4000
Fully incremental,dimension_color,first,sharp,Response length,3,0.23789473684210527,0.23413263157894737,0.1936842105263158,0.2736842105263158,475,4000
Fully incremental,dimension_color,first,sharp,Initial adjective,D,0.7642105263157895,0.8475794736842105,0.8126315789473684,0.8821052631578947,475,4000
Fully incremental,dimension_color,first,sharp,Initial adjective,C,0.12,0.07167473684210526,0.04842105263157895,0.0968421052631579,475,4000
Fully incremental,dimension_color,first,sharp,Initial adjective,F,0.11578947368421053,0.08074578947368422,0.056842105263157895,0.10736842105263159,475,4000
Fully incremental,dimension_color,second,blurred,Exact response,D,0.0,0.004919444444444444,0.0,0.011111111111111112,540,4000
Fully incremental,dimension_color,second,blurred,Exact response,DC,0.0,0.061464351851851846,0.04259259259259259,0.08148148148148149,540,4000
Fully incremental,dimension_color,second,blurred,Exact response,DCF,0.027777777777777776,0.029196296296296297,0.016666666666666666,0.044444444444444446,540,4000
Fully incremental,dimension_color,second,blurred,Exact response,DF,0.0,0.02104907407407407,0.009259259259259259,0.03333333333333333,540,4000
Fully incremental,dimension_color,second,blurred,Exact response,DFC,0.014814814814814815,0.0027847222222222223,0.0,0.007407407407407408,540,4000
Fully incremental,dimension_color,second,blurred,Exact response,C,0.6148148148148148,0.7320370370370369,0.6944444444444444,0.7703703703703704,540,4000
Fully incremental,dimension_color,second,blurred,Exact response,CD,0.0,0.002202314814814815,0.0,0.007407407407407408,540,4000
Fully incremental,dimension_color,second,blurred,Exact response,CDF,0.005555555555555556,0.004638425925925926,0.0,0.011111111111111112,540,4000
Fully incremental,dimension_color,second,blurred,Exact response,CF,0.27037037037037037,0.10966296296296296,0.08333333333333333,0.13703703703703704,540,4000
Fully incremental,dimension_color,second,blurred,Exact response,CFD,0.0,0.005613425925925925,0.0,0.012962962962962963,540,4000
Fully incremental,dimension_color,second,blurred,Exact response,F,0.046296296296296294,0.016410648148148146,0.007407407407407408,0.027777777777777776,540,4000
Fully incremental,dimension_color,second,blurred,Exact response,FD,0.0,0.00027175925925925924,0.0,0.001851851851851852,540,4000
Fully incremental,dimension_color,second,blurred,Exact response,FDC,0.0,0.0003375,0.0,0.001851851851851852,540,4000
Fully incremental,dimension_color,second,blurred,Exact response,FC,0.020370370370370372,0.008770833333333332,0.001851851851851852,0.016666666666666666,540,4000
Fully incremental,dimension_color,second,blurred,Exact response,FCD,0.0,0.0006412037037037037,0.0,0.003703703703703704,540,4000
Fully incremental,dimension_color,second,blurred,Response length,1,0.6611111111111111,0.7533671296296296,0.7166666666666667,0.7907407407407407,540,4000
Fully incremental,dimension_color,second,blurred,Response length,2,0.29074074074074074,0.2034212962962963,0.1685185185185185,0.2388888888888889,540,4000
Fully incremental,dimension_color,second,blurred,Response length,3,0.04814814814814815,0.043211574074074076,0.025925925925925925,0.06111111111111111,540,4000
Fully incremental,dimension_color,second,blurred,Initial adjective,D,0.04259259259259259,0.11941388888888889,0.09259259259259259,0.14814814814814814,540,4000
Fully incremental,dimension_color,second,blurred,Initial adjective,C,0.8907407407407407,0.8541541666666667,0.8222222222222222,0.8833333333333333,540,4000
Fully incremental,dimension_color,second,blurred,Initial adjective,F,0.06666666666666667,0.026431944444444445,0.012962962962962963,0.040740740740740744,540,4000
Fully incremental,dimension_color,second,sharp,Exact response,D,0.0,0.007406708595387841,0.0,0.016771488469601678,477,4000
Fully incremental,dimension_color,second,sharp,Exact response,DC,0.0020964360587002098,0.05839412997903564,0.03773584905660377,0.08176100628930817,477,4000
Fully incremental,dimension_color,second,sharp,Exact response,DCF,0.0020964360587002098,0.025737945492662475,0.012578616352201259,0.041928721174004195,477,4000
Fully incremental,dimension_color,second,sharp,Exact response,DF,0.0,0.017922431865828092,0.006289308176100629,0.031446540880503145,477,4000
Fully incremental,dimension_color,second,sharp,Exact response,DFC,0.006289308176100629,0.0027557651991614264,0.0,0.008385744234800839,477,4000
Fully incremental,dimension_color,second,sharp,Exact response,C,0.7148846960167715,0.7523909853249475,0.7127882599580713,0.7945492662473794,477,4000
Fully incremental,dimension_color,second,sharp,Exact response,CD,0.0,0.0037468553459119504,0.0,0.010482180293501049,477,4000
Fully incremental,dimension_color,second,sharp,Exact response,CDF,0.0041928721174004195,0.006754192872117401,0.0,0.014675052410901468,477,4000
Fully incremental,dimension_color,second,sharp,Exact response,CF,0.22851153039832284,0.09147536687631026,0.0649895178197065,0.11740041928721175,477,4000
Fully incremental,dimension_color,second,sharp,Exact response,CFD,0.0,0.006171907756813417,0.0,0.014675052410901468,477,4000
Fully incremental,dimension_color,second,sharp,Exact response,F,0.020964360587002098,0.016318134171907757,0.006289308176100629,0.029350104821802937,477,4000
Fully incremental,dimension_color,second,sharp,Exact response,FD,0.0,0.00033438155136268345,0.0,0.0020964360587002098,477,4000
Fully incremental,dimension_color,second,sharp,Exact response,FDC,0.0,0.0004339622641509434,0.0,0.0020964360587002098,477,4000
Fully incremental,dimension_color,second,sharp,Exact response,FC,0.020964360587002098,0.00934853249475891,0.0020964360587002098,0.018867924528301886,477,4000
Fully incremental,dimension_color,second,sharp,Exact response,FCD,0.0,0.0008087002096436061,0.0,0.0041928721174004195,477,4000
Fully incremental,dimension_color,second,sharp,Response length,1,0.7358490566037735,0.7761158280922432,0.7379454926624738,0.8134171907756813,477,4000
Fully incremental,dimension_color,second,sharp,Response length,2,0.25157232704402516,0.18122169811320754,0.14675052410901468,0.21593291404612158,477,4000
Fully incremental,dimension_color,second,sharp,Response length,3,0.012578616352201259,0.042662473794549266,0.025157232704402517,0.06289308176100629,477,4000
Fully incremental,dimension_color,second,sharp,Initial adjective,D,0.010482180293501049,0.11221698113207546,0.08385744234800839,0.14046121593291405,477,4000
Fully incremental,dimension_color,second,sharp,Initial adjective,C,0.9475890985324947,0.8605393081761006,0.8280922431865828,0.8909853249475891,477,4000
Fully incremental,dimension_color,second,sharp,Initial adjective,F,0.041928721174004195,0.0272437106918239,0.012578616352201259,0.0440251572327044,477,4000
Fully incremental,dimension_form,both,blurred,Exact response,D,0.003766478342749529,0.005227871939736346,0.0,0.011299435028248588,531,4000
Fully incremental,dimension_form,both,blurred,Exact response,DC,0.01694915254237288,0.05524340866290019,0.03766478342749529,0.07537664783427513,531,4000
Fully incremental,dimension_form,both,blurred,Exact response,DCF,0.2900188323917137,0.1930560263653484,0.15819209039548024,0.2278719397363465,531,4000
Fully incremental,dimension_form,both,blurred,Exact response,DF,0.4067796610169492,0.11860734463276836,0.09227871939736347,0.1487758945386064,531,4000
Fully incremental,dimension_form,both,blurred,Exact response,DFC,0.03389830508474576,0.016274952919020712,0.005649717514124294,0.02824858757062147,531,4000
Fully incremental,dimension_form,both,blurred,Exact response,C,0.011299435028248588,0.048622410546139354,0.032015065913371,0.06779661016949153,531,4000
Fully incremental,dimension_form,both,blurred,Exact response,CD,0.0018832391713747645,0.002420433145009416,0.0,0.007532956685499058,531,4000
Fully incremental,dimension_form,both,blurred,Exact response,CDF,0.04143126177024482,0.03522881355932204,0.02071563088512241,0.05273069679849341,531,4000
Fully incremental,dimension_form,both,blurred,Exact response,CF,0.15065913370998116,0.40447551789077213,0.3615819209039548,0.448210922787194,531,4000
Fully incremental,dimension_form,both,blurred,Exact response,CFD,0.005649717514124294,0.022334745762711862,0.011299435028248588,0.035781544256120526,531,4000
Fully incremental,dimension_form,both,blurred,Exact response,F,0.01694915254237288,0.06154943502824859,0.04143126177024482,0.08286252354048965,531,4000
Fully incremental,dimension_form,both,blurred,Exact response,FD,0.0018832391713747645,0.0007994350282485876,0.0,0.003766478342749529,531,4000
Fully incremental,dimension_form,both,blurred,Exact response,FDC,0.0,0.001185969868173258,0.0,0.005649717514124294,531,4000
Fully incremental,dimension_form,both,blurred,Exact response,FC,0.01694915254237288,0.03272693032015066,0.018785310734463292,0.04896421845574388,531,4000
Fully incremental,dimension_form,both,blurred,Exact response,FCD,0.0018832391713747645,0.0022467043314500943,0.0,0.007532956685499058,531,4000
Fully incremental,dimension_form,both,blurred,Response length,1,0.032015065913371,0.11539971751412428,0.08851224105461393,0.1431261770244821,531,4000
Fully incremental,dimension_form,both,blurred,Response length,2,0.5951035781544256,0.6142730696798494,0.5743408662900188,0.6572504708097928,531,4000
Fully incremental,dimension_form,both,blurred,Response length,3,0.3728813559322034,0.2703272128060264,0.23163841807909605,0.30701506591337113,531,4000
Fully incremental,dimension_form,both,blurred,Initial adjective,D,0.751412429378531,0.388409604519774,0.3483992467043315,0.4312617702448211,531,4000
Fully incremental,dimension_form,both,blurred,Initial adjective,C,0.21092278719397364,0.5130819209039548,0.4689265536723164,0.5574387947269304,531,4000
Fully incremental,dimension_form,both,blurred,Initial adjective,F,0.03766478342749529,0.09850847457627118,0.07344632768361582,0.12434086629001902,531,4000
Fully incremental,dimension_form,both,sharp,Exact response,D,0.0020964360587002098,0.009178721174004194,0.0020964360587002098,0.018867924528301886,477,4000
Fully incremental,dimension_form,both,sharp,Exact response,DC,0.05870020964360587,0.06198846960167715,0.041928721174004195,0.08385744234800839,477,4000
Fully incremental,dimension_form,both,sharp,Exact response,DCF,0.22012578616352202,0.20300052410901467,0.16561844863731656,0.24109014675052412,477,4000
Fully incremental,dimension_form,both,sharp,Exact response,DF,0.29559748427672955,0.14459591194968555,0.11530398322851153,0.17819706498951782,477,4000
Fully incremental,dimension_form,both,sharp,Exact response,DFC,0.018867924528301886,0.02343081761006289,0.010482180293501049,0.03773584905660377,477,4000
Fully incremental,dimension_form,both,sharp,Exact response,C,0.10272536687631027,0.04952882599580712,0.031446540880503145,0.06918238993710692,477,4000
Fully incremental,dimension_form,both,sharp,Exact response,CD,0.0,0.003863731656184487,0.0,0.010482180293501049,477,4000
Fully incremental,dimension_form,both,sharp,Exact response,CDF,0.03563941299790356,0.046291928721174005,0.027253668763102725,0.06708595387840671,477,4000
Fully incremental,dimension_form,both,sharp,Exact response,CF,0.22012578616352202,0.3214229559748428,0.27882599580712786,0.3668763102725367,477,4000
Fully incremental,dimension_form,both,sharp,Exact response,CFD,0.0041928721174004195,0.02276991614255765,0.010482180293501049,0.03563941299790356,477,4000
Fully incremental,dimension_form,both,sharp,Exact response,F,0.010482180293501049,0.07004402515723271,0.04821802935010482,0.09433962264150944,477,4000
Fully incremental,dimension_form,both,sharp,Exact response,FD,0.0020964360587002098,0.0016006289308176105,0.0,0.006289308176100629,477,4000
Fully incremental,dimension_form,both,sharp,Exact response,FDC,0.0020964360587002098,0.0022589098532494766,0.0,0.008385744234800839,477,4000
Fully incremental,dimension_form,both,sharp,Exact response,FC,0.023060796645702306,0.03710010482180293,0.020964360587002098,0.05450733752620545,477,4000
Fully incremental,dimension_form,both,sharp,Exact response,FCD,0.0041928721174004195,0.002924528301886793,0.0,0.008385744234800839,477,4000
Fully incremental,dimension_form,both,sharp,Response length,1,0.11530398322851153,0.128751572327044,0.09853249475890985,0.16142557651991615,477,4000
Fully incremental,dimension_form,both,sharp,Response length,2,0.59958071278826,0.5705718029350104,0.5261530398322851,0.6143081761006292,477,4000
Fully incremental,dimension_form,both,sharp,Response length,3,0.2851153039832285,0.30067662473794554,0.2578616352201258,0.3438155136268344,477,4000
Fully incremental,dimension_form,both,sharp,Initial adjective,D,0.5953878406708596,0.44219444444444445,0.3941299790356394,0.48846960167714887,477,4000
Fully incremental,dimension_form,both,sharp,Initial adjective,C,0.36268343815513626,0.44387735849056603,0.39832285115303984,0.49056603773584906,477,4000
Fully incremental,dimension_form,both,sharp,Initial adjective,F,0.041928721174004195,0.11392819706498951,0.0859538784067086,0.14255765199161424,477,4000
Fully incremental,dimension_form,first,blurred,Exact response,D,0.07364341085271318,0.07231104651162791,0.050387596899224806,0.09689922480620156,516,4000
Fully incremental,dimension_form,first,blurred,Exact response,DC,0.05813953488372093,0.08509883720930231,0.06201550387596899,0.11046511627906977,516,4000
Fully incremental,dimension_form,first,blurred,Exact response,DCF,0.27906976744186046,0.29435368217054264,0.25387596899224807,0.33527131782945735,516,4000
Fully incremental,dimension_form,first,blurred,Exact response,DF,0.19767441860465115,0.12332461240310078,0.09302325581395349,0.15503875968992248,516,4000
Fully incremental,dimension_form,first,blurred,Exact response,DFC,0.029069767441860465,0.016000968992248062,0.005813953488372093,0.027131782945736434,516,4000
Fully incremental,dimension_form,first,blurred,Exact response,C,0.13953488372093023,0.04508720930232558,0.027131782945736434,0.06395348837209303,516,4000
Fully incremental,dimension_form,first,blurred,Exact response,CD,0.001937984496124031,0.0037606589147286826,0.0,0.009689922480620155,516,4000
Fully incremental,dimension_form,first,blurred,Exact response,CDF,0.025193798449612403,0.053140988372093016,0.03488372093023256,0.07364341085271318,516,4000
Fully incremental,dimension_form,first,blurred,Exact response,CF,0.16666666666666666,0.2379147286821705,0.1996124031007752,0.27906976744186046,516,4000
Fully incremental,dimension_form,first,blurred,Exact response,CFD,0.001937984496124031,0.013591569767441861,0.003875968992248062,0.025193798449612403,516,4000
Fully incremental,dimension_form,first,blurred,Exact response,F,0.005813953488372093,0.034823643410852714,0.01937984496124031,0.05232558139534884,516,4000
Fully incremental,dimension_form,first,blurred,Exact response,FD,0.0,0.0007747093023255814,0.0,0.003875968992248062,516,4000
Fully incremental,dimension_form,first,blurred,Exact response,FDC,0.0,0.001056686046511628,0.0,0.003875968992248062,516,4000
Fully incremental,dimension_form,first,blurred,Exact response,FC,0.02131782945736434,0.017436046511627907,0.005813953488372093,0.029069767441860465,516,4000
Fully incremental,dimension_form,first,blurred,Exact response,FCD,0.0,0.0013246124031007754,0.0,0.005813953488372093,516,4000
Fully incremental,dimension_form,first,blurred,Response length,1,0.2189922480620155,0.1522218992248062,0.12015503875968993,0.18410852713178294,516,4000
Fully incremental,dimension_form,first,blurred,Response length,2,0.44573643410852715,0.46830959302325587,0.42248062015503873,0.5135658914728682,516,4000
Fully incremental,dimension_form,first,blurred,Response length,3,0.33527131782945735,0.37946850775193797,0.33527131782945735,0.42248062015503873,516,4000
Fully incremental,dimension_form,first,blurred,Initial adjective,D,0.6375968992248062,0.5910891472868217,0.5465116279069767,0.6356589147286822,516,4000
Fully incremental,dimension_form,first,blurred,Initial adjective,C,0.33527131782945735,0.3534951550387597,0.31007751937984496,0.39728682170542634,516,4000
Fully incremental,dimension_form,first,blurred,Initial adjective,F,0.027131782945736434,0.055415697674418604,0.036773255813953507,0.0755813953488372,516,4000
Fully incremental,dimension_form,first,sharp,Exact response,D,0.25473684210526315,0.27965263157894743,0.23157894736842105,0.33052631578947367,475,4000
Fully incremental,dimension_form,first,sharp,Exact response,DC,0.06526315789473684,0.08577315789473684,0.061052631578947365,0.11368421052631579,475,4000
Fully incremental,dimension_form,first,sharp,Exact response,DCF,0.21052631578947367,0.28128684210526317,0.24,0.32421052631578945,475,4000
Fully incremental,dimension_form,first,sharp,Exact response,DF,0.21473684210526317,0.09658736842105262,0.06947368421052631,0.12631578947368421,475,4000
Fully incremental,dimension_form,first,sharp,Exact response,DFC,0.02736842105263158,0.016896315789473683,0.00631578947368421,0.029473684210526315,475,4000
Fully incremental,dimension_form,first,sharp,Exact response,C,0.07789473684210527,0.034010000000000006,0.018947368421052633,0.05263157894736842,475,4000
Fully incremental,dimension_form,first,sharp,Exact response,CD,0.0,0.00423157894736842,0.0,0.010526315789473684,475,4000
Fully incremental,dimension_form,first,sharp,Exact response,CDF,0.016842105263157894,0.05183263157894737,0.03368421052631579,0.07368421052631578,475,4000
Fully incremental,dimension_form,first,sharp,Exact response,CF,0.1031578947368421,0.10129052631578947,0.07368421052631578,0.12842105263157894,475,4000
Fully incremental,dimension_form,first,sharp,Exact response,CFD,0.0,0.00724157894736842,0.0,0.014736842105263158,475,4000
Fully incremental,dimension_form,first,sharp,Exact response,F,0.00631578947368421,0.025707368421052635,0.01263157894736842,0.04,475,4000
Fully incremental,dimension_form,first,sharp,Exact response,FD,0.002105263157894737,0.0009494736842105263,0.0,0.004210526315789474,475,4000
Fully incremental,dimension_form,first,sharp,Exact response,FDC,0.00631578947368421,0.001434736842105263,0.0,0.00631578947368421,475,4000
Fully incremental,dimension_form,first,sharp,Exact response,FC,0.01263157894736842,0.011989473684210527,0.002105263157894737,0.023157894736842106,475,4000
Fully incremental,dimension_form,first,sharp,Exact response,FCD,0.002105263157894737,0.0011163157894736842,0.0,0.004210526315789474,475,4000
Fully incremental,dimension_form,first,sharp,Response length,1,0.3389473684210526,0.33937,0.2926315789473684,0.3894736842105263,475,4000
Fully incremental,dimension_form,first,sharp,Response length,2,0.39789473684210525,0.3008215789473684,0.25684210526315787,0.3452631578947368,475,4000
Fully incremental,dimension_form,first,sharp,Response length,3,0.2631578947368421,0.35980842105263156,0.31157894736842107,0.40842105263157896,475,4000
Fully incremental,dimension_form,first,sharp,Initial adjective,D,0.7726315789473684,0.7601963157894736,0.72,0.8,475,4000
Fully incremental,dimension_form,first,sharp,Initial adjective,C,0.19789473684210526,0.1986063157894737,0.16210526315789472,0.23789473684210527,475,4000
Fully incremental,dimension_form,first,sharp,Initial adjective,F,0.029473684210526315,0.04119736842105263,0.023157894736842106,0.061052631578947365,475,4000
Fully incremental,dimension_form,second,blurred,Exact response,D,0.0,0.001998148148148148,0.0,0.005555555555555556,540,4000
Fully incremental,dimension_form,second,blurred,Exact response,DC,0.001851851851851852,0.019425925925925923,0.009259259259259259,0.03148148148148148,540,4000
Fully incremental,dimension_form,second,blurred,Exact response,DCF,0.016666666666666666,0.06958611111111111,0.04814814814814815,0.09259259259259259,540,4000
Fully incremental,dimension_form,second,blurred,Exact response,DF,0.0,0.07610324074074075,0.05555555555555555,0.1,540,4000
Fully incremental,dimension_form,second,blurred,Exact response,DFC,0.011111111111111112,0.010143518518518519,0.001851851851851852,0.020370370370370372,540,4000
Fully incremental,dimension_form,second,blurred,Exact response,C,0.04814814814814815,0.023355555555555553,0.011111111111111112,0.037037037037037035,540,4000
Fully incremental,dimension_form,second,blurred,Exact response,CD,0.0,0.0007287037037037036,0.0,0.003703703703703704,540,4000
Fully incremental,dimension_form,second,blurred,Exact response,CDF,0.0,0.009106944444444444,0.001851851851851852,0.018518518518518517,540,4000
Fully incremental,dimension_form,second,blurred,Exact response,CF,0.24814814814814815,0.2535087962962963,0.21666666666666667,0.29259259259259257,540,4000
Fully incremental,dimension_form,second,blurred,Exact response,CFD,0.0,0.013215740740740741,0.003703703703703704,0.024074074074074074,540,4000
Fully incremental,dimension_form,second,blurred,Exact response,F,0.6481481481481481,0.49163287037037035,0.44814814814814813,0.5351851851851852,540,4000
Fully incremental,dimension_form,second,blurred,Exact response,FD,0.0,0.0005361111111111111,0.0,0.003703703703703704,540,4000
Fully incremental,dimension_form,second,blurred,Exact response,FDC,0.0,0.0008513888888888887,0.0,0.003703703703703704,540,4000
Fully incremental,dimension_form,second,blurred,Exact response,FC,0.025925925925925925,0.028055555555555556,0.014814814814814815,0.04259259259259259,540,4000
Fully incremental,dimension_form,second,blurred,Exact response,FCD,0.0,0.001751388888888889,0.0,0.005555555555555556,540,4000
Fully incremental,dimension_form,second,blurred,Response length,1,0.6962962962962963,0.516986574074074,0.4722222222222222,0.5611111111111111,540,4000
Fully incremental,dimension_form,second,blurred,Response length,2,0.2759259259259259,0.37835833333333335,0.3351851851851852,0.4222222222222222,540,4000
Fully incremental,dimension_form,second,blurred,Response length,3,0.027777777777777776,0.10465509259259259,0.07962962962962963,0.13148148148148148,540,4000
Fully incremental,dimension_form,second,blurred,Initial adjective,D,0.02962962962962963,0.17725694444444445,0.14444444444444443,0.2111111111111111,540,4000
Fully incremental,dimension_form,second,blurred,Initial adjective,C,0.2962962962962963,0.29991574074074073,0.2611111111111111,0.34074074074074073,540,4000
Fully incremental,dimension_form,second,blurred,Initial adjective,F,0.674074074074074,0.5228273148148148,0.47962962962962963,0.5666666666666667,540,4000
Fully incremental,dimension_form,second,sharp,Exact response,D,0.0,0.002901785714285714,0.0,0.008403361344537815,476,4000
Fully incremental,dimension_form,second,sharp,Exact response,DC,0.0021008403361344537,0.019228991596638656,0.008403361344537815,0.031512605042016806,476,4000
Fully incremental,dimension_form,second,sharp,Exact response,DCF,0.008403361344537815,0.06360084033613446,0.04201680672268908,0.08823529411764706,476,4000
Fully incremental,dimension_form,second,sharp,Exact response,DF,0.0,0.06981407563025209,0.04831932773109244,0.09453781512605042,476,4000
Fully incremental,dimension_form,second,sharp,Exact response,DFC,0.01050420168067227,0.010918592436974791,0.0021008403361344537,0.02100840336134454,476,4000
Fully incremental,dimension_form,second,sharp,Exact response,C,0.1092436974789916,0.02415861344537815,0.01050420168067227,0.03991596638655462,476,4000
Fully incremental,dimension_form,second,sharp,Exact response,CD,0.0021008403361344537,0.0011486344537815125,0.0,0.004201680672268907,476,4000
Fully incremental,dimension_form,second,sharp,Exact response,CDF,0.004201680672268907,0.012953781512605044,0.004201680672268907,0.023109243697478993,476,4000
Fully incremental,dimension_form,second,sharp,Exact response,CF,0.18907563025210083,0.22130777310924374,0.18487394957983194,0.2605042016806723,476,4000
Fully incremental,dimension_form,second,sharp,Exact response,CFD,0.0,0.014810399159663864,0.004201680672268907,0.0273109243697479,476,4000
Fully incremental,dimension_form,second,sharp,Exact response,F,0.6407563025210085,0.5232762605042016,0.47478991596638653,0.5714285714285714,476,4000
Fully incremental,dimension_form,second,sharp,Exact response,FD,0.0,0.000921218487394958,0.0,0.004201680672268907,476,4000
Fully incremental,dimension_form,second,sharp,Exact response,FDC,0.0021008403361344537,0.0013040966386554623,0.0,0.0063025210084033615,476,4000
Fully incremental,dimension_form,second,sharp,Exact response,FC,0.031512605042016806,0.031190126050420167,0.01680672268907563,0.04831932773109244,476,4000
Fully incremental,dimension_form,second,sharp,Exact response,FCD,0.0,0.002464810924369748,0.0,0.008403361344537815,476,4000
Fully incremental,dimension_form,second,sharp,Response length,1,0.75,0.5503366596638655,0.5021008403361344,0.5987394957983193,476,4000
Fully incremental,dimension_form,second,sharp,Response length,2,0.22478991596638656,0.3436108193277311,0.29831932773109243,0.38865546218487396,476,4000
Fully incremental,dimension_form,second,sharp,Response length,3,0.025210084033613446,0.10605252100840337,0.07773109243697479,0.13655462184873948,476,4000
Fully incremental,dimension_form,second,sharp,Initial adjective,D,0.02100840336134454,0.16646428571428568,0.1323529411764706,0.20168067226890757,476,4000
Fully incremental,dimension_form,second,sharp,Initial adjective,C,0.30462184873949577,0.2743792016806722,0.23319327731092437,0.3172268907563025,476,4000
Fully incremental,dimension_form,second,sharp,Initial adjective,F,0.6743697478991597,0.5591565126050421,0.5105042016806722,0.6071428571428571,476,4000
