parameter,parameter_group,combination,relevant_property,sharpness,category,predicted_mean,predicted_q025,predicted_q975,observed_proportion,participants,trials
Pragmatic optimality,Lower 15%,dimension_color,first,sharp,D,0.12567857142857142,0.061224489795918366,0.19387755102040816,0.01020408163265306,17,98
Pragmatic optimality,Lower 15%,dimension_color,first,sharp,DC,0.03027040816326531,0.0,0.07142857142857142,0.02040816326530612,17,98
Pragmatic optimality,Lower 15%,dimension_color,first,sharp,DCF,0.2204974489795918,0.14285714285714285,0.30612244897959184,0.24489795918367346,17,98
Pragmatic optimality,Lower 15%,dimension_color,first,sharp,DF,0.30828316326530614,0.21428571428571427,0.40816326530612246,0.19387755102040816,17,98
Pragmatic optimality,Lower 15%,dimension_color,first,sharp,DFC,0.09262244897959183,0.04081632653061224,0.15306122448979592,0.05102040816326531,17,98
Pragmatic optimality,Lower 15%,dimension_color,first,sharp,C,0.006772959183673469,0.0,0.030612244897959183,0.0,17,98
Pragmatic optimality,Lower 15%,dimension_color,first,sharp,CD,0.0008316326530612244,0.0,0.01020408163265306,0.0,17,98
Pragmatic optimality,Lower 15%,dimension_color,first,sharp,CDF,0.0178265306122449,0.0,0.05102040816326531,0.030612244897959183,17,98
Pragmatic optimality,Lower 15%,dimension_color,first,sharp,CF,0.07877295918367347,0.030612244897959183,0.1326530612244898,0.336734693877551,17,98
Pragmatic optimality,Lower 15%,dimension_color,first,sharp,CFD,0.008380102040816325,0.0,0.030612244897959183,0.0,17,98
Pragmatic optimality,Lower 15%,dimension_color,first,sharp,F,0.060954081632653055,0.02040816326530612,0.11224489795918367,0.07142857142857142,17,98
Pragmatic optimality,Lower 15%,dimension_color,first,sharp,FD,0.0043239795918367345,0.0,0.02040816326530612,0.0,17,98
Pragmatic optimality,Lower 15%,dimension_color,first,sharp,FDC,0.00942091836734694,0.0,0.030612244897959183,0.0,17,98
Pragmatic optimality,Lower 15%,dimension_color,first,sharp,FC,0.03158163265306122,0.0,0.07142857142857142,0.04081632653061224,17,98
Pragmatic optimality,Lower 15%,dimension_color,first,sharp,FCD,0.003783163265306122,0.0,0.02040816326530612,0.0,17,98
Pragmatic optimality,Lower 15%,dimension_form,first,sharp,D,0.1423392857142857,0.07142857142857142,0.21428571428571427,0.04081632653061224,17,98
Pragmatic optimality,Lower 15%,dimension_form,first,sharp,DC,0.08953061224489796,0.04081632653061224,0.15306122448979592,0.08163265306122448,17,98
Pragmatic optimality,Lower 15%,dimension_form,first,sharp,DCF,0.32986734693877556,0.23469387755102042,0.41836734693877553,0.20408163265306123,17,98
Pragmatic optimality,Lower 15%,dimension_form,first,sharp,DF,0.08315051020408162,0.030612244897959183,0.14285714285714285,0.17346938775510204,17,98
Pragmatic optimality,Lower 15%,dimension_form,first,sharp,DFC,0.06611734693877551,0.02040816326530612,0.12244897959183673,0.11224489795918367,17,98
Pragmatic optimality,Lower 15%,dimension_form,first,sharp,C,0.029691326530612246,0.0,0.07142857142857142,0.05102040816326531,17,98
Pragmatic optimality,Lower 15%,dimension_form,first,sharp,CD,0.003581632653061224,0.0,0.02040816326530612,0.0,17,98
Pragmatic optimality,Lower 15%,dimension_form,first,sharp,CDF,0.057341836734693875,0.02040816326530612,0.11224489795918367,0.0,17,98
Pragmatic optimality,Lower 15%,dimension_form,first,sharp,CF,0.1275765306122449,0.061224489795918366,0.19387755102040816,0.2755102040816326,17,98
Pragmatic optimality,Lower 15%,dimension_form,first,sharp,CFD,0.013076530612244898,0.0,0.04081632653061224,0.0,17,98
Pragmatic optimality,Lower 15%,dimension_form,first,sharp,F,0.019267857142857142,0.0,0.05102040816326531,0.0,17,98
Pragmatic optimality,Lower 15%,dimension_form,first,sharp,FD,0.0011734693877551018,0.0,0.01020408163265306,0.0,17,98
Pragmatic optimality,Lower 15%,dimension_form,first,sharp,FDC,0.0062780612244897945,0.0,0.030612244897959183,0.0,17,98
Pragmatic optimality,Lower 15%,dimension_form,first,sharp,FC,0.027903061224489798,0.0,0.061224489795918366,0.061224489795918366,17,98
Pragmatic optimality,Lower 15%,dimension_form,first,sharp,FCD,0.0031045918367346935,0.0,0.02040816326530612,0.0,17,98
Pragmatic optimality,Lower 15%,color_form,first,sharp,D,0.002893939393939394,0.0,0.020202020202020204,0.010101010101010102,17,99
Pragmatic optimality,Lower 15%,color_form,first,sharp,DC,0.09374494949494949,0.04040404040404041,0.15151515151515152,0.0,17,99
Pragmatic optimality,Lower 15%,color_form,first,sharp,DCF,0.028532828282828285,0.0,0.06085858585858678,0.10101010101010101,17,99
Pragmatic optimality,Lower 15%,color_form,first,sharp,DF,0.005174242424242425,0.0,0.020202020202020204,0.030303030303030304,17,99
Pragmatic optimality,Lower 15%,color_form,first,sharp,DFC,0.007669191919191919,0.0,0.030303030303030304,0.04040404040404041,17,99
Pragmatic optimality,Lower 15%,color_form,first,sharp,C,0.7384949494949495,0.6464646464646465,0.8181818181818182,0.3434343434343434,17,99
Pragmatic optimality,Lower 15%,color_form,first,sharp,CD,0.004724747474747475,0.0,0.020202020202020204,0.0,17,99
Pragmatic optimality,Lower 15%,color_form,first,sharp,CDF,0.007694444444444445,0.0,0.030303030303030304,0.020202020202020204,17,99
Pragmatic optimality,Lower 15%,color_form,first,sharp,CF,0.08836868686868686,0.04040404040404041,0.1414141414141414,0.3939393939393939,17,99
Pragmatic optimality,Lower 15%,color_form,first,sharp,CFD,0.0055681818181818185,0.0,0.020202020202020204,0.0,17,99
Pragmatic optimality,Lower 15%,color_form,first,sharp,F,0.004525252525252526,0.0,0.020202020202020204,0.0,17,99
Pragmatic optimality,Lower 15%,color_form,first,sharp,FD,0.00023232323232323234,0.0,0.0,0.0,17,99
Pragmatic optimality,Lower 15%,color_form,first,sharp,FDC,0.0008308080808080809,0.0,0.010101010101010102,0.0,17,99
Pragmatic optimality,Lower 15%,color_form,first,sharp,FC,0.010866161616161616,0.0,0.030303030303030304,0.06060606060606061,17,99
Pragmatic optimality,Lower 15%,color_form,first,sharp,FCD,0.0006792929292929294,0.0,0.010101010101010102,0.0,17,99
Pragmatic optimality,Lower 15%,dimension_color,both,sharp,D,0.002280303030303031,0.0,0.010101010101010102,0.0,17,99
Pragmatic optimality,Lower 15%,dimension_color,both,sharp,DC,0.028904040404040404,0.0,0.06060606060606061,0.06060606060606061,17,99
Pragmatic optimality,Lower 15%,dimension_color,both,sharp,DCF,0.21948484848484848,0.1414141414141414,0.30303030303030304,0.31313131313131315,17,99
Pragmatic optimality,Lower 15%,dimension_color,both,sharp,DF,0.15257575757575756,0.08080808080808081,0.23232323232323232,0.050505050505050504,17,99
Pragmatic optimality,Lower 15%,dimension_color,both,sharp,DFC,0.07412626262626261,0.030303030303030304,0.13131313131313133,0.09090909090909091,17,99
Pragmatic optimality,Lower 15%,dimension_color,both,sharp,C,0.020305555555555556,0.0,0.050505050505050504,0.0,17,99
Pragmatic optimality,Lower 15%,dimension_color,both,sharp,CD,0.0011515151515151516,0.0,0.010101010101010102,0.0,17,99
Pragmatic optimality,Lower 15%,dimension_color,both,sharp,CDF,0.02668686868686869,0.0,0.06060606060606061,0.010101010101010102,17,99
Pragmatic optimality,Lower 15%,dimension_color,both,sharp,CF,0.2856212121212121,0.20202020202020202,0.37373737373737376,0.35353535353535354,17,99
Pragmatic optimality,Lower 15%,dimension_color,both,sharp,CFD,0.020101010101010106,0.0,0.050505050505050504,0.0,17,99
Pragmatic optimality,Lower 15%,dimension_color,both,sharp,F,0.07968686868686868,0.030303030303030304,0.1414141414141414,0.050505050505050504,17,99
Pragmatic optimality,Lower 15%,dimension_color,both,sharp,FD,0.0019520202020202023,0.0,0.010101010101010102,0.0,17,99
Pragmatic optimality,Lower 15%,dimension_color,both,sharp,FDC,0.007358585858585859,0.0,0.030303030303030304,0.0,17,99
Pragmatic optimality,Lower 15%,dimension_color,both,sharp,FC,0.07477777777777778,0.030303030303030304,0.13131313131313133,0.0707070707070707,17,99
Pragmatic optimality,Lower 15%,dimension_color,both,sharp,FCD,0.004987373737373738,0.0,0.020202020202020204,0.0,17,99
Pragmatic optimality,Lower 15%,dimension_color,second,sharp,D,0.004330808080808081,0.0,0.020202020202020204,0.0,17,99
Pragmatic optimality,Lower 15%,dimension_color,second,sharp,DC,0.09197222222222223,0.04040404040404041,0.15151515151515152,0.010101010101010102,17,99
Pragmatic optimality,Lower 15%,dimension_color,second,sharp,DCF,0.04944949494949495,0.010101010101010102,0.10101010101010101,0.010101010101010102,17,99
Pragmatic optimality,Lower 15%,dimension_color,second,sharp,DF,0.019762626262626263,0.0,0.050505050505050504,0.0,17,99
Pragmatic optimality,Lower 15%,dimension_color,second,sharp,DFC,0.015416666666666667,0.0,0.04040404040404041,0.030303030303030304,17,99
Pragmatic optimality,Lower 15%,dimension_color,second,sharp,C,0.6453055555555556,0.5454545454545454,0.7373737373737373,0.3939393939393939,17,99
Pragmatic optimality,Lower 15%,dimension_color,second,sharp,CD,0.003300505050505051,0.0,0.020202020202020204,0.0,17,99
Pragmatic optimality,Lower 15%,dimension_color,second,sharp,CDF,0.007482323232323232,0.0,0.030303030303030304,0.010101010101010102,17,99
Pragmatic optimality,Lower 15%,dimension_color,second,sharp,CF,0.11578535353535352,0.06060606060606061,0.18181818181818182,0.45454545454545453,17,99
Pragmatic optimality,Lower 15%,dimension_color,second,sharp,CFD,0.006555555555555556,0.0,0.030303030303030304,0.0,17,99
Pragmatic optimality,Lower 15%,dimension_color,second,sharp,F,0.015351010101010103,0.0,0.04040404040404041,0.030303030303030304,17,99
Pragmatic optimality,Lower 15%,dimension_color,second,sharp,FD,0.0004444444444444445,0.0,0.010101010101010102,0.0,17,99
Pragmatic optimality,Lower 15%,dimension_color,second,sharp,FDC,0.0015353535353535355,0.0,0.010101010101010102,0.0,17,99
Pragmatic optimality,Lower 15%,dimension_color,second,sharp,FC,0.022169191919191922,0.0,0.050505050505050504,0.06060606060606061,17,99
Pragmatic optimality,Lower 15%,dimension_color,second,sharp,FCD,0.001138888888888889,0.0,0.010101010101010102,0.0,17,99
Pragmatic optimality,Lower 15%,color_form,both,sharp,D,0.001618686868686869,0.0,0.010101010101010102,0.0,17,99
Pragmatic optimality,Lower 15%,color_form,both,sharp,DC,0.022174242424242426,0.0,0.050505050505050504,0.0,17,99
Pragmatic optimality,Lower 15%,color_form,both,sharp,DCF,0.15560606060606064,0.09090909090909091,0.23232323232323232,0.15151515151515152,17,99
Pragmatic optimality,Lower 15%,color_form,both,sharp,DF,0.08190151515151514,0.030303030303030304,0.1414141414141414,0.020202020202020204,17,99
Pragmatic optimality,Lower 15%,color_form,both,sharp,DFC,0.05033080808080808,0.010101010101010102,0.10101010101010101,0.08080808080808081,17,99
Pragmatic optimality,Lower 15%,color_form,both,sharp,C,0.029936868686868685,0.0,0.0707070707070707,0.0,17,99
Pragmatic optimality,Lower 15%,color_form,both,sharp,CD,0.0010025252525252526,0.0,0.010101010101010102,0.0,17,99
Pragmatic optimality,Lower 15%,color_form,both,sharp,CDF,0.022292929292929295,0.0,0.050505050505050504,0.0,17,99
Pragmatic optimality,Lower 15%,color_form,both,sharp,CF,0.4335681818181818,0.3434343434343434,0.5255050505050515,0.6565656565656566,17,99
Pragmatic optimality,Lower 15%,color_form,both,sharp,CFD,0.024035353535353535,0.0,0.06060606060606061,0.0,17,99
Pragmatic optimality,Lower 15%,color_form,both,sharp,F,0.07483585858585859,0.030303030303030304,0.13131313131313133,0.0,17,99
Pragmatic optimality,Lower 15%,color_form,both,sharp,FD,0.0012525252525252529,0.0,0.010101010101010102,0.0,17,99
Pragmatic optimality,Lower 15%,color_form,both,sharp,FDC,0.005641414141414142,0.0,0.020202020202020204,0.0,17,99
Pragmatic optimality,Lower 15%,color_form,both,sharp,FC,0.0911338383838384,0.04040404040404041,0.15151515151515152,0.09090909090909091,17,99
Pragmatic optimality,Lower 15%,color_form,both,sharp,FCD,0.004669191919191918,0.0,0.020202020202020204,0.0,17,99
Pragmatic optimality,Lower 15%,dimension_form,second,sharp,D,0.001095959595959596,0.0,0.010101010101010102,0.0,17,99
Pragmatic optimality,Lower 15%,dimension_form,second,sharp,DC,0.014646464646464647,0.0,0.04040404040404041,0.0,17,99
Pragmatic optimality,Lower 15%,dimension_form,second,sharp,DCF,0.1198939393939394,0.06060606060606061,0.18181818181818182,0.020202020202020204,17,99
Pragmatic optimality,Lower 15%,dimension_form,second,sharp,DF,0.07107070707070708,0.030303030303030304,0.12121212121212122,0.0,17,99
Pragmatic optimality,Lower 15%,dimension_form,second,sharp,DFC,0.04098737373737374,0.010101010101010102,0.08080808080808081,0.050505050505050504,17,99
Pragmatic optimality,Lower 15%,dimension_form,second,sharp,C,0.0178459595959596,0.0,0.050505050505050504,0.06060606060606061,17,99
Pragmatic optimality,Lower 15%,dimension_form,second,sharp,CD,0.0006616161616161616,0.0,0.010101010101010102,0.0,17,99
Pragmatic optimality,Lower 15%,dimension_form,second,sharp,CDF,0.014646464646464647,0.0,0.04040404040404041,0.0,17,99
Pragmatic optimality,Lower 15%,dimension_form,second,sharp,CF,0.28594696969696975,0.20202020202020202,0.37373737373737376,0.42424242424242425,17,99
Pragmatic optimality,Lower 15%,dimension_form,second,sharp,CFD,0.01597474747474748,0.0,0.04040404040404041,0.0,17,99
Pragmatic optimality,Lower 15%,dimension_form,second,sharp,F,0.3449494949494949,0.25252525252525254,0.4444444444444444,0.3434343434343434,17,99
Pragmatic optimality,Lower 15%,dimension_form,second,sharp,FD,0.0009696969696969697,0.0,0.010101010101010102,0.0,17,99
Pragmatic optimality,Lower 15%,dimension_form,second,sharp,FDC,0.004237373737373738,0.0,0.020202020202020204,0.010101010101010102,17,99
Pragmatic optimality,Lower 15%,dimension_form,second,sharp,FC,0.06381313131313132,0.020202020202020204,0.12121212121212122,0.09090909090909091,17,99
Pragmatic optimality,Lower 15%,dimension_form,second,sharp,FCD,0.0032601010101010104,0.0,0.020202020202020204,0.0,17,99
Pragmatic optimality,Lower 15%,color_form,second,sharp,D,0.0011691919191919194,0.0,0.010101010101010102,0.0,17,99
Pragmatic optimality,Lower 15%,color_form,second,sharp,DC,0.007262626262626263,0.0,0.030303030303030304,0.0,17,99
Pragmatic optimality,Lower 15%,color_form,second,sharp,DCF,0.08227777777777777,0.030303030303030304,0.1414141414141414,0.08080808080808081,17,99
Pragmatic optimality,Lower 15%,color_form,second,sharp,DF,0.14005555555555554,0.08080808080808081,0.21212121212121213,0.010101010101010102,17,99
Pragmatic optimality,Lower 15%,color_form,second,sharp,DFC,0.041944444444444444,0.010101010101010102,0.08080808080808081,0.030303030303030304,17,99
Pragmatic optimality,Lower 15%,color_form,second,sharp,C,0.00597979797979798,0.0,0.020202020202020204,0.0,17,99
Pragmatic optimality,Lower 15%,color_form,second,sharp,CD,0.00031060606060606064,0.0,0.010101010101010102,0.0,17,99
Pragmatic optimality,Lower 15%,color_form,second,sharp,CDF,0.0065883838383838395,0.0,0.030303030303030304,0.010101010101010102,17,99
Pragmatic optimality,Lower 15%,color_form,second,sharp,CF,0.1383510101010101,0.0707070707070707,0.21212121212121213,0.35353535353535354,17,99
Pragmatic optimality,Lower 15%,color_form,second,sharp,CFD,0.007247474747474748,0.0,0.030303030303030304,0.0,17,99
Pragmatic optimality,Lower 15%,color_form,second,sharp,F,0.5041515151515151,0.40404040404040403,0.6060606060606061,0.41414141414141414,17,99
Pragmatic optimality,Lower 15%,color_form,second,sharp,FD,0.0018964646464646466,0.0,0.010101010101010102,0.0,17,99
Pragmatic optimality,Lower 15%,color_form,second,sharp,FDC,0.004891414141414142,0.0,0.020202020202020204,0.020202020202020204,17,99
Pragmatic optimality,Lower 15%,color_form,second,sharp,FC,0.05456060606060606,0.020202020202020204,0.10101010101010101,0.08080808080808081,17,99
Pragmatic optimality,Lower 15%,color_form,second,sharp,FCD,0.003313131313131313,0.0,0.020202020202020204,0.0,17,99
Pragmatic optimality,Lower 15%,dimension_form,both,sharp,D,0.0022752525252525257,0.0,0.010101010101010102,0.0,17,99
Pragmatic optimality,Lower 15%,dimension_form,both,sharp,DC,0.03902777777777778,0.010101010101010102,0.08080808080808081,0.010101010101010102,17,99
Pragmatic optimality,Lower 15%,dimension_form,both,sharp,DCF,0.2303813131313131,0.15151515151515152,0.31313131313131315,0.2222222222222222,17,99
Pragmatic optimality,Lower 15%,dimension_form,both,sharp,DF,0.0920858585858586,0.04040404040404041,0.15151515151515152,0.1919191919191919,17,99
Pragmatic optimality,Lower 15%,dimension_form,both,sharp,DFC,0.06493181818181819,0.020202020202020204,0.12121212121212122,0.06060606060606061,17,99
Pragmatic optimality,Lower 15%,dimension_form,both,sharp,C,0.03219191919191919,0.0,0.0707070707070707,0.04040404040404041,17,99
Pragmatic optimality,Lower 15%,dimension_form,both,sharp,CD,0.0016792929292929295,0.0,0.010101010101010102,0.0,17,99
Pragmatic optimality,Lower 15%,dimension_form,both,sharp,CDF,0.03853030303030303,0.010101010101010102,0.08080808080808081,0.020202020202020204,17,99
Pragmatic optimality,Lower 15%,dimension_form,both,sharp,CF,0.34697727272727275,0.25252525252525254,0.4444444444444444,0.35353535353535354,17,99
Pragmatic optimality,Lower 15%,dimension_form,both,sharp,CFD,0.024189393939393938,0.0,0.06060606060606061,0.010101010101010102,17,99
Pragmatic optimality,Lower 15%,dimension_form,both,sharp,F,0.04967171717171718,0.010101010101010102,0.09090909090909091,0.010101010101010102,17,99
Pragmatic optimality,Lower 15%,dimension_form,both,sharp,FD,0.0013434343434343436,0.0,0.010101010101010102,0.0,17,99
Pragmatic optimality,Lower 15%,dimension_form,both,sharp,FDC,0.0065151515151515155,0.0,0.030303030303030304,0.010101010101010102,17,99
Pragmatic optimality,Lower 15%,dimension_form,both,sharp,FC,0.06610353535353534,0.020202020202020204,0.12121212121212122,0.0707070707070707,17,99
Pragmatic optimality,Lower 15%,dimension_form,both,sharp,FCD,0.004095959595959596,0.0,0.020202020202020204,0.0,17,99
Pragmatic optimality,Lower 15%,color_form,first,blurred,D,0.0024166666666666664,0.0,0.018518518518518517,0.018518518518518517,17,54
Pragmatic optimality,Lower 15%,color_form,first,blurred,DC,0.140412037037037,0.05555555555555555,0.24074074074074073,0.018518518518518517,17,54
Pragmatic optimality,Lower 15%,color_form,first,blurred,DCF,0.04799074074074074,0.0,0.1111111111111111,0.18518518518518517,17,54
Pragmatic optimality,Lower 15%,color_form,first,blurred,DF,0.008689814814814813,0.0,0.037037037037037035,0.0,17,54
Pragmatic optimality,Lower 15%,color_form,first,blurred,DFC,0.01310185185185185,0.0,0.05555555555555555,0.09259259259259259,17,54
Pragmatic optimality,Lower 15%,color_form,first,blurred,C,0.6680925925925926,0.5370370370370371,0.7777777777777778,0.24074074074074073,17,54
Pragmatic optimality,Lower 15%,color_form,first,blurred,CD,0.005023148148148148,0.0,0.037037037037037035,0.0,17,54
Pragmatic optimality,Lower 15%,color_form,first,blurred,CDF,0.005787037037037037,0.0,0.037037037037037035,0.0,17,54
Pragmatic optimality,Lower 15%,color_form,first,blurred,CF,0.0827685185185185,0.018518518518518517,0.16666666666666666,0.25925925925925924,17,54
Pragmatic optimality,Lower 15%,color_form,first,blurred,CFD,0.0035509259259259257,0.0,0.018518518518518517,0.0,17,54
Pragmatic optimality,Lower 15%,color_form,first,blurred,F,0.004291666666666667,0.0,0.018518518518518517,0.0,17,54
Pragmatic optimality,Lower 15%,color_form,first,blurred,FD,0.0003379629629629629,0.0,0.0,0.0,17,54
Pragmatic optimality,Lower 15%,color_form,first,blurred,FDC,0.001273148148148148,0.0,0.018518518518518517,0.018518518518518517,17,54
Pragmatic optimality,Lower 15%,color_form,first,blurred,FC,0.015402777777777779,0.0,0.05555555555555555,0.16666666666666666,17,54
Pragmatic optimality,Lower 15%,color_form,first,blurred,FCD,0.0008611111111111112,0.0,0.018518518518518517,0.0,17,54
Pragmatic optimality,Lower 15%,dimension_form,second,blurred,D,0.0006620370370370369,0.0,0.018518518518518517,0.0,17,54
Pragmatic optimality,Lower 15%,dimension_form,second,blurred,DC,0.013699074074074074,0.0,0.05555555555555555,0.0,17,54
Pragmatic optimality,Lower 15%,dimension_form,second,blurred,DCF,0.14393981481481477,0.05555555555555555,0.24074074074074073,0.07407407407407407,17,54
Pragmatic optimality,Lower 15%,dimension_form,second,blurred,DF,0.07990277777777777,0.018518518518518517,0.14814814814814814,0.0,17,54
Pragmatic optimality,Lower 15%,dimension_form,second,blurred,DFC,0.04831481481481481,0.0,0.1111111111111111,0.1111111111111111,17,54
Pragmatic optimality,Lower 15%,dimension_form,second,blurred,C,0.014476851851851852,0.0,0.05555555555555555,0.0,17,54
Pragmatic optimality,Lower 15%,dimension_form,second,blurred,CD,0.0006574074074074074,0.0,0.018518518518518517,0.0,17,54
Pragmatic optimality,Lower 15%,dimension_form,second,blurred,CDF,0.01023611111111111,0.0,0.037037037037037035,0.0,17,54
Pragmatic optimality,Lower 15%,dimension_form,second,blurred,CF,0.28177314814814813,0.16666666666666666,0.4074074074074074,0.2962962962962963,17,54
Pragmatic optimality,Lower 15%,dimension_form,second,blurred,CFD,0.011060185185185183,0.0,0.037037037037037035,0.0,17,54
Pragmatic optimality,Lower 15%,dimension_form,second,blurred,F,0.3044907407407408,0.18518518518518517,0.42592592592592593,0.3333333333333333,17,54
Pragmatic optimality,Lower 15%,dimension_form,second,blurred,FD,0.0012499999999999998,0.0,0.018518518518518517,0.0,17,54
Pragmatic optimality,Lower 15%,dimension_form,second,blurred,FDC,0.004773148148148147,0.0,0.018518518518518517,0.0,17,54
Pragmatic optimality,Lower 15%,dimension_form,second,blurred,FC,0.08151388888888889,0.018518518518518517,0.16666666666666666,0.18518518518518517,17,54
Pragmatic optimality,Lower 15%,dimension_form,second,blurred,FCD,0.00325,0.0,0.018518518518518517,0.0,17,54
Pragmatic optimality,Lower 15%,dimension_color,both,blurred,D,0.0013518518518518517,0.0,0.018518518518518517,0.0,17,54
Pragmatic optimality,Lower 15%,dimension_color,both,blurred,DC,0.023990740740740736,0.0,0.07407407407407407,0.037037037037037035,17,54
Pragmatic optimality,Lower 15%,dimension_color,both,blurred,DCF,0.22227314814814816,0.1111111111111111,0.3333333333333333,0.16666666666666666,17,54
Pragmatic optimality,Lower 15%,dimension_color,both,blurred,DF,0.13266666666666663,0.05555555555555555,0.2222222222222222,0.05555555555555555,17,54
Pragmatic optimality,Lower 15%,dimension_color,both,blurred,DFC,0.0733148148148148,0.018518518518518517,0.14814814814814814,0.25925925925925924,17,54
Pragmatic optimality,Lower 15%,dimension_color,both,blurred,C,0.01895833333333333,0.0,0.05555555555555555,0.0,17,54
Pragmatic optimality,Lower 15%,dimension_color,both,blurred,CD,0.001,0.0,0.018518518518518517,0.0,17,54
Pragmatic optimality,Lower 15%,dimension_color,both,blurred,CDF,0.019263888888888886,0.0,0.05555555555555555,0.018518518518518517,17,54
Pragmatic optimality,Lower 15%,dimension_color,both,blurred,CF,0.3058009259259259,0.18518518518518517,0.42592592592592593,0.24074074074074073,17,54
Pragmatic optimality,Lower 15%,dimension_color,both,blurred,CFD,0.016273148148148144,0.0,0.05555555555555555,0.0,17,54
Pragmatic optimality,Lower 15%,dimension_color,both,blurred,F,0.06925925925925926,0.018518518518518517,0.14814814814814814,0.05555555555555555,17,54
Pragmatic optimality,Lower 15%,dimension_color,both,blurred,FD,0.002379629629629629,0.0,0.018518518518518517,0.0,17,54
Pragmatic optimality,Lower 15%,dimension_color,both,blurred,FDC,0.008597222222222221,0.0,0.037037037037037035,0.018518518518518517,17,54
Pragmatic optimality,Lower 15%,dimension_color,both,blurred,FC,0.09910185185185184,0.037037037037037035,0.18518518518518517,0.14814814814814814,17,54
Pragmatic optimality,Lower 15%,dimension_color,both,blurred,FCD,0.005768518518518519,0.0,0.037037037037037035,0.0,17,54
Pragmatic optimality,Lower 15%,dimension_color,second,blurred,D,0.0023981481481481484,0.0,0.018518518518518517,0.0,17,54
Pragmatic optimality,Lower 15%,dimension_color,second,blurred,DC,0.09803703703703703,0.03657407407407423,0.18518518518518517,0.0,17,54
Pragmatic optimality,Lower 15%,dimension_color,second,blurred,DCF,0.07121759259259258,0.018518518518518517,0.14814814814814814,0.12962962962962962,17,54
Pragmatic optimality,Lower 15%,dimension_color,second,blurred,DF,0.025467592592592587,0.0,0.07407407407407407,0.0,17,54
Pragmatic optimality,Lower 15%,dimension_color,second,blurred,DFC,0.021796296296296293,0.0,0.07407407407407407,0.14814814814814814,17,54
Pragmatic optimality,Lower 15%,dimension_color,second,blurred,C,0.5811203703703705,0.46296296296296297,0.7037037037037037,0.2777777777777778,17,54
Pragmatic optimality,Lower 15%,dimension_color,second,blurred,CD,0.0028055555555555555,0.0,0.018518518518518517,0.0,17,54
Pragmatic optimality,Lower 15%,dimension_color,second,blurred,CDF,0.004935185185185185,0.0,0.037037037037037035,0.0,17,54
Pragmatic optimality,Lower 15%,dimension_color,second,blurred,CF,0.13456944444444444,0.05555555555555555,0.24074074074074073,0.24074074074074073,17,54
Pragmatic optimality,Lower 15%,dimension_color,second,blurred,CFD,0.0046527777777777765,0.0,0.037037037037037035,0.0,17,54
Pragmatic optimality,Lower 15%,dimension_color,second,blurred,F,0.015685185185185184,0.0,0.05555555555555555,0.018518518518518517,17,54
Pragmatic optimality,Lower 15%,dimension_color,second,blurred,FD,0.00043518518518518515,0.0,0.0,0.0,17,54
Pragmatic optimality,Lower 15%,dimension_color,second,blurred,FDC,0.0019027777777777778,0.0,0.018518518518518517,0.0,17,54
Pragmatic optimality,Lower 15%,dimension_color,second,blurred,FC,0.03364814814814814,0.0,0.09259259259259259,0.18518518518518517,17,54
Pragmatic optimality,Lower 15%,dimension_color,second,blurred,FCD,0.0013287037037037037,0.0,0.018518518518518517,0.0,17,54
Pragmatic optimality,Lower 15%,dimension_form,first,blurred,D,0.013403846153846153,0.0,0.057692307692307696,0.0,17,52
Pragmatic optimality,Lower 15%,dimension_form,first,blurred,DC,0.06518269230769232,0.0,0.1346153846153846,0.0,17,52
Pragmatic optimality,Lower 15%,dimension_form,first,blurred,DCF,0.29015865384615386,0.17307692307692307,0.40432692307692486,0.23076923076923078,17,52
Pragmatic optimality,Lower 15%,dimension_form,first,blurred,DF,0.07423557692307693,0.019230769230769232,0.15384615384615385,0.0,17,52
Pragmatic optimality,Lower 15%,dimension_form,first,blurred,DFC,0.07436057692307693,0.019230769230769232,0.15384615384615385,0.23076923076923078,17,52
Pragmatic optimality,Lower 15%,dimension_form,first,blurred,C,0.03847115384615385,0.0,0.09615384615384616,0.057692307692307696,17,52
Pragmatic optimality,Lower 15%,dimension_form,first,blurred,CD,0.0035,0.0,0.019230769230769232,0.0,17,52
Pragmatic optimality,Lower 15%,dimension_form,first,blurred,CDF,0.0434423076923077,0.0,0.09615384615384616,0.0,17,52
Pragmatic optimality,Lower 15%,dimension_form,first,blurred,CF,0.2677355769230769,0.15384615384615385,0.38461538461538464,0.3269230769230769,17,52
Pragmatic optimality,Lower 15%,dimension_form,first,blurred,CFD,0.019278846153846153,0.0,0.057692307692307696,0.0,17,52
Pragmatic optimality,Lower 15%,dimension_form,first,blurred,F,0.025947115384615384,0.0,0.07692307692307693,0.019230769230769232,17,52
Pragmatic optimality,Lower 15%,dimension_form,first,blurred,FD,0.001682692307692308,0.0,0.019230769230769232,0.0,17,52
Pragmatic optimality,Lower 15%,dimension_form,first,blurred,FDC,0.00908173076923077,0.0,0.038461538461538464,0.0,17,52
Pragmatic optimality,Lower 15%,dimension_form,first,blurred,FC,0.06803846153846155,0.019230769230769232,0.1346153846153846,0.1346153846153846,17,52
Pragmatic optimality,Lower 15%,dimension_form,first,blurred,FCD,0.005480769230769231,0.0,0.038461538461538464,0.0,17,52
Pragmatic optimality,Lower 15%,dimension_color,first,blurred,D,0.012759433962264151,0.0,0.05660377358490566,0.0,17,53
Pragmatic optimality,Lower 15%,dimension_color,first,blurred,DC,0.02056132075471698,0.0,0.05660377358490566,0.018867924528301886,17,53
Pragmatic optimality,Lower 15%,dimension_color,first,blurred,DCF,0.21122641509433965,0.11320754716981132,0.32075471698113206,0.22641509433962265,17,53
Pragmatic optimality,Lower 15%,dimension_color,first,blurred,DF,0.28509905660377366,0.16981132075471697,0.41509433962264153,0.09433962264150944,17,53
Pragmatic optimality,Lower 15%,dimension_color,first,blurred,DFC,0.08771226415094338,0.018867924528301886,0.16981132075471697,0.2641509433962264,17,53
Pragmatic optimality,Lower 15%,dimension_color,first,blurred,C,0.009509433962264151,0.0,0.03773584905660377,0.0,17,53
Pragmatic optimality,Lower 15%,dimension_color,first,blurred,CD,0.0010707547169811322,0.0,0.018867924528301886,0.018867924528301886,17,53
Pragmatic optimality,Lower 15%,dimension_color,first,blurred,CDF,0.017471698113207545,0.0,0.05660377358490566,0.018867924528301886,17,53
Pragmatic optimality,Lower 15%,dimension_color,first,blurred,CF,0.16394339622641507,0.07547169811320754,0.2641509433962264,0.24528301886792453,17,53
Pragmatic optimality,Lower 15%,dimension_color,first,blurred,CFD,0.012235849056603772,0.0,0.05660377358490566,0.0,17,53
Pragmatic optimality,Lower 15%,dimension_color,first,blurred,F,0.08375,0.018867924528301886,0.16981132075471697,0.018867924528301886,17,53
Pragmatic optimality,Lower 15%,dimension_color,first,blurred,FD,0.005424528301886793,0.0,0.03773584905660377,0.0,17,53
Pragmatic optimality,Lower 15%,dimension_color,first,blurred,FDC,0.01133490566037736,0.0,0.03773584905660377,0.0,17,53
Pragmatic optimality,Lower 15%,dimension_color,first,blurred,FC,0.07141981132075471,0.018867924528301886,0.1509433962264151,0.07547169811320754,17,53
Pragmatic optimality,Lower 15%,dimension_color,first,blurred,FCD,0.006481132075471698,0.0,0.03773584905660377,0.018867924528301886,17,53
Pragmatic optimality,Lower 15%,dimension_form,both,blurred,D,0.0012355769230769232,0.0,0.019230769230769232,0.0,17,52
Pragmatic optimality,Lower 15%,dimension_form,both,blurred,DC,0.032908653846153844,0.0,0.09615384615384616,0.0,17,52
Pragmatic optimality,Lower 15%,dimension_form,both,blurred,DCF,0.22702403846153846,0.11538461538461539,0.34615384615384615,0.19230769230769232,17,52
Pragmatic optimality,Lower 15%,dimension_form,both,blurred,DF,0.0736875,0.019230769230769232,0.15384615384615385,0.07692307692307693,17,52
Pragmatic optimality,Lower 15%,dimension_form,both,blurred,DFC,0.06727403846153845,0.0,0.1346153846153846,0.3076923076923077,17,52
Pragmatic optimality,Lower 15%,dimension_form,both,blurred,C,0.02901923076923077,0.0,0.07692307692307693,0.019230769230769232,17,52
Pragmatic optimality,Lower 15%,dimension_form,both,blurred,CD,0.001331730769230769,0.0,0.019230769230769232,0.019230769230769232,17,52
Pragmatic optimality,Lower 15%,dimension_form,both,blurred,CDF,0.024846153846153848,0.0,0.07692307692307693,0.0,17,52
Pragmatic optimality,Lower 15%,dimension_form,both,blurred,CF,0.37129326923076916,0.25,0.5,0.28846153846153844,17,52
Pragmatic optimality,Lower 15%,dimension_form,both,blurred,CFD,0.01925,0.0,0.057692307692307696,0.019230769230769232,17,52
Pragmatic optimality,Lower 15%,dimension_form,both,blurred,F,0.04333653846153847,0.0,0.11538461538461539,0.0,17,52
Pragmatic optimality,Lower 15%,dimension_form,both,blurred,FD,0.0014423076923076926,0.0,0.019230769230769232,0.0,17,52
Pragmatic optimality,Lower 15%,dimension_form,both,blurred,FDC,0.007230769230769231,0.0,0.038461538461538464,0.0,17,52
Pragmatic optimality,Lower 15%,dimension_form,both,blurred,FC,0.09503365384615385,0.019230769230769232,0.17307692307692307,0.057692307692307696,17,52
Pragmatic optimality,Lower 15%,dimension_form,both,blurred,FCD,0.005086538461538462,0.0,0.038461538461538464,0.019230769230769232,17,52
Pragmatic optimality,Lower 15%,color_form,both,blurred,D,0.0013240740740740739,0.0,0.018518518518518517,0.0,17,54
Pragmatic optimality,Lower 15%,color_form,both,blurred,DC,0.025143518518518516,0.0,0.07407407407407407,0.037037037037037035,17,54
Pragmatic optimality,Lower 15%,color_form,both,blurred,DCF,0.197787037037037,0.09259259259259259,0.3148148148148148,0.1111111111111111,17,54
Pragmatic optimality,Lower 15%,color_form,both,blurred,DF,0.0999675925925926,0.037037037037037035,0.18518518518518517,0.018518518518518517,17,54
Pragmatic optimality,Lower 15%,color_form,both,blurred,DFC,0.06307407407407407,0.0,0.12962962962962962,0.09259259259259259,17,54
Pragmatic optimality,Lower 15%,color_form,both,blurred,C,0.024555555555555556,0.0,0.07407407407407407,0.0,17,54
Pragmatic optimality,Lower 15%,color_form,both,blurred,CD,0.0013055555555555555,0.0,0.018518518518518517,0.0,17,54
Pragmatic optimality,Lower 15%,color_form,both,blurred,CDF,0.019532407407407405,0.0,0.05555555555555555,0.0,17,54
Pragmatic optimality,Lower 15%,color_form,both,blurred,CF,0.3690555555555555,0.24074074074074073,0.5,0.4444444444444444,17,54
Pragmatic optimality,Lower 15%,color_form,both,blurred,CFD,0.017361111111111112,0.0,0.05555555555555555,0.037037037037037035,17,54
Pragmatic optimality,Lower 15%,color_form,both,blurred,F,0.061606481481481484,0.0,0.12962962962962962,0.0,17,54
Pragmatic optimality,Lower 15%,color_form,both,blurred,FD,0.0019490740740740742,0.0,0.018518518518518517,0.018518518518518517,17,54
Pragmatic optimality,Lower 15%,color_form,both,blurred,FDC,0.007791666666666666,0.0,0.037037037037037035,0.0,17,54
Pragmatic optimality,Lower 15%,color_form,both,blurred,FC,0.10444444444444442,0.037037037037037035,0.18518518518518517,0.24074074074074073,17,54
Pragmatic optimality,Lower 15%,color_form,both,blurred,FCD,0.005101851851851851,0.0,0.037037037037037035,0.0,17,54
Pragmatic optimality,Lower 15%,color_form,second,blurred,D,0.0007314814814814814,0.0,0.018518518518518517,0.0,17,54
Pragmatic optimality,Lower 15%,color_form,second,blurred,DC,0.006810185185185185,0.0,0.037037037037037035,0.0,17,54
Pragmatic optimality,Lower 15%,color_form,second,blurred,DCF,0.10130092592592592,0.037037037037037035,0.18518518518518517,0.16666666666666666,17,54
Pragmatic optimality,Lower 15%,color_form,second,blurred,DF,0.14812499999999998,0.05555555555555555,0.24074074074074073,0.0,17,54
Pragmatic optimality,Lower 15%,color_form,second,blurred,DFC,0.044981481481481476,0.0,0.1111111111111111,0.09259259259259259,17,54
Pragmatic optimality,Lower 15%,color_form,second,blurred,C,0.005717592592592592,0.0,0.037037037037037035,0.0,17,54
Pragmatic optimality,Lower 15%,color_form,second,blurred,CD,0.00032407407407407406,0.0,0.0,0.0,17,54
Pragmatic optimality,Lower 15%,color_form,second,blurred,CDF,0.006157407407407407,0.0,0.037037037037037035,0.0,17,54
Pragmatic optimality,Lower 15%,color_form,second,blurred,CF,0.15264351851851854,0.07407407407407407,0.25925925925925924,0.2037037037037037,17,54
Pragmatic optimality,Lower 15%,color_form,second,blurred,CFD,0.005944444444444444,0.0,0.037037037037037035,0.018518518518518517,17,54
Pragmatic optimality,Lower 15%,color_form,second,blurred,F,0.4546712962962963,0.3333333333333333,0.5925925925925926,0.25925925925925924,17,54
Pragmatic optimality,Lower 15%,color_form,second,blurred,FD,0.0023379629629629627,0.0,0.018518518518518517,0.0,17,54
Pragmatic optimality,Lower 15%,color_form,second,blurred,FDC,0.00488888888888889,0.0,0.037037037037037035,0.0,17,54
Pragmatic optimality,Lower 15%,color_form,second,blurred,FC,0.062203703703703705,0.0,0.12962962962962962,0.25925925925925924,17,54
Pragmatic optimality,Lower 15%,color_form,second,blurred,FCD,0.0031620370370370366,0.0,0.018518518518518517,0.0,17,54
Pragmatic optimality,Middle 70%,color_form,both,sharp,D,0.0031388888888888894,0.0,0.010416666666666666,0.003472222222222222,79,288
Pragmatic optimality,Middle 70%,color_form,both,sharp,DC,0.023046875,0.006944444444444444,0.041666666666666664,0.013888888888888888,79,288
Pragmatic optimality,Middle 70%,color_form,both,sharp,DCF,0.0965095486111111,0.06597222222222222,0.1284722222222222,0.12152777777777778,79,288
Pragmatic optimality,Middle 70%,color_form,both,sharp,DF,0.07536111111111111,0.04513888888888889,0.1076388888888889,0.0625,79,288
Pragmatic optimality,Middle 70%,color_form,both,sharp,DFC,0.017301215277777778,0.003472222222222222,0.034722222222222224,0.006944444444444444,79,288
Pragmatic optimality,Middle 70%,color_form,both,sharp,C,0.07605034722222223,0.048524305555555584,0.1076388888888889,0.003472222222222222,79,288
Pragmatic optimality,Middle 70%,color_form,both,sharp,CD,0.0007456597222222223,0.0,0.003472222222222222,0.0,79,288
Pragmatic optimality,Middle 70%,color_form,both,sharp,CDF,0.013293402777777779,0.003472222222222222,0.027777777777777776,0.003472222222222222,79,288
Pragmatic optimality,Middle 70%,color_form,both,sharp,CF,0.44671006944444447,0.3888888888888889,0.5034722222222222,0.7152777777777778,79,288
Pragmatic optimality,Middle 70%,color_form,both,sharp,CFD,0.01507204861111111,0.003472222222222222,0.03125,0.0,79,288
Pragmatic optimality,Middle 70%,color_form,both,sharp,F,0.16226041666666666,0.12152777777777778,0.2048611111111111,0.006944444444444444,79,288
Pragmatic optimality,Middle 70%,color_form,both,sharp,FD,0.0006501736111111111,0.0,0.003472222222222222,0.0,79,288
Pragmatic optimality,Middle 70%,color_form,both,sharp,FDC,0.0014409722222222224,0.0,0.006944444444444444,0.0,79,288
Pragmatic optimality,Middle 70%,color_form,both,sharp,FC,0.06659027777777778,0.03819444444444445,0.09722222222222222,0.0625,79,288
Pragmatic optimality,Middle 70%,color_form,both,sharp,FCD,0.0018289930555555555,0.0,0.006944444444444444,0.0,79,288
Pragmatic optimality,Middle 70%,dimension_form,both,sharp,D,0.005737847222222223,0.0,0.017361111111111112,0.003472222222222222,79,288
Pragmatic optimality,Middle 70%,dimension_form,both,sharp,DC,0.0648515625,0.03819444444444445,0.09375,0.052083333333333336,79,288
Pragmatic optimality,Middle 70%,dimension_form,both,sharp,DCF,0.21358333333333332,0.16666666666666666,0.2638888888888889,0.25,79,288
Pragmatic optimality,Middle 70%,dimension_form,both,sharp,DF,0.13579774305555553,0.09722222222222222,0.17708333333333334,0.3125,79,288
Pragmatic optimality,Middle 70%,dimension_form,both,sharp,DFC,0.03676649305555556,0.017361111111111112,0.059027777777777776,0.006944444444444444,79,288
Pragmatic optimality,Middle 70%,dimension_form,both,sharp,C,0.06719270833333332,0.041666666666666664,0.09722222222222222,0.09375,79,288
Pragmatic optimality,Middle 70%,dimension_form,both,sharp,CD,0.0014722222222222224,0.0,0.006944444444444444,0.0,79,288
Pragmatic optimality,Middle 70%,dimension_form,both,sharp,CDF,0.030766493055555556,0.010416666666666666,0.052083333333333336,0.052083333333333336,79,288
Pragmatic optimality,Middle 70%,dimension_form,both,sharp,CF,0.30330555555555555,0.25,0.3576388888888889,0.19444444444444445,79,288
Pragmatic optimality,Middle 70%,dimension_form,both,sharp,CFD,0.013958333333333335,0.003472222222222222,0.027777777777777776,0.003472222222222222,79,288
Pragmatic optimality,Middle 70%,dimension_form,both,sharp,F,0.08272309027777777,0.052083333333333336,0.11805555555555555,0.010416666666666666,79,288
Pragmatic optimality,Middle 70%,dimension_form,both,sharp,FD,0.0007569444444444444,0.0,0.003472222222222222,0.003472222222222222,79,288
Pragmatic optimality,Middle 70%,dimension_form,both,sharp,FDC,0.00215625,0.0,0.010416666666666666,0.0,79,288
Pragmatic optimality,Middle 70%,dimension_form,both,sharp,FC,0.039365451388888896,0.017361111111111112,0.0625,0.010416666666666666,79,288
Pragmatic optimality,Middle 70%,dimension_form,both,sharp,FCD,0.001565972222222222,0.0,0.006944444444444444,0.006944444444444444,79,288
Pragmatic optimality,Middle 70%,dimension_form,second,sharp,D,0.0017621951219512196,0.0,0.006968641114982578,0.0,79,287
Pragmatic optimality,Middle 70%,dimension_form,second,sharp,DC,0.013797909407665504,0.003484320557491289,0.027874564459930314,0.003484320557491289,79,287
Pragmatic optimality,Middle 70%,dimension_form,second,sharp,DCF,0.06548344947735192,0.03832752613240418,0.09407665505226481,0.006968641114982578,79,287
Pragmatic optimality,Middle 70%,dimension_form,second,sharp,DF,0.05741550522648083,0.0313588850174216,0.08710801393728224,0.0,79,287
Pragmatic optimality,Middle 70%,dimension_form,second,sharp,DFC,0.012797909407665503,0.0,0.027874564459930314,0.0,79,287
Pragmatic optimality,Middle 70%,dimension_form,second,sharp,C,0.032740418118466896,0.013937282229965157,0.05574912891986063,0.10452961672473868,79,287
Pragmatic optimality,Middle 70%,dimension_form,second,sharp,CD,0.0004947735191637631,0.0,0.003484320557491289,0.003484320557491289,79,287
Pragmatic optimality,Middle 70%,dimension_form,second,sharp,CDF,0.008713414634146339,0.0,0.020905923344947737,0.006968641114982578,79,287
Pragmatic optimality,Middle 70%,dimension_form,second,sharp,CF,0.25295034843205577,0.20209059233449478,0.30662020905923343,0.15331010452961671,79,287
Pragmatic optimality,Middle 70%,dimension_form,second,sharp,CFD,0.010448606271777003,0.0,0.024390243902439025,0.0,79,287
Pragmatic optimality,Middle 70%,dimension_form,second,sharp,F,0.5041742160278746,0.4425087108013937,0.5644599303135889,0.7003484320557491,79,287
Pragmatic optimality,Middle 70%,dimension_form,second,sharp,FD,0.0005322299651567945,0.0,0.003484320557491289,0.0,79,287
Pragmatic optimality,Middle 70%,dimension_form,second,sharp,FDC,0.0011289198606271777,0.0,0.006968641114982578,0.0,79,287
Pragmatic optimality,Middle 70%,dimension_form,second,sharp,FC,0.036157665505226484,0.017421602787456445,0.059233449477351915,0.020905923344947737,79,287
Pragmatic optimality,Middle 70%,dimension_form,second,sharp,FCD,0.0014024390243902438,0.0,0.006968641114982578,0.0,79,287
Pragmatic optimality,Middle 70%,color_form,first,sharp,D,0.002841145833333334,0.0,0.010416666666666666,0.006944444444444444,79,288
Pragmatic optimality,Middle 70%,color_form,first,sharp,DC,0.04928125,0.027777777777777776,0.0763888888888889,0.017361111111111112,79,288
Pragmatic optimality,Middle 70%,color_form,first,sharp,DCF,0.014616319444444442,0.003472222222222222,0.027777777777777776,0.017361111111111112,79,288
Pragmatic optimality,Middle 70%,color_form,first,sharp,DF,0.0024592013888888892,0.0,0.010416666666666666,0.006944444444444444,79,288
Pragmatic optimality,Middle 70%,color_form,first,sharp,DFC,0.0011796875,0.0,0.006944444444444444,0.0,79,288
Pragmatic optimality,Middle 70%,color_form,first,sharp,C,0.8434913194444444,0.8020833333333334,0.8854166666666666,0.7222222222222222,79,288
Pragmatic optimality,Middle 70%,color_form,first,sharp,CD,0.0022421875000000003,0.0,0.010416666666666666,0.0,79,288
Pragmatic optimality,Middle 70%,color_form,first,sharp,CDF,0.005373263888888889,0.0,0.013888888888888888,0.017361111111111112,79,288
Pragmatic optimality,Middle 70%,color_form,first,sharp,CF,0.06654861111111111,0.041666666666666664,0.09722222222222222,0.19791666666666666,79,288
Pragmatic optimality,Middle 70%,color_form,first,sharp,CFD,0.0034722222222222225,0.0,0.010416666666666666,0.0,79,288
Pragmatic optimality,Middle 70%,color_form,first,sharp,F,0.004127604166666667,0.0,0.013888888888888888,0.0,79,288
Pragmatic optimality,Middle 70%,color_form,first,sharp,FD,0.0001909722222222222,0.0,0.003472222222222222,0.0,79,288
Pragmatic optimality,Middle 70%,color_form,first,sharp,FDC,0.0002473958333333333,0.0,0.003472222222222222,0.0,79,288
Pragmatic optimality,Middle 70%,color_form,first,sharp,FC,0.003644097222222222,0.0,0.010416666666666666,0.013888888888888888,79,288
Pragmatic optimality,Middle 70%,color_form,first,sharp,FCD,0.00028472222222222223,0.0,0.003472222222222222,0.0,79,288
Pragmatic optimality,Middle 70%,dimension_color,both,sharp,D,0.0056350174216027865,0.0,0.017421602787456445,0.0,79,287
Pragmatic optimality,Middle 70%,dimension_color,both,sharp,DC,0.04670034843205575,0.024390243902439025,0.07317073170731707,0.17073170731707318,79,287
Pragmatic optimality,Middle 70%,dimension_color,both,sharp,DCF,0.20815940766550523,0.1602787456445993,0.25435540069686413,0.3310104529616725,79,287
Pragmatic optimality,Middle 70%,dimension_color,both,sharp,DF,0.2154965156794425,0.1672473867595819,0.26480836236933797,0.11846689895470383,79,287
Pragmatic optimality,Middle 70%,dimension_color,both,sharp,DFC,0.04551480836236934,0.024390243902439025,0.06968641114982578,0.020905923344947737,79,287
Pragmatic optimality,Middle 70%,dimension_color,both,sharp,C,0.038468641114982584,0.017421602787456445,0.0627177700348432,0.0,79,287
Pragmatic optimality,Middle 70%,dimension_color,both,sharp,CD,0.001005226480836237,0.0,0.006968641114982578,0.006968641114982578,79,287
Pragmatic optimality,Middle 70%,dimension_color,both,sharp,CDF,0.019828397212543557,0.006968641114982578,0.03832752613240418,0.04529616724738676,79,287
Pragmatic optimality,Middle 70%,dimension_color,both,sharp,CF,0.2299198606271777,0.18118466898954705,0.2787456445993031,0.18118466898954705,79,287
Pragmatic optimality,Middle 70%,dimension_color,both,sharp,CFD,0.01115156794425087,0.0,0.024390243902439025,0.006968641114982578,79,287
Pragmatic optimality,Middle 70%,dimension_color,both,sharp,F,0.1276550522648084,0.09059233449477352,0.1672473867595819,0.10104529616724739,79,287
Pragmatic optimality,Middle 70%,dimension_color,both,sharp,FD,0.0011933797909407667,0.0,0.006968641114982578,0.0,79,287
Pragmatic optimality,Middle 70%,dimension_color,both,sharp,FDC,0.002998257839721254,0.0,0.010452961672473868,0.0,79,287
Pragmatic optimality,Middle 70%,dimension_color,both,sharp,FC,0.0441829268292683,0.020905923344947737,0.06968641114982578,0.013937282229965157,79,287
Pragmatic optimality,Middle 70%,dimension_color,both,sharp,FCD,0.0020905923344947735,0.0,0.006968641114982578,0.003484320557491289,79,287
Pragmatic optimality,Middle 70%,dimension_form,first,sharp,D,0.2641193379790941,0.20905923344947736,0.3205574912891986,0.24738675958188153,79,287
Pragmatic optimality,Middle 70%,dimension_form,first,sharp,DC,0.11392770034843205,0.07665505226480836,0.15331010452961671,0.05574912891986063,79,287
Pragmatic optimality,Middle 70%,dimension_form,first,sharp,DCF,0.2922778745644599,0.24041811846689895,0.34843205574912894,0.22996515679442509,79,287
Pragmatic optimality,Middle 70%,dimension_form,first,sharp,DF,0.08839634146341463,0.05574912891986063,0.1254355400696864,0.25435540069686413,79,287
Pragmatic optimality,Middle 70%,dimension_form,first,sharp,DFC,0.029653310104529616,0.010452961672473868,0.05226480836236934,0.006968641114982578,79,287
Pragmatic optimality,Middle 70%,dimension_form,first,sharp,C,0.04399477351916376,0.020905923344947737,0.06968641114982578,0.08013937282229965,79,287
Pragmatic optimality,Middle 70%,dimension_form,first,sharp,CD,0.002230836236933798,0.0,0.010452961672473868,0.0,79,287
Pragmatic optimality,Middle 70%,dimension_form,first,sharp,CDF,0.04070470383275261,0.017421602787456445,0.06620209059233449,0.027874564459930314,79,287
Pragmatic optimality,Middle 70%,dimension_form,first,sharp,CF,0.08211672473867596,0.05226480836236934,0.11498257839721254,0.07317073170731707,79,287
Pragmatic optimality,Middle 70%,dimension_form,first,sharp,CFD,0.005191637630662021,0.0,0.013937282229965157,0.0,79,287
Pragmatic optimality,Middle 70%,dimension_form,first,sharp,F,0.022155052264808364,0.006968641114982578,0.041811846689895474,0.006968641114982578,79,287
Pragmatic optimality,Middle 70%,dimension_form,first,sharp,FD,0.000656794425087108,0.0,0.003484320557491289,0.003484320557491289,79,287
Pragmatic optimality,Middle 70%,dimension_form,first,sharp,FDC,0.0018275261324041815,0.0,0.006968641114982578,0.010452961672473868,79,287
Pragmatic optimality,Middle 70%,dimension_form,first,sharp,FC,0.011859756097560976,0.0,0.024390243902439025,0.0,79,287
Pragmatic optimality,Middle 70%,dimension_form,first,sharp,FCD,0.000887630662020906,0.0,0.0035714285714288883,0.003484320557491289,79,287
Pragmatic optimality,Middle 70%,dimension_color,second,sharp,D,0.004552083333333334,0.0,0.013888888888888888,0.0,79,288
Pragmatic optimality,Middle 70%,dimension_color,second,sharp,DC,0.053624131944444445,0.027777777777777776,0.08333333333333333,0.0,79,288
Pragmatic optimality,Middle 70%,dimension_color,second,sharp,DCF,0.021677951388888894,0.006944444444444444,0.041666666666666664,0.0,79,288
Pragmatic optimality,Middle 70%,dimension_color,second,sharp,DF,0.00960763888888889,0.0,0.020833333333333332,0.0,79,288
Pragmatic optimality,Middle 70%,dimension_color,second,sharp,DFC,0.0028828125000000004,0.0,0.010416666666666666,0.0,79,288
Pragmatic optimality,Middle 70%,dimension_color,second,sharp,C,0.7893932291666668,0.7395833333333334,0.8368055555555556,0.7361111111111112,79,288
Pragmatic optimality,Middle 70%,dimension_color,second,sharp,CD,0.001842013888888889,0.0,0.006944444444444444,0.0,79,288
Pragmatic optimality,Middle 70%,dimension_color,second,sharp,CDF,0.004289062500000001,0.0,0.013888888888888888,0.003472222222222222,79,288
Pragmatic optimality,Middle 70%,dimension_color,second,sharp,CF,0.08374305555555554,0.052083333333333336,0.11805555555555555,0.2222222222222222,79,288
Pragmatic optimality,Middle 70%,dimension_color,second,sharp,CFD,0.003942708333333334,0.0,0.013888888888888888,0.0,79,288
Pragmatic optimality,Middle 70%,dimension_color,second,sharp,F,0.014874131944444445,0.003472222222222222,0.027777777777777776,0.024305555555555556,79,288
Pragmatic optimality,Middle 70%,dimension_color,second,sharp,FD,0.00023697916666666667,0.0,0.003472222222222222,0.0,79,288
Pragmatic optimality,Middle 70%,dimension_color,second,sharp,FDC,0.00036979166666666665,0.0,0.003472222222222222,0.0,79,288
Pragmatic optimality,Middle 70%,dimension_color,second,sharp,FC,0.008441840277777779,0.0,0.020833333333333332,0.013888888888888888,79,288
Pragmatic optimality,Middle 70%,dimension_color,second,sharp,FCD,0.0005225694444444444,0.0,0.003472222222222222,0.0,79,288
Pragmatic optimality,Middle 70%,dimension_color,first,sharp,D,0.23526393728222997,0.18118466898954705,0.289198606271777,0.289198606271777,79,287
Pragmatic optimality,Middle 70%,dimension_color,first,sharp,DC,0.03405662020905923,0.013937282229965157,0.05574912891986063,0.04529616724738676,79,287
Pragmatic optimality,Middle 70%,dimension_color,first,sharp,DCF,0.1568170731707317,0.11498257839721254,0.20209059233449478,0.20557491289198607,79,287
Pragmatic optimality,Middle 70%,dimension_color,first,sharp,DF,0.36868641114982575,0.31010452961672474,0.42857142857142855,0.25435540069686413,79,287
Pragmatic optimality,Middle 70%,dimension_color,first,sharp,DFC,0.059642857142857136,0.03484320557491289,0.08710801393728224,0.017421602787456445,79,287
Pragmatic optimality,Middle 70%,dimension_color,first,sharp,C,0.008272648083623694,0.0,0.020905923344947737,0.0,79,287
Pragmatic optimality,Middle 70%,dimension_color,first,sharp,CD,0.0005618466898954704,0.0,0.003484320557491289,0.0,79,287
Pragmatic optimality,Middle 70%,dimension_color,first,sharp,CDF,0.007798780487804877,0.0,0.020905923344947737,0.020905923344947737,79,287
Pragmatic optimality,Middle 70%,dimension_color,first,sharp,CF,0.03863937282229966,0.017421602787456445,0.0627177700348432,0.04529616724738676,79,287
Pragmatic optimality,Middle 70%,dimension_color,first,sharp,CFD,0.002647212543554007,0.0,0.010452961672473868,0.003484320557491289,79,287
Pragmatic optimality,Middle 70%,dimension_color,first,sharp,F,0.06761585365853659,0.041811846689895474,0.0975609756097561,0.11149825783972125,79,287
Pragmatic optimality,Middle 70%,dimension_color,first,sharp,FD,0.002117595818815331,0.0,0.0070557491289201775,0.003484320557491289,79,287
Pragmatic optimality,Middle 70%,dimension_color,first,sharp,FDC,0.0037822299651567946,0.0,0.013937282229965157,0.0,79,287
Pragmatic optimality,Middle 70%,dimension_color,first,sharp,FC,0.012990418118466896,0.003484320557491289,0.027874564459930314,0.003484320557491289,79,287
Pragmatic optimality,Middle 70%,dimension_color,first,sharp,FCD,0.001107142857142857,0.0,0.006968641114982578,0.0,79,287
Pragmatic optimality,Middle 70%,color_form,second,sharp,D,0.0017578125,0.0,0.006944444444444444,0.0,79,288
Pragmatic optimality,Middle 70%,color_form,second,sharp,DC,0.006448784722222223,0.0,0.017361111111111112,0.0,79,288
Pragmatic optimality,Middle 70%,color_form,second,sharp,DCF,0.040076388888888884,0.020746527777777805,0.0625,0.006944444444444444,79,288
Pragmatic optimality,Middle 70%,color_form,second,sharp,DF,0.12580902777777778,0.09027777777777778,0.16319444444444445,0.04861111111111111,79,288
Pragmatic optimality,Middle 70%,color_form,second,sharp,DFC,0.01969357638888889,0.006944444444444444,0.03819444444444445,0.0,79,288
Pragmatic optimality,Middle 70%,color_form,second,sharp,C,0.008432291666666668,0.0,0.020833333333333332,0.0,79,288
Pragmatic optimality,Middle 70%,color_form,second,sharp,CD,0.0002795138888888888,0.0,0.003472222222222222,0.0,79,288
Pragmatic optimality,Middle 70%,color_form,second,sharp,CDF,0.0025920138888888894,0.0,0.010416666666666666,0.003472222222222222,79,288
Pragmatic optimality,Middle 70%,color_form,second,sharp,CF,0.089203125,0.059027777777777776,0.12152777777777778,0.1527777777777778,79,288
Pragmatic optimality,Middle 70%,color_form,second,sharp,CFD,0.0037048611111111115,0.0,0.010416666666666666,0.0,79,288
Pragmatic optimality,Middle 70%,color_form,second,sharp,F,0.6683567708333332,0.6145833333333334,0.71875,0.7743055555555556,79,288
Pragmatic optimality,Middle 70%,color_form,second,sharp,FD,0.0009479166666666667,0.0,0.006944444444444444,0.0,79,288
Pragmatic optimality,Middle 70%,color_form,second,sharp,FDC,0.0017699652777777776,0.0,0.006944444444444444,0.003472222222222222,79,288
Pragmatic optimality,Middle 70%,color_form,second,sharp,FC,0.02949565972222222,0.010416666666666666,0.048697916666666986,0.010416666666666666,79,288
Pragmatic optimality,Middle 70%,color_form,second,sharp,FCD,0.0014322916666666668,0.0,0.006944444444444444,0.0,79,288
Pragmatic optimality,Middle 70%,dimension_color,second,blurred,D,0.0026400709219858154,0.0,0.0070921985815602835,0.0,79,423
Pragmatic optimality,Middle 70%,dimension_color,second,blurred,DC,0.057539598108747037,0.03546099290780142,0.08274231678486997,0.0,79,423
Pragmatic optimality,Middle 70%,dimension_color,second,blurred,DCF,0.028240543735224583,0.014184397163120567,0.04491725768321513,0.016548463356973995,79,423
Pragmatic optimality,Middle 70%,dimension_color,second,blurred,DF,0.0120177304964539,0.002364066193853428,0.02364066193853428,0.0,79,423
Pragmatic optimality,Middle 70%,dimension_color,second,blurred,DFC,0.00299113475177305,0.0,0.009456264775413711,0.0,79,423
Pragmatic optimality,Middle 70%,dimension_color,second,blurred,C,0.7613132387706856,0.7186761229314421,0.8037825059101655,0.6477541371158393,79,423
Pragmatic optimality,Middle 70%,dimension_color,second,blurred,CD,0.0006849881796690307,0.0,0.004728132387706856,0.0,79,423
Pragmatic optimality,Middle 70%,dimension_color,second,blurred,CDF,0.0025059101654846335,0.0,0.009456264775413711,0.0,79,423
Pragmatic optimality,Middle 70%,dimension_color,second,blurred,CF,0.105548463356974,0.07801418439716312,0.13711583924349882,0.28132387706855794,79,423
Pragmatic optimality,Middle 70%,dimension_color,second,blurred,CFD,0.002745271867612293,0.0,0.009456264775413711,0.0,79,423
Pragmatic optimality,Middle 70%,dimension_color,second,blurred,F,0.015119385342789598,0.004728132387706856,0.028368794326241134,0.05200945626477541,79,423
Pragmatic optimality,Middle 70%,dimension_color,second,blurred,FD,0.00022576832151300236,0.0,0.002364066193853428,0.0,79,423
Pragmatic optimality,Middle 70%,dimension_color,second,blurred,FDC,0.0003073286052009456,0.0,0.002364066193853428,0.0,79,423
Pragmatic optimality,Middle 70%,dimension_color,second,blurred,FC,0.0078008274231678495,0.0,0.016548463356973995,0.002364066193853428,79,423
Pragmatic optimality,Middle 70%,dimension_color,second,blurred,FCD,0.00031973995271867607,0.0,0.002364066193853428,0.0,79,423
Pragmatic optimality,Middle 70%,dimension_form,second,blurred,D,0.0009763593380614656,0.0,0.004728132387706856,0.0,79,423
Pragmatic optimality,Middle 70%,dimension_form,second,blurred,DC,0.01343676122931442,0.004728132387706856,0.026004728132387706,0.002364066193853428,79,423
Pragmatic optimality,Middle 70%,dimension_form,second,blurred,DCF,0.07788416075650119,0.054373522458628844,0.10401891252955082,0.01182033096926714,79,423
Pragmatic optimality,Middle 70%,dimension_form,second,blurred,DF,0.06118912529550826,0.04018912529550828,0.0851063829787234,0.0,79,423
Pragmatic optimality,Middle 70%,dimension_form,second,blurred,DFC,0.01158628841607565,0.002364066193853428,0.02364066193853428,0.0,79,423
Pragmatic optimality,Middle 70%,dimension_form,second,blurred,C,0.0298209219858156,0.014184397163120567,0.04728132387706856,0.05200945626477541,79,423
Pragmatic optimality,Middle 70%,dimension_form,second,blurred,CD,0.0002878250591016548,0.0,0.002364066193853428,0.0,79,423
Pragmatic optimality,Middle 70%,dimension_form,second,blurred,CDF,0.005143026004728132,0.0,0.014184397163120567,0.0,79,423
Pragmatic optimality,Middle 70%,dimension_form,second,blurred,CF,0.29638652482269506,0.25295508274231676,0.3404255319148936,0.2553191489361702,79,423
Pragmatic optimality,Middle 70%,dimension_form,second,blurred,CFD,0.006277777777777778,0.0,0.014184397163120567,0.0,79,423
Pragmatic optimality,Middle 70%,dimension_form,second,blurred,F,0.46523226950354607,0.4160756501182033,0.5130023640661938,0.6690307328605201,79,423
Pragmatic optimality,Middle 70%,dimension_form,second,blurred,FD,0.0002949172576832151,0.0,0.002364066193853428,0.0,79,423
Pragmatic optimality,Middle 70%,dimension_form,second,blurred,FDC,0.0005809692671394799,0.0,0.004728132387706856,0.0,79,423
Pragmatic optimality,Middle 70%,dimension_form,second,blurred,FC,0.03028959810874704,0.014184397163120567,0.04728132387706856,0.009456264775413711,79,423
Pragmatic optimality,Middle 70%,dimension_form,second,blurred,FCD,0.0006134751773049645,0.0,0.004728132387706856,0.0,79,423
Pragmatic optimality,Middle 70%,color_form,first,blurred,D,0.002465130023640662,0.0,0.0070921985815602835,0.004728132387706856,79,423
Pragmatic optimality,Middle 70%,color_form,first,blurred,DC,0.0760271867612293,0.05200945626477541,0.1016548463356974,0.014184397163120567,79,423
Pragmatic optimality,Middle 70%,color_form,first,blurred,DCF,0.02790425531914893,0.014184397163120567,0.0425531914893617,0.04018912529550828,79,423
Pragmatic optimality,Middle 70%,color_form,first,blurred,DF,0.0038983451536643027,0.0,0.01182033096926714,0.009456264775413711,79,423
Pragmatic optimality,Middle 70%,color_form,first,blurred,DFC,0.0016572104018912528,0.0,0.0070921985815602835,0.0,79,423
Pragmatic optimality,Middle 70%,color_form,first,blurred,C,0.7981613475177305,0.7612293144208038,0.8368794326241135,0.6666666666666666,79,423
Pragmatic optimality,Middle 70%,color_form,first,blurred,CD,0.0011560283687943262,0.0,0.004728132387706856,0.0,79,423
Pragmatic optimality,Middle 70%,color_form,first,blurred,CDF,0.0048451536643026,0.0,0.01182033096926714,0.0,79,423
Pragmatic optimality,Middle 70%,color_form,first,blurred,CF,0.07428664302600473,0.04964539007092199,0.09929078014184398,0.2647754137115839,79,423
Pragmatic optimality,Middle 70%,color_form,first,blurred,CFD,0.002276595744680851,0.0,0.0070921985815602835,0.0,79,423
Pragmatic optimality,Middle 70%,color_form,first,blurred,F,0.0038581560283687945,0.0,0.01182033096926714,0.0,79,423
Pragmatic optimality,Middle 70%,color_form,first,blurred,FD,0.000208628841607565,0.0,0.002364066193853428,0.0,79,423
Pragmatic optimality,Middle 70%,color_form,first,blurred,FDC,0.00022931442080378252,0.0,0.002364066193853428,0.0,79,423
Pragmatic optimality,Middle 70%,color_form,first,blurred,FC,0.002768321513002364,0.0,0.009456264775413711,0.0,79,423
Pragmatic optimality,Middle 70%,color_form,first,blurred,FCD,0.0002576832151300237,0.0,0.002364066193853428,0.0,79,423
Pragmatic optimality,Middle 70%,color_form,both,blurred,D,0.002478723404255319,0.0,0.0070921985815602835,0.002364066193853428,79,423
Pragmatic optimality,Middle 70%,color_form,both,blurred,DC,0.03182505910165485,0.016548463356973995,0.04964539007092199,0.026004728132387706,79,423
Pragmatic optimality,Middle 70%,color_form,both,blurred,DCF,0.15118144208037826,0.12056737588652482,0.18203309692671396,0.08274231678486997,79,423
Pragmatic optimality,Middle 70%,color_form,both,blurred,DF,0.11323581560283688,0.0851063829787234,0.14420803782505912,0.02127659574468085,79,423
Pragmatic optimality,Middle 70%,color_form,both,blurred,DFC,0.022468676122931443,0.009456264775413711,0.037825059101654845,0.002364066193853428,79,423
Pragmatic optimality,Middle 70%,color_form,both,blurred,C,0.0636418439716312,0.04018912529550828,0.08747044917257683,0.0070921985815602835,79,423
Pragmatic optimality,Middle 70%,color_form,both,blurred,CD,0.0004361702127659574,0.0,0.002364066193853428,0.0,79,423
Pragmatic optimality,Middle 70%,color_form,both,blurred,CDF,0.009407801418439716,0.002364066193853428,0.018912529550827423,0.0,79,423
Pragmatic optimality,Middle 70%,color_form,both,blurred,CF,0.4127594562647754,0.3664302600472813,0.458628841607565,0.7943262411347518,79,423
Pragmatic optimality,Middle 70%,color_form,both,blurred,CFD,0.007712174940898345,0.0,0.016548463356973995,0.0,79,423
Pragmatic optimality,Middle 70%,color_form,both,blurred,F,0.13458451536643026,0.1016548463356974,0.1702127659574468,0.014184397163120567,79,423
Pragmatic optimality,Middle 70%,color_form,both,blurred,FD,0.0003794326241134751,0.0,0.002364066193853428,0.0,79,423
Pragmatic optimality,Middle 70%,color_form,both,blurred,FDC,0.0008995271867612293,0.0,0.004728132387706856,0.0,79,423
Pragmatic optimality,Middle 70%,color_form,both,blurred,FC,0.048260047281323874,0.028368794326241134,0.07092198581560284,0.04964539007092199,79,423
Pragmatic optimality,Middle 70%,color_form,both,blurred,FCD,0.0007293144208037826,0.0,0.004728132387706856,0.0,79,423
Pragmatic optimality,Middle 70%,dimension_color,both,blurred,D,0.003257701421800948,0.0,0.009478672985781991,0.0,79,422
Pragmatic optimality,Middle 70%,dimension_color,both,blurred,DC,0.042160545023696684,0.023696682464454975,0.061611374407582936,0.06872037914691943,79,422
Pragmatic optimality,Middle 70%,dimension_color,both,blurred,DCF,0.20713388625592416,0.16824644549763032,0.24644549763033174,0.35308056872037913,79,422
Pragmatic optimality,Middle 70%,dimension_color,both,blurred,DF,0.20462559241706163,0.16587677725118483,0.24644549763033174,0.08293838862559241,79,422
Pragmatic optimality,Middle 70%,dimension_color,both,blurred,DFC,0.03780331753554502,0.02132701421800948,0.05687203791469194,0.004739336492890996,79,422
Pragmatic optimality,Middle 70%,dimension_color,both,blurred,C,0.03968898104265403,0.023696682464454975,0.05924170616113744,0.011848341232227487,79,422
Pragmatic optimality,Middle 70%,dimension_color,both,blurred,CD,0.0004834123222748815,0.0,0.002369668246445498,0.0071090047393364926,79,422
Pragmatic optimality,Middle 70%,dimension_color,both,blurred,CDF,0.010783175355450238,0.002369668246445498,0.02132701421800948,0.026066350710900472,79,422
Pragmatic optimality,Middle 70%,dimension_color,both,blurred,CF,0.2797571090047393,0.23696682464454977,0.3246445497630332,0.28672985781990523,79,422
Pragmatic optimality,Middle 70%,dimension_color,both,blurred,CFD,0.00646978672985782,0.0,0.014218009478672985,0.004739336492890996,79,422
Pragmatic optimality,Middle 70%,dimension_color,both,blurred,F,0.12521919431279618,0.0947867298578199,0.15639810426540285,0.12085308056872038,79,422
Pragmatic optimality,Middle 70%,dimension_color,both,blurred,FD,0.0005367298578199053,0.0,0.002369668246445498,0.002369668246445498,79,422
Pragmatic optimality,Middle 70%,dimension_color,both,blurred,FDC,0.0014259478672985783,0.0,0.004739336492890996,0.002369668246445498,79,422
Pragmatic optimality,Middle 70%,dimension_color,both,blurred,FC,0.03980983412322275,0.02132701421800948,0.05924170616113744,0.02843601895734597,79,422
Pragmatic optimality,Middle 70%,dimension_color,both,blurred,FCD,0.0008447867298578199,0.0,0.004739336492890996,0.0,79,422
Pragmatic optimality,Middle 70%,dimension_form,both,blurred,D,0.002962829736211031,0.0,0.009592326139088728,0.002398081534772182,79,417
Pragmatic optimality,Middle 70%,dimension_form,both,blurred,DC,0.055579736211031176,0.03357314148681055,0.07913669064748201,0.019184652278177457,79,417
Pragmatic optimality,Middle 70%,dimension_form,both,blurred,DCF,0.2123968824940048,0.17266187050359713,0.2541966426858513,0.33093525179856115,79,417
Pragmatic optimality,Middle 70%,dimension_form,both,blurred,DF,0.10364568345323741,0.07434052757793765,0.1342925659472422,0.434052757793765,79,417
Pragmatic optimality,Middle 70%,dimension_form,both,blurred,DFC,0.026835131894484412,0.011990407673860911,0.04316546762589928,0.004796163069544364,79,417
Pragmatic optimality,Middle 70%,dimension_form,both,blurred,C,0.06961390887290167,0.045563549160671464,0.09592326139088729,0.011990407673860911,79,417
Pragmatic optimality,Middle 70%,dimension_form,both,blurred,CD,0.0006960431654676259,0.0,0.004796163069544364,0.0,79,417
Pragmatic optimality,Middle 70%,dimension_form,both,blurred,CDF,0.017715827338129493,0.007194244604316547,0.03117505995203837,0.014388489208633094,79,417
Pragmatic optimality,Middle 70%,dimension_form,both,blurred,CF,0.3891906474820145,0.3405275779376499,0.43884892086330934,0.13908872901678657,79,417
Pragmatic optimality,Middle 70%,dimension_form,both,blurred,CFD,0.008578537170263788,0.0,0.019184652278177457,0.004796163069544364,79,417
Pragmatic optimality,Middle 70%,dimension_form,both,blurred,F,0.07526139088729017,0.050359712230215826,0.10311750599520383,0.02158273381294964,79,417
Pragmatic optimality,Middle 70%,dimension_form,both,blurred,FD,0.00036211031175059947,0.0,0.002398081534772182,0.002398081534772182,79,417
Pragmatic optimality,Middle 70%,dimension_form,both,blurred,FDC,0.0010491606714628295,0.0,0.004796163069544364,0.0,79,417
Pragmatic optimality,Middle 70%,dimension_form,both,blurred,FC,0.03543105515587531,0.019184652278177457,0.05515587529976019,0.014388489208633094,79,417
Pragmatic optimality,Middle 70%,dimension_form,both,blurred,FCD,0.0006810551558752996,0.0,0.004796163069544364,0.0,79,417
Pragmatic optimality,Middle 70%,dimension_color,first,blurred,D,0.026237318840579713,0.012077294685990338,0.043478260869565216,0.03864734299516908,79,414
Pragmatic optimality,Middle 70%,dimension_color,first,blurred,DC,0.03158574879227053,0.016908212560386472,0.050724637681159424,0.05314009661835749,79,414
Pragmatic optimality,Middle 70%,dimension_color,first,blurred,DCF,0.17656521739130432,0.14251207729468598,0.21497584541062803,0.34541062801932365,79,414
Pragmatic optimality,Middle 70%,dimension_color,first,blurred,DF,0.46929045893719806,0.41545893719806765,0.5241545893719807,0.391304347826087,79,414
Pragmatic optimality,Middle 70%,dimension_color,first,blurred,DFC,0.058858695652173915,0.036231884057971016,0.0821256038647343,0.00966183574879227,79,414
Pragmatic optimality,Middle 70%,dimension_color,first,blurred,C,0.01256461352657005,0.0024154589371980675,0.024154589371980676,0.007246376811594203,79,414
Pragmatic optimality,Middle 70%,dimension_color,first,blurred,CD,0.00036231884057971015,0.0,0.0024154589371980675,0.0,79,414
Pragmatic optimality,Middle 70%,dimension_color,first,blurred,CDF,0.005352657004830917,0.0,0.012077294685990338,0.00966183574879227,79,414
Pragmatic optimality,Middle 70%,dimension_color,first,blurred,CF,0.08582367149758455,0.057971014492753624,0.11352657004830918,0.07246376811594203,79,414
Pragmatic optimality,Middle 70%,dimension_color,first,blurred,CFD,0.0024112318840579707,0.0,0.007246376811594203,0.0,79,414
Pragmatic optimality,Middle 70%,dimension_color,first,blurred,F,0.10620289855072464,0.0748792270531401,0.13768115942028986,0.043478260869565216,79,414
Pragmatic optimality,Middle 70%,dimension_color,first,blurred,FD,0.0010120772946859904,0.0,0.004830917874396135,0.00966183574879227,79,414
Pragmatic optimality,Middle 70%,dimension_color,first,blurred,FDC,0.0022016908212560385,0.0,0.007246376811594203,0.004830917874396135,79,414
Pragmatic optimality,Middle 70%,dimension_color,first,blurred,FC,0.020844202898550723,0.007246376811594203,0.036231884057971016,0.012077294685990338,79,414
Pragmatic optimality,Middle 70%,dimension_color,first,blurred,FCD,0.0006871980676328501,0.0,0.004830917874396135,0.0024154589371980675,79,414
Pragmatic optimality,Middle 70%,dimension_form,first,blurred,D,0.030146296296296296,0.014814814814814815,0.04691358024691358,0.04938271604938271,79,405
Pragmatic optimality,Middle 70%,dimension_form,first,blurred,DC,0.1160641975308642,0.08641975308641975,0.1506172839506173,0.07407407407407407,79,405
Pragmatic optimality,Middle 70%,dimension_form,first,blurred,DCF,0.3374129629629629,0.291358024691358,0.3851851851851852,0.30617283950617286,79,405
Pragmatic optimality,Middle 70%,dimension_form,first,blurred,DF,0.11666358024691358,0.08641975308641975,0.1506172839506173,0.22962962962962963,79,405
Pragmatic optimality,Middle 70%,dimension_form,first,blurred,DFC,0.033781481481481475,0.01728395061728395,0.05432098765432099,0.007407407407407408,79,405
Pragmatic optimality,Middle 70%,dimension_form,first,blurred,C,0.06744814814814813,0.044444444444444446,0.09382716049382717,0.1506172839506173,79,405
Pragmatic optimality,Middle 70%,dimension_form,first,blurred,CD,0.001221604938271605,0.0,0.0049382716049382715,0.0024691358024691358,79,405
Pragmatic optimality,Middle 70%,dimension_form,first,blurred,CDF,0.03030493827160494,0.014814814814814815,0.04938271604938271,0.0049382716049382715,79,405
Pragmatic optimality,Middle 70%,dimension_form,first,blurred,CF,0.20616172839506175,0.1654320987654321,0.24691358024691357,0.1580246913580247,79,405
Pragmatic optimality,Middle 70%,dimension_form,first,blurred,CFD,0.005773456790123457,0.0,0.014814814814814815,0.0024691358024691358,79,405
Pragmatic optimality,Middle 70%,dimension_form,first,blurred,F,0.03478888888888889,0.01728395061728395,0.05432098765432099,0.0049382716049382715,79,405
Pragmatic optimality,Middle 70%,dimension_form,first,blurred,FD,0.0003592592592592592,0.0,0.0024691358024691358,0.0,79,405
Pragmatic optimality,Middle 70%,dimension_form,first,blurred,FDC,0.001165432098765432,0.0,0.0049382716049382715,0.0,79,405
Pragmatic optimality,Middle 70%,dimension_form,first,blurred,FC,0.018168518518518518,0.007407407407407408,0.03209876543209877,0.009876543209876543,79,405
Pragmatic optimality,Middle 70%,dimension_form,first,blurred,FCD,0.0005395061728395061,0.0,0.0024691358024691358,0.0,79,405
Pragmatic optimality,Middle 70%,color_form,second,blurred,D,0.0009391252955082742,0.0,0.004728132387706856,0.0,79,423
Pragmatic optimality,Middle 70%,color_form,second,blurred,DC,0.006240543735224586,0.0,0.014184397163120567,0.0,79,423
Pragmatic optimality,Middle 70%,color_form,second,blurred,DCF,0.04836583924349881,0.030732860520094562,0.06855791962174941,0.028368794326241134,79,423
Pragmatic optimality,Middle 70%,color_form,second,blurred,DF,0.13423463356973994,0.10401891252955082,0.16548463356973994,0.02127659574468085,79,423
Pragmatic optimality,Middle 70%,color_form,second,blurred,DFC,0.019055555555555558,0.0070921985815602835,0.03309692671394799,0.0,79,423
Pragmatic optimality,Middle 70%,color_form,second,blurred,C,0.00832033096926714,0.0,0.018912529550827423,0.002364066193853428,79,423
Pragmatic optimality,Middle 70%,color_form,second,blurred,CD,0.00020803782505910166,0.0,0.002364066193853428,0.0,79,423
Pragmatic optimality,Middle 70%,color_form,second,blurred,CDF,0.0014929078014184396,0.0,0.0070921985815602835,0.0,79,423
Pragmatic optimality,Middle 70%,color_form,second,blurred,CF,0.10199704491725768,0.07328605200945626,0.13238770685579196,0.2293144208037825,79,423
Pragmatic optimality,Middle 70%,color_form,second,blurred,CFD,0.0022210401891252954,0.0,0.0070921985815602835,0.0,79,423
Pragmatic optimality,Middle 70%,color_form,second,blurred,F,0.6500177304964538,0.607565011820331,0.6926713947990544,0.6997635933806147,79,423
Pragmatic optimality,Middle 70%,color_form,second,blurred,FD,0.0003936170212765957,0.0,0.002364066193853428,0.002364066193853428,79,423
Pragmatic optimality,Middle 70%,color_form,second,blurred,FDC,0.0009716312056737589,0.0,0.004728132387706856,0.0,79,423
Pragmatic optimality,Middle 70%,color_form,second,blurred,FC,0.02491489361702127,0.01182033096926714,0.04018912529550828,0.016548463356973995,79,423
Pragmatic optimality,Middle 70%,color_form,second,blurred,FCD,0.0006270685579196217,0.0,0.004728132387706856,0.0,79,423
Pragmatic optimality,Upper 15%,color_form,first,sharp,D,0.0041444444444444445,0.0,0.022222222222222223,0.011111111111111112,17,90
Pragmatic optimality,Upper 15%,color_form,first,sharp,DC,0.05148888888888889,0.011111111111111112,0.1,0.0,17,90
Pragmatic optimality,Upper 15%,color_form,first,sharp,DCF,0.005863888888888889,0.0,0.022222222222222223,0.0,17,90
Pragmatic optimality,Upper 15%,color_form,first,sharp,DF,0.0019861111111111112,0.0,0.011111111111111112,0.0,17,90
Pragmatic optimality,Upper 15%,color_form,first,sharp,DFC,0.0007055555555555556,0.0,0.011111111111111112,0.0,17,90
Pragmatic optimality,Upper 15%,color_form,first,sharp,C,0.9057444444444447,0.8444444444444444,0.9555555555555556,0.9777777777777777,17,90
Pragmatic optimality,Upper 15%,color_form,first,sharp,CD,0.001163888888888889,0.0,0.011111111111111112,0.0,17,90
Pragmatic optimality,Upper 15%,color_form,first,sharp,CDF,0.0010027777777777778,0.0,0.011111111111111112,0.0,17,90
Pragmatic optimality,Upper 15%,color_form,first,sharp,CF,0.0219,0.0,0.05555555555555555,0.011111111111111112,17,90
Pragmatic optimality,Upper 15%,color_form,first,sharp,CFD,0.00035833333333333333,0.0,0.011111111111111112,0.0,17,90
Pragmatic optimality,Upper 15%,color_form,first,sharp,F,0.003438888888888889,0.0,0.022222222222222223,0.0,17,90
Pragmatic optimality,Upper 15%,color_form,first,sharp,FD,0.00020833333333333332,0.0,0.0,0.0,17,90
Pragmatic optimality,Upper 15%,color_form,first,sharp,FDC,0.00018055555555555557,0.0,0.0,0.0,17,90
Pragmatic optimality,Upper 15%,color_form,first,sharp,FC,0.0016027777777777778,0.0,0.011111111111111112,0.0,17,90
Pragmatic optimality,Upper 15%,color_form,first,sharp,FCD,0.0002111111111111111,0.0,0.0,0.0,17,90
Pragmatic optimality,Upper 15%,dimension_color,second,sharp,D,0.004472222222222222,0.0,0.022222222222222223,0.0,17,90
Pragmatic optimality,Upper 15%,dimension_color,second,sharp,DC,0.028205555555555557,0.0,0.06666666666666667,0.0,17,90
Pragmatic optimality,Upper 15%,dimension_color,second,sharp,DCF,0.004402777777777778,0.0,0.022222222222222223,0.0,17,90
Pragmatic optimality,Upper 15%,dimension_color,second,sharp,DF,0.004083333333333333,0.0,0.022222222222222223,0.0,17,90
Pragmatic optimality,Upper 15%,dimension_color,second,sharp,DFC,0.0007638888888888889,0.0,0.011111111111111112,0.0,17,90
Pragmatic optimality,Upper 15%,dimension_color,second,sharp,C,0.9052111111111112,0.8444444444444444,0.9555555555555556,1.0,17,90
Pragmatic optimality,Upper 15%,dimension_color,second,sharp,CD,0.0008638888888888889,0.0,0.011111111111111112,0.0,17,90
Pragmatic optimality,Upper 15%,dimension_color,second,sharp,CDF,0.0008666666666666667,0.0,0.011111111111111112,0.0,17,90
Pragmatic optimality,Upper 15%,dimension_color,second,sharp,CF,0.03393611111111111,0.0,0.07777777777777778,0.0,17,90
Pragmatic optimality,Upper 15%,dimension_color,second,sharp,CFD,0.0007027777777777778,0.0,0.011111111111111112,0.0,17,90
Pragmatic optimality,Upper 15%,dimension_color,second,sharp,F,0.012499999999999999,0.0,0.044444444444444446,0.0,17,90
Pragmatic optimality,Upper 15%,dimension_color,second,sharp,FD,0.0002638888888888889,0.0,0.0,0.0,17,90
Pragmatic optimality,Upper 15%,dimension_color,second,sharp,FDC,0.00024444444444444443,0.0,0.0,0.0,17,90
Pragmatic optimality,Upper 15%,dimension_color,second,sharp,FC,0.0032555555555555554,0.0,0.022222222222222223,0.0,17,90
Pragmatic optimality,Upper 15%,dimension_color,second,sharp,FCD,0.0002277777777777778,0.0,0.0,0.0,17,90
Pragmatic optimality,Upper 15%,dimension_color,both,sharp,D,0.015488888888888889,0.0,0.044444444444444446,0.0,17,90
Pragmatic optimality,Upper 15%,dimension_color,both,sharp,DC,0.07141944444444445,0.022222222222222223,0.13333333333333333,0.43333333333333335,17,90
Pragmatic optimality,Upper 15%,dimension_color,both,sharp,DCF,0.15611666666666668,0.08888888888888889,0.23333333333333334,0.2111111111111111,17,90
Pragmatic optimality,Upper 15%,dimension_color,both,sharp,DF,0.25911111111111107,0.16666666666666666,0.35555555555555557,0.15555555555555556,17,90
Pragmatic optimality,Upper 15%,dimension_color,both,sharp,DFC,0.030780555555555554,0.0,0.06666666666666667,0.0,17,90
Pragmatic optimality,Upper 15%,dimension_color,both,sharp,C,0.07538055555555556,0.022222222222222223,0.13333333333333333,0.0,17,90
Pragmatic optimality,Upper 15%,dimension_color,both,sharp,CD,0.0009694444444444444,0.0,0.011111111111111112,0.022222222222222223,17,90
Pragmatic optimality,Upper 15%,dimension_color,both,sharp,CDF,0.010913888888888888,0.0,0.03333333333333333,0.0,17,90
Pragmatic optimality,Upper 15%,dimension_color,both,sharp,CF,0.14404444444444445,0.07777777777777778,0.2222222222222222,0.1111111111111111,17,90
Pragmatic optimality,Upper 15%,dimension_color,both,sharp,CFD,0.002475,0.0,0.011111111111111112,0.0,17,90
Pragmatic optimality,Upper 15%,dimension_color,both,sharp,F,0.2027138888888889,0.12222222222222222,0.28888888888888886,0.06666666666666667,17,90
Pragmatic optimality,Upper 15%,dimension_color,both,sharp,FD,0.0009694444444444444,0.0,0.011111111111111112,0.0,17,90
Pragmatic optimality,Upper 15%,dimension_color,both,sharp,FDC,0.0015499999999999997,0.0,0.011111111111111112,0.0,17,90
Pragmatic optimality,Upper 15%,dimension_color,both,sharp,FC,0.02746111111111111,0.0,0.06666666666666667,0.0,17,90
Pragmatic optimality,Upper 15%,dimension_color,both,sharp,FCD,0.0006055555555555555,0.0,0.011111111111111112,0.0,17,90
Pragmatic optimality,Upper 15%,color_form,both,sharp,D,0.006958333333333334,0.0,0.022222222222222223,0.011111111111111112,17,90
Pragmatic optimality,Upper 15%,color_form,both,sharp,DC,0.03198333333333333,0.0,0.06666666666666667,0.03333333333333333,17,90
Pragmatic optimality,Upper 15%,color_form,both,sharp,DCF,0.061530555555555554,0.022222222222222223,0.1111111111111111,0.022222222222222223,17,90
Pragmatic optimality,Upper 15%,color_form,both,sharp,DF,0.09005277777777777,0.044444444444444446,0.14444444444444443,0.044444444444444446,17,90
Pragmatic optimality,Upper 15%,color_form,both,sharp,DFC,0.011808333333333334,0.0,0.03333333333333333,0.011111111111111112,17,90
Pragmatic optimality,Upper 15%,color_form,both,sharp,C,0.14386388888888887,0.07777777777777778,0.2222222222222222,0.0,17,90
Pragmatic optimality,Upper 15%,color_form,both,sharp,CD,0.0006666666666666668,0.0,0.011111111111111112,0.0,17,90
Pragmatic optimality,Upper 15%,color_form,both,sharp,CDF,0.004480555555555556,0.0,0.022222222222222223,0.0,17,90
Pragmatic optimality,Upper 15%,color_form,both,sharp,CF,0.33593888888888884,0.24444444444444444,0.43333333333333335,0.8333333333333334,17,90
Pragmatic optimality,Upper 15%,color_form,both,sharp,CFD,0.0026972222222222224,0.0,0.011111111111111112,0.0,17,90
Pragmatic optimality,Upper 15%,color_form,both,sharp,F,0.26203055555555554,0.17777777777777778,0.35555555555555557,0.0,17,90
Pragmatic optimality,Upper 15%,color_form,both,sharp,FD,0.0004805555555555555,0.0,0.011111111111111112,0.0,17,90
Pragmatic optimality,Upper 15%,color_form,both,sharp,FDC,0.0006138888888888889,0.0,0.011111111111111112,0.0,17,90
Pragmatic optimality,Upper 15%,color_form,both,sharp,FC,0.04641388888888889,0.011111111111111112,0.1,0.044444444444444446,17,90
Pragmatic optimality,Upper 15%,color_form,both,sharp,FCD,0.0004805555555555556,0.0,0.011111111111111112,0.0,17,90
Pragmatic optimality,Upper 15%,color_form,second,sharp,D,0.0028361111111111113,0.0,0.022222222222222223,0.0,17,90
Pragmatic optimality,Upper 15%,color_form,second,sharp,DC,0.005511111111111111,0.0,0.022222222222222223,0.0,17,90
Pragmatic optimality,Upper 15%,color_form,second,sharp,DCF,0.014955555555555554,0.0,0.044444444444444446,0.0,17,90
Pragmatic optimality,Upper 15%,color_form,second,sharp,DF,0.10245555555555555,0.044444444444444446,0.16666666666666666,0.011111111111111112,17,90
Pragmatic optimality,Upper 15%,color_form,second,sharp,DFC,0.0072833333333333335,0.0,0.022222222222222223,0.0,17,90
Pragmatic optimality,Upper 15%,color_form,second,sharp,C,0.01046111111111111,0.0,0.03333333333333333,0.0,17,90
Pragmatic optimality,Upper 15%,color_form,second,sharp,CD,0.0002666666666666667,0.0,0.0,0.0,17,90
Pragmatic optimality,Upper 15%,color_form,second,sharp,CDF,0.0007055555555555556,0.0,0.011111111111111112,0.0,17,90
Pragmatic optimality,Upper 15%,color_form,second,sharp,CF,0.039591666666666664,0.0,0.08888888888888889,0.011111111111111112,17,90
Pragmatic optimality,Upper 15%,color_form,second,sharp,CFD,0.000575,0.0,0.011111111111111112,0.0,17,90
Pragmatic optimality,Upper 15%,color_form,second,sharp,F,0.8018083333333333,0.7222222222222222,0.8777777777777778,0.9777777777777777,17,90
Pragmatic optimality,Upper 15%,color_form,second,sharp,FD,0.00055,0.0,0.011111111111111112,0.0,17,90
Pragmatic optimality,Upper 15%,color_form,second,sharp,FDC,0.0006472222222222221,0.0,0.011111111111111112,0.0,17,90
Pragmatic optimality,Upper 15%,color_form,second,sharp,FC,0.01201111111111111,0.0,0.03333333333333333,0.0,17,90
Pragmatic optimality,Upper 15%,color_form,second,sharp,FCD,0.00034166666666666666,0.0,0.011111111111111112,0.0,17,90
Pragmatic optimality,Upper 15%,dimension_form,both,sharp,D,0.015261111111111109,0.0,0.044444444444444446,0.0,17,90
Pragmatic optimality,Upper 15%,dimension_form,both,sharp,DC,0.08910277777777778,0.03333333333333333,0.15555555555555556,0.13333333333333333,17,90
Pragmatic optimality,Upper 15%,dimension_form,both,sharp,DCF,0.14870277777777777,0.07777777777777778,0.2222222222222222,0.12222222222222222,17,90
Pragmatic optimality,Upper 15%,dimension_form,both,sharp,DF,0.1835388888888889,0.1111111111111111,0.26666666666666666,0.35555555555555557,17,90
Pragmatic optimality,Upper 15%,dimension_form,both,sharp,DFC,0.025077777777777775,0.0,0.06666666666666667,0.011111111111111112,17,90
Pragmatic optimality,Upper 15%,dimension_form,both,sharp,C,0.13364166666666666,0.06666666666666667,0.2111111111111111,0.2,17,90
Pragmatic optimality,Upper 15%,dimension_form,both,sharp,CD,0.0015055555555555556,0.0,0.011111111111111112,0.0,17,90
Pragmatic optimality,Upper 15%,dimension_form,both,sharp,CDF,0.015024999999999998,0.0,0.044444444444444446,0.0,17,90
Pragmatic optimality,Upper 15%,dimension_form,both,sharp,CF,0.214475,0.13333333333333333,0.3,0.15555555555555556,17,90
Pragmatic optimality,Upper 15%,dimension_form,both,sharp,CFD,0.003519444444444445,0.0,0.022222222222222223,0.0,17,90
Pragmatic optimality,Upper 15%,dimension_form,both,sharp,F,0.1406861111111111,0.06666666666666667,0.2111111111111111,0.011111111111111112,17,90
Pragmatic optimality,Upper 15%,dimension_form,both,sharp,FD,0.0006972222222222222,0.0,0.011111111111111112,0.0,17,90
Pragmatic optimality,Upper 15%,dimension_form,both,sharp,FDC,0.001125,0.0,0.011111111111111112,0.0,17,90
Pragmatic optimality,Upper 15%,dimension_form,both,sharp,FC,0.02705555555555556,0.0,0.06666666666666667,0.011111111111111112,17,90
Pragmatic optimality,Upper 15%,dimension_form,both,sharp,FCD,0.000586111111111111,0.0,0.011111111111111112,0.0,17,90
Pragmatic optimality,Upper 15%,dimension_form,first,sharp,D,0.4701277777777778,0.35555555555555557,0.5777777777777777,0.5111111111111111,17,90
Pragmatic optimality,Upper 15%,dimension_form,first,sharp,DC,0.13096944444444444,0.06666666666666667,0.2,0.07777777777777778,17,90
Pragmatic optimality,Upper 15%,dimension_form,first,sharp,DCF,0.1501,0.07777777777777778,0.23333333333333334,0.15555555555555556,17,90
Pragmatic optimality,Upper 15%,dimension_form,first,sharp,DF,0.07804444444444446,0.022222222222222223,0.14444444444444443,0.13333333333333333,17,90
Pragmatic optimality,Upper 15%,dimension_form,first,sharp,DFC,0.016399999999999998,0.0,0.044444444444444446,0.0,17,90
Pragmatic optimality,Upper 15%,dimension_form,first,sharp,C,0.06684444444444444,0.022222222222222223,0.12222222222222222,0.1,17,90
Pragmatic optimality,Upper 15%,dimension_form,first,sharp,CD,0.001438888888888889,0.0,0.011111111111111112,0.0,17,90
Pragmatic optimality,Upper 15%,dimension_form,first,sharp,CDF,0.012847222222222222,0.0,0.044444444444444446,0.0,17,90
Pragmatic optimality,Upper 15%,dimension_form,first,sharp,CF,0.041308333333333336,0.011111111111111112,0.08888888888888889,0.011111111111111112,17,90
Pragmatic optimality,Upper 15%,dimension_form,first,sharp,CFD,0.0012250000000000002,0.0,0.011111111111111112,0.0,17,90
Pragmatic optimality,Upper 15%,dimension_form,first,sharp,F,0.023866666666666668,0.0,0.05555555555555555,0.011111111111111112,17,90
Pragmatic optimality,Upper 15%,dimension_form,first,sharp,FD,0.0003388888888888889,0.0,0.011111111111111112,0.0,17,90
Pragmatic optimality,Upper 15%,dimension_form,first,sharp,FDC,0.0006583333333333334,0.0,0.011111111111111112,0.0,17,90
Pragmatic optimality,Upper 15%,dimension_form,first,sharp,FC,0.005527777777777777,0.0,0.022222222222222223,0.0,17,90
Pragmatic optimality,Upper 15%,dimension_form,first,sharp,FCD,0.0003027777777777778,0.0,0.011111111111111112,0.0,17,90
Pragmatic optimality,Upper 15%,dimension_color,first,sharp,D,0.4045222222222222,0.3,0.5111111111111111,0.5,17,90
Pragmatic optimality,Upper 15%,dimension_color,first,sharp,DC,0.030552777777777776,0.0,0.06666666666666667,0.06666666666666667,17,90
Pragmatic optimality,Upper 15%,dimension_color,first,sharp,DCF,0.06717222222222222,0.022222222222222223,0.12222222222222222,0.1,17,90
Pragmatic optimality,Upper 15%,dimension_color,first,sharp,DF,0.36084166666666667,0.25555555555555554,0.4666666666666667,0.2,17,90
Pragmatic optimality,Upper 15%,dimension_color,first,sharp,DFC,0.02721666666666666,0.0,0.06666666666666667,0.011111111111111112,17,90
Pragmatic optimality,Upper 15%,dimension_color,first,sharp,C,0.008647222222222223,0.0,0.03333333333333333,0.0,17,90
Pragmatic optimality,Upper 15%,dimension_color,first,sharp,CD,0.0003333333333333334,0.0,0.011111111111111112,0.0,17,90
Pragmatic optimality,Upper 15%,dimension_color,first,sharp,CDF,0.002177777777777778,0.0,0.011111111111111112,0.0,17,90
Pragmatic optimality,Upper 15%,dimension_color,first,sharp,CF,0.014338888888888887,0.0,0.044444444444444446,0.011111111111111112,17,90
Pragmatic optimality,Upper 15%,dimension_color,first,sharp,CFD,0.0004722222222222223,0.0,0.011111111111111112,0.0,17,90
Pragmatic optimality,Upper 15%,dimension_color,first,sharp,F,0.07695555555555555,0.03333333333333333,0.14444444444444443,0.1111111111111111,17,90
Pragmatic optimality,Upper 15%,dimension_color,first,sharp,FD,0.0009638888888888889,0.0,0.011111111111111112,0.0,17,90
Pragmatic optimality,Upper 15%,dimension_color,first,sharp,FDC,0.0010916666666666666,0.0,0.011111111111111112,0.0,17,90
Pragmatic optimality,Upper 15%,dimension_color,first,sharp,FC,0.004438888888888888,0.0,0.022222222222222223,0.0,17,90
Pragmatic optimality,Upper 15%,dimension_color,first,sharp,FCD,0.00027499999999999996,0.0,0.0,0.0,17,90
Pragmatic optimality,Upper 15%,dimension_form,second,sharp,D,0.0025555555555555553,0.0,0.022222222222222223,0.0,17,90
Pragmatic optimality,Upper 15%,dimension_form,second,sharp,DC,0.010238888888888888,0.0,0.03333333333333333,0.0,17,90
Pragmatic optimality,Upper 15%,dimension_form,second,sharp,DCF,0.019875,0.0,0.05555555555555555,0.0,17,90
Pragmatic optimality,Upper 15%,dimension_form,second,sharp,DF,0.036552777777777774,0.0,0.07777777777777778,0.0,17,90
Pragmatic optimality,Upper 15%,dimension_form,second,sharp,DFC,0.0037583333333333336,0.0,0.022222222222222223,0.0,17,90
Pragmatic optimality,Upper 15%,dimension_form,second,sharp,C,0.054830555555555556,0.011111111111111112,0.1111111111111111,0.17777777777777778,17,90
Pragmatic optimality,Upper 15%,dimension_form,second,sharp,CD,0.00041666666666666664,0.0,0.011111111111111112,0.0,17,90
Pragmatic optimality,Upper 15%,dimension_form,second,sharp,CDF,0.002977777777777778,0.0,0.022222222222222223,0.0,17,90
Pragmatic optimality,Upper 15%,dimension_form,second,sharp,CF,0.16678333333333334,0.08888888888888889,0.25555555555555554,0.044444444444444446,17,90
Pragmatic optimality,Upper 15%,dimension_form,second,sharp,CFD,0.002086111111111111,0.0,0.011111111111111112,0.0,17,90
Pragmatic optimality,Upper 15%,dimension_form,second,sharp,F,0.6783499999999999,0.5777777777777777,0.7777777777777778,0.7777777777777778,17,90
Pragmatic optimality,Upper 15%,dimension_form,second,sharp,FD,0.00034166666666666666,0.0,0.011111111111111112,0.0,17,90
Pragmatic optimality,Upper 15%,dimension_form,second,sharp,FDC,0.0004083333333333333,0.0,0.011111111111111112,0.0,17,90
Pragmatic optimality,Upper 15%,dimension_form,second,sharp,FC,0.020399999999999998,0.0,0.05555555555555555,0.0,17,90
Pragmatic optimality,Upper 15%,dimension_form,second,sharp,FCD,0.000425,0.0,0.011111111111111112,0.0,17,90
Pragmatic optimality,Upper 15%,dimension_color,first,blurred,D,0.06004583333333333,0.0,0.13333333333333333,0.25,17,60
Pragmatic optimality,Upper 15%,dimension_color,first,blurred,DC,0.031875,0.0,0.08333333333333333,0.0,17,60
Pragmatic optimality,Upper 15%,dimension_color,first,blurred,DCF,0.1364375,0.05,0.23333333333333334,0.1,17,60
Pragmatic optimality,Upper 15%,dimension_color,first,blurred,DF,0.408725,0.2833333333333333,0.5333333333333333,0.3,17,60
Pragmatic optimality,Upper 15%,dimension_color,first,blurred,DFC,0.055858333333333336,0.0,0.11666666666666667,0.0,17,60
Pragmatic optimality,Upper 15%,dimension_color,first,blurred,C,0.016304166666666668,0.0,0.05,0.0,17,60
Pragmatic optimality,Upper 15%,dimension_color,first,blurred,CD,0.0009791666666666668,0.0,0.016666666666666666,0.0,17,60
Pragmatic optimality,Upper 15%,dimension_color,first,blurred,CDF,0.015716666666666664,0.0,0.05,0.26666666666666666,17,60
Pragmatic optimality,Upper 15%,dimension_color,first,blurred,CF,0.08548750000000001,0.016666666666666666,0.16666666666666666,0.06666666666666667,17,60
Pragmatic optimality,Upper 15%,dimension_color,first,blurred,CFD,0.008079166666666665,0.0,0.03333333333333333,0.0,17,60
Pragmatic optimality,Upper 15%,dimension_color,first,blurred,F,0.13692500000000002,0.05,0.23333333333333334,0.016666666666666666,17,60
Pragmatic optimality,Upper 15%,dimension_color,first,blurred,FD,0.0048041666666666675,0.0,0.03333333333333333,0.0,17,60
Pragmatic optimality,Upper 15%,dimension_color,first,blurred,FDC,0.006837500000000001,0.0,0.03333333333333333,0.0,17,60
Pragmatic optimality,Upper 15%,dimension_color,first,blurred,FC,0.02870833333333333,0.0,0.08333333333333333,0.0,17,60
Pragmatic optimality,Upper 15%,dimension_color,first,blurred,FCD,0.0032166666666666667,0.0,0.016666666666666666,0.0,17,60
Pragmatic optimality,Upper 15%,dimension_color,both,blurred,D,0.006638888888888889,0.0,0.031746031746031744,0.0,17,63
Pragmatic optimality,Upper 15%,dimension_color,both,blurred,DC,0.03630158730158731,0.0,0.09523809523809523,0.07936507936507936,17,63
Pragmatic optimality,Upper 15%,dimension_color,both,blurred,DCF,0.12445238095238094,0.047619047619047616,0.20634920634920634,0.1746031746031746,17,63
Pragmatic optimality,Upper 15%,dimension_color,both,blurred,DF,0.14090873015873015,0.06349206349206349,0.23809523809523808,0.09523809523809523,17,63
Pragmatic optimality,Upper 15%,dimension_color,both,blurred,DFC,0.020480158730158727,0.0,0.06349206349206349,0.0,17,63
Pragmatic optimality,Upper 15%,dimension_color,both,blurred,C,0.06417857142857142,0.015873015873015872,0.12698412698412698,0.0,17,63
Pragmatic optimality,Upper 15%,dimension_color,both,blurred,CD,0.0017579365079365078,0.0,0.015873015873015872,0.0,17,63
Pragmatic optimality,Upper 15%,dimension_color,both,blurred,CDF,0.031884920634920634,0.0,0.07936507936507936,0.25396825396825395,17,63
Pragmatic optimality,Upper 15%,dimension_color,both,blurred,CF,0.31778174603174597,0.20634920634920634,0.42857142857142855,0.23809523809523808,17,63
Pragmatic optimality,Upper 15%,dimension_color,both,blurred,CFD,0.027325396825396822,0.0,0.07936507936507936,0.0,17,63
Pragmatic optimality,Upper 15%,dimension_color,both,blurred,F,0.17307142857142854,0.07936507936507936,0.2698412698412698,0.15873015873015872,17,63
Pragmatic optimality,Upper 15%,dimension_color,both,blurred,FD,0.0012341269841269842,0.0,0.015873015873015872,0.0,17,63
Pragmatic optimality,Upper 15%,dimension_color,both,blurred,FDC,0.0019365079365079366,0.0,0.015873015873015872,0.0,17,63
Pragmatic optimality,Upper 15%,dimension_color,both,blurred,FC,0.0476984126984127,0.0,0.1111111111111111,0.0,17,63
Pragmatic optimality,Upper 15%,dimension_color,both,blurred,FCD,0.004349206349206349,0.0,0.031746031746031744,0.0,17,63
Pragmatic optimality,Upper 15%,dimension_form,second,blurred,D,0.001107142857142857,0.0,0.015873015873015872,0.0,17,63
Pragmatic optimality,Upper 15%,dimension_form,second,blurred,DC,0.00675,0.0,0.031746031746031744,0.0,17,63
Pragmatic optimality,Upper 15%,dimension_form,second,blurred,DCF,0.024928571428571432,0.0,0.06349206349206349,0.0,17,63
Pragmatic optimality,Upper 15%,dimension_form,second,blurred,DF,0.020376984126984125,0.0,0.06349206349206349,0.0,17,63
Pragmatic optimality,Upper 15%,dimension_form,second,blurred,DFC,0.003757936507936508,0.0,0.031746031746031744,0.0,17,63
Pragmatic optimality,Upper 15%,dimension_form,second,blurred,C,0.04569047619047619,0.0,0.1111111111111111,0.06349206349206349,17,63
Pragmatic optimality,Upper 15%,dimension_form,second,blurred,CD,0.0006349206349206349,0.0,0.015873015873015872,0.0,17,63
Pragmatic optimality,Upper 15%,dimension_form,second,blurred,CDF,0.010761904761904762,0.0,0.047619047619047616,0.0,17,63
Pragmatic optimality,Upper 15%,dimension_form,second,blurred,CF,0.3219523809523809,0.20634920634920634,0.42857142857142855,0.15873015873015872,17,63
Pragmatic optimality,Upper 15%,dimension_form,second,blurred,CFD,0.028626984126984126,0.0,0.07936507936507936,0.0,17,63
Pragmatic optimality,Upper 15%,dimension_form,second,blurred,F,0.504515873015873,0.38095238095238093,0.6190476190476191,0.7777777777777778,17,63
Pragmatic optimality,Upper 15%,dimension_form,second,blurred,FD,0.0003214285714285714,0.0,0.0,0.0,17,63
Pragmatic optimality,Upper 15%,dimension_form,second,blurred,FDC,0.0005158730158730158,0.0,0.015873015873015872,0.0,17,63
Pragmatic optimality,Upper 15%,dimension_form,second,blurred,FC,0.0276547619047619,0.0,0.07936507936507936,0.0,17,63
Pragmatic optimality,Upper 15%,dimension_form,second,blurred,FCD,0.0024047619047619048,0.0,0.015873015873015872,0.0,17,63
Pragmatic optimality,Upper 15%,color_form,both,blurred,D,0.0053055555555555555,0.0,0.031746031746031744,0.015873015873015872,17,63
Pragmatic optimality,Upper 15%,color_form,both,blurred,DC,0.02913095238095238,0.0,0.07936507936507936,0.015873015873015872,17,63
Pragmatic optimality,Upper 15%,color_form,both,blurred,DCF,0.0871626984126984,0.031746031746031744,0.15873015873015872,0.047619047619047616,17,63
Pragmatic optimality,Upper 15%,color_form,both,blurred,DF,0.08192460317460318,0.015873015873015872,0.15873015873015872,0.031746031746031744,17,63
Pragmatic optimality,Upper 15%,color_form,both,blurred,DFC,0.0123531746031746,0.0,0.047619047619047616,0.0,17,63
Pragmatic optimality,Upper 15%,color_form,both,blurred,C,0.08905952380952381,0.031746031746031744,0.15873015873015872,0.015873015873015872,17,63
Pragmatic optimality,Upper 15%,color_form,both,blurred,CD,0.0013928571428571427,0.0,0.015873015873015872,0.0,17,63
Pragmatic optimality,Upper 15%,color_form,both,blurred,CDF,0.024480158730158727,0.0,0.06349206349206349,0.06349206349206349,17,63
Pragmatic optimality,Upper 15%,color_form,both,blurred,CF,0.42990873015873016,0.31746031746031744,0.5396825396825397,0.7936507936507936,17,63
Pragmatic optimality,Upper 15%,color_form,both,blurred,CFD,0.03317063492063492,0.0,0.07936507936507936,0.0,17,63
Pragmatic optimality,Upper 15%,color_form,both,blurred,F,0.1593095238095238,0.07936507936507936,0.25396825396825395,0.015873015873015872,17,63
Pragmatic optimality,Upper 15%,color_form,both,blurred,FD,0.0005912698412698412,0.0,0.015873015873015872,0.0,17,63
Pragmatic optimality,Upper 15%,color_form,both,blurred,FDC,0.0010119047619047618,0.0,0.015873015873015872,0.0,17,63
Pragmatic optimality,Upper 15%,color_form,both,blurred,FC,0.04198809523809524,0.0,0.09523809523809523,0.0,17,63
Pragmatic optimality,Upper 15%,color_form,both,blurred,FCD,0.0032103174603174607,0.0,0.015873015873015872,0.0,17,63
Pragmatic optimality,Upper 15%,color_form,first,blurred,D,0.0030357142857142857,0.0,0.015873015873015872,0.0,17,63
Pragmatic optimality,Upper 15%,color_form,first,blurred,DC,0.036436507936507934,0.0,0.07936507936507936,0.031746031746031744,17,63
Pragmatic optimality,Upper 15%,color_form,first,blurred,DCF,0.009706349206349206,0.0,0.031746031746031744,0.015873015873015872,17,63
Pragmatic optimality,Upper 15%,color_form,first,blurred,DF,0.0015952380952380953,0.0,0.015873015873015872,0.0,17,63
Pragmatic optimality,Upper 15%,color_form,first,blurred,DFC,0.0005912698412698413,0.0,0.015873015873015872,0.0,17,63
Pragmatic optimality,Upper 15%,color_form,first,blurred,C,0.8586388888888891,0.7619047619047619,0.9365079365079365,0.7301587301587301,17,63
Pragmatic optimality,Upper 15%,color_form,first,blurred,CD,0.005456349206349206,0.0,0.031746031746031744,0.0,17,63
Pragmatic optimality,Upper 15%,color_form,first,blurred,CDF,0.01025,0.0,0.031746031746031744,0.06349206349206349,17,63
Pragmatic optimality,Upper 15%,color_form,first,blurred,CF,0.0629047619047619,0.015873015873015872,0.12698412698412698,0.15873015873015872,17,63
Pragmatic optimality,Upper 15%,color_form,first,blurred,CFD,0.005996031746031745,0.0,0.031746031746031744,0.0,17,63
Pragmatic optimality,Upper 15%,color_form,first,blurred,F,0.0030198412698412697,0.0,0.015873015873015872,0.0,17,63
Pragmatic optimality,Upper 15%,color_form,first,blurred,FD,0.00014285714285714284,0.0,0.0,0.0,17,63
Pragmatic optimality,Upper 15%,color_form,first,blurred,FDC,0.000246031746031746,0.0,0.0,0.0,17,63
Pragmatic optimality,Upper 15%,color_form,first,blurred,FC,0.0017063492063492062,0.0,0.015873015873015872,0.0,17,63
Pragmatic optimality,Upper 15%,color_form,first,blurred,FCD,0.00027380952380952377,0.0,0.0,0.0,17,63
Pragmatic optimality,Upper 15%,dimension_color,second,blurred,D,0.0025714285714285713,0.0,0.015873015873015872,0.0,17,63
Pragmatic optimality,Upper 15%,dimension_color,second,blurred,DC,0.01766269841269841,0.0,0.06349206349206349,0.0,17,63
Pragmatic optimality,Upper 15%,dimension_color,second,blurred,DCF,0.006365079365079365,0.0,0.031746031746031744,0.015873015873015872,17,63
Pragmatic optimality,Upper 15%,dimension_color,second,blurred,DF,0.0028531746031746027,0.0,0.015873015873015872,0.0,17,63
Pragmatic optimality,Upper 15%,dimension_color,second,blurred,DFC,0.0007023809523809524,0.0,0.015873015873015872,0.0,17,63
Pragmatic optimality,Upper 15%,dimension_color,second,blurred,C,0.8436626984126986,0.746031746031746,0.9365079365079365,0.6825396825396826,17,63
Pragmatic optimality,Upper 15%,dimension_color,second,blurred,CD,0.001988095238095238,0.0,0.015873015873015872,0.0,17,63
Pragmatic optimality,Upper 15%,dimension_color,second,blurred,CDF,0.0043134920634920635,0.0,0.031746031746031744,0.047619047619047616,17,63
Pragmatic optimality,Upper 15%,dimension_color,second,blurred,CF,0.09148015873015873,0.031746031746031744,0.15873015873015872,0.2222222222222222,17,63
Pragmatic optimality,Upper 15%,dimension_color,second,blurred,CFD,0.009126984126984126,0.0,0.031746031746031744,0.0,17,63
Pragmatic optimality,Upper 15%,dimension_color,second,blurred,F,0.012873015873015873,0.0,0.047619047619047616,0.031746031746031744,17,63
Pragmatic optimality,Upper 15%,dimension_color,second,blurred,FD,0.0002023809523809524,0.0,0.0,0.0,17,63
Pragmatic optimality,Upper 15%,dimension_color,second,blurred,FDC,0.0002222222222222222,0.0,0.0,0.0,17,63
Pragmatic optimality,Upper 15%,dimension_color,second,blurred,FC,0.005365079365079364,0.0,0.031746031746031744,0.0,17,63
Pragmatic optimality,Upper 15%,dimension_color,second,blurred,FCD,0.0006111111111111111,0.0,0.015873015873015872,0.0,17,63
Pragmatic optimality,Upper 15%,dimension_form,first,blurred,D,0.06621610169491525,0.01694915254237288,0.13559322033898305,0.3050847457627119,17,59
Pragmatic optimality,Upper 15%,dimension_form,first,blurred,DC,0.09586016949152543,0.03389830508474576,0.1694915254237288,0.0,17,59
Pragmatic optimality,Upper 15%,dimension_form,first,blurred,DCF,0.23304661016949152,0.13559322033898305,0.3559322033898305,0.13559322033898305,17,59
Pragmatic optimality,Upper 15%,dimension_form,first,blurred,DF,0.09122457627118644,0.03389830508474576,0.1694915254237288,0.15254237288135594,17,59
Pragmatic optimality,Upper 15%,dimension_form,first,blurred,DFC,0.016110169491525425,0.0,0.05084745762711865,0.0,17,59
Pragmatic optimality,Upper 15%,dimension_form,first,blurred,C,0.09984322033898305,0.03389830508474576,0.1864406779661017,0.13559322033898305,17,59
Pragmatic optimality,Upper 15%,dimension_form,first,blurred,CD,0.004902542372881355,0.0,0.03389830508474576,0.0,17,59
Pragmatic optimality,Upper 15%,dimension_form,first,blurred,CDF,0.10483898305084746,0.03389830508474576,0.1864406779661017,0.1864406779661017,17,59
Pragmatic optimality,Upper 15%,dimension_form,first,blurred,CF,0.20748728813559322,0.118220338983051,0.3220338983050847,0.0847457627118644,17,59
Pragmatic optimality,Upper 15%,dimension_form,first,blurred,CFD,0.017487288135593224,0.0,0.05084745762711865,0.0,17,59
Pragmatic optimality,Upper 15%,dimension_form,first,blurred,F,0.04472033898305085,0.0,0.1016949152542373,0.0,17,59
Pragmatic optimality,Upper 15%,dimension_form,first,blurred,FD,0.0006144067796610169,0.0,0.01694915254237288,0.0,17,59
Pragmatic optimality,Upper 15%,dimension_form,first,blurred,FDC,0.0009618644067796609,0.0,0.01694915254237288,0.0,17,59
Pragmatic optimality,Upper 15%,dimension_form,first,blurred,FC,0.015254237288135594,0.0,0.05084745762711865,0.0,17,59
Pragmatic optimality,Upper 15%,dimension_form,first,blurred,FCD,0.0014322033898305085,0.0,0.01694915254237288,0.0,17,59
Pragmatic optimality,Upper 15%,dimension_form,both,blurred,D,0.005298387096774194,0.0,0.03225806451612903,0.016129032258064516,17,62
Pragmatic optimality,Upper 15%,dimension_form,both,blurred,DC,0.04304838709677419,0.0,0.0967741935483871,0.016129032258064516,17,62
Pragmatic optimality,Upper 15%,dimension_form,both,blurred,DCF,0.10640322580645159,0.03225806451612903,0.1935483870967742,0.0967741935483871,17,62
Pragmatic optimality,Upper 15%,dimension_form,both,blurred,DF,0.0682540322580645,0.016129032258064516,0.14516129032258066,0.5,17,62
Pragmatic optimality,Upper 15%,dimension_form,both,blurred,DFC,0.011350806451612901,0.0,0.04838709677419355,0.0,17,62
Pragmatic optimality,Upper 15%,dimension_form,both,blurred,C,0.11210887096774193,0.04838709677419355,0.1935483870967742,0.0,17,62
Pragmatic optimality,Upper 15%,dimension_form,both,blurred,CD,0.002850806451612903,0.0,0.016129032258064516,0.0,17,62
Pragmatic optimality,Upper 15%,dimension_form,both,blurred,CDF,0.05203629032258064,0.0,0.11290322580645161,0.25806451612903225,17,62
Pragmatic optimality,Upper 15%,dimension_form,both,blurred,CF,0.4316491935483871,0.3064516129032258,0.5483870967741935,0.11290322580645161,17,62
Pragmatic optimality,Upper 15%,dimension_form,both,blurred,CFD,0.03517338709677419,0.0,0.08064516129032258,0.0,17,62
Pragmatic optimality,Upper 15%,dimension_form,both,blurred,F,0.09834274193548385,0.03225806451612903,0.1774193548387097,0.0,17,62
Pragmatic optimality,Upper 15%,dimension_form,both,blurred,FD,0.0004919354838709678,0.0,0.016129032258064516,0.0,17,62
Pragmatic optimality,Upper 15%,dimension_form,both,blurred,FDC,0.0008830645161290322,0.0,0.016129032258064516,0.0,17,62
Pragmatic optimality,Upper 15%,dimension_form,both,blurred,FC,0.030124999999999996,0.0,0.08064516129032258,0.0,17,62
Pragmatic optimality,Upper 15%,dimension_form,both,blurred,FCD,0.0019838709677419356,0.0,0.016129032258064516,0.0,17,62
Pragmatic optimality,Upper 15%,color_form,second,blurred,D,0.0019285714285714286,0.0,0.015873015873015872,0.0,17,63
Pragmatic optimality,Upper 15%,color_form,second,blurred,DC,0.004488095238095238,0.0,0.031746031746031744,0.0,17,63
Pragmatic optimality,Upper 15%,color_form,second,blurred,DCF,0.02103968253968254,0.0,0.06349206349206349,0.031746031746031744,17,63
Pragmatic optimality,Upper 15%,color_form,second,blurred,DF,0.08241666666666665,0.015873015873015872,0.15873015873015872,0.0,17,63
Pragmatic optimality,Upper 15%,color_form,second,blurred,DFC,0.011396825396825397,0.0,0.047619047619047616,0.0,17,63
Pragmatic optimality,Upper 15%,color_form,second,blurred,C,0.009956349206349205,0.0,0.031746031746031744,0.0,17,63
Pragmatic optimality,Upper 15%,color_form,second,blurred,CD,0.00029761904761904754,0.0,0.0,0.0,17,63
Pragmatic optimality,Upper 15%,color_form,second,blurred,CDF,0.0024246031746031744,0.0,0.015873015873015872,0.0,17,63
Pragmatic optimality,Upper 15%,color_form,second,blurred,CF,0.08956349206349205,0.031746031746031744,0.15873015873015872,0.12698412698412698,17,63
Pragmatic optimality,Upper 15%,color_form,second,blurred,CFD,0.00811904761904762,0.0,0.031746031746031744,0.0,17,63
Pragmatic optimality,Upper 15%,color_form,second,blurred,F,0.7276349206349206,0.6190476190476191,0.8412698412698413,0.8412698412698413,17,63
Pragmatic optimality,Upper 15%,color_form,second,blurred,FD,0.001115079365079365,0.0,0.015873015873015872,0.0,17,63
Pragmatic optimality,Upper 15%,color_form,second,blurred,FDC,0.001630952380952381,0.0,0.015873015873015872,0.0,17,63
Pragmatic optimality,Upper 15%,color_form,second,blurred,FC,0.03411111111111111,0.0,0.07936507936507936,0.0,17,63
Pragmatic optimality,Upper 15%,color_form,second,blurred,FCD,0.003876984126984127,0.0,0.015873015873015872,0.0,17,63
Successive-choice contribution,Lower 15%,dimension_form,first,sharp,D,0.26739375,0.175,0.3625,0.275,17,80
Successive-choice contribution,Lower 15%,dimension_form,first,sharp,DC,0.16500625,0.0875,0.25,0.075,17,80
Successive-choice contribution,Lower 15%,dimension_form,first,sharp,DCF,0.198434375,0.1125,0.2875,0.075,17,80
Successive-choice contribution,Lower 15%,dimension_form,first,sharp,DF,0.12418125,0.0625,0.2,0.3125,17,80
Successive-choice contribution,Lower 15%,dimension_form,first,sharp,DFC,0.072521875,0.025,0.1375,0.1375,17,80
Successive-choice contribution,Lower 15%,dimension_form,first,sharp,C,0.04806875,0.0125,0.1,0.075,17,80
Successive-choice contribution,Lower 15%,dimension_form,first,sharp,CD,0.0012625000000000002,0.0,0.0125,0.0,17,80
Successive-choice contribution,Lower 15%,dimension_form,first,sharp,CDF,0.009225,0.0,0.0375,0.0,17,80
Successive-choice contribution,Lower 15%,dimension_form,first,sharp,CF,0.065784375,0.0125,0.125,0.0,17,80
Successive-choice contribution,Lower 15%,dimension_form,first,sharp,CFD,0.0027843750000000004,0.0,0.0125,0.0,17,80
Successive-choice contribution,Lower 15%,dimension_form,first,sharp,F,0.022493750000000003,0.0,0.0625,0.025,17,80
Successive-choice contribution,Lower 15%,dimension_form,first,sharp,FD,0.000653125,0.0,0.0125,0.0,17,80
Successive-choice contribution,Lower 15%,dimension_form,first,sharp,FDC,0.0037375,0.0,0.025,0.025,17,80
Successive-choice contribution,Lower 15%,dimension_form,first,sharp,FC,0.017606250000000004,0.0,0.05,0.0,17,80
Successive-choice contribution,Lower 15%,dimension_form,first,sharp,FCD,0.0008468750000000001,0.0,0.0125,0.0,17,80
Successive-choice contribution,Lower 15%,dimension_form,second,sharp,D,0.001814814814814815,0.0,0.012345679012345678,0.0,17,81
Successive-choice contribution,Lower 15%,dimension_form,second,sharp,DC,0.01729320987654321,0.0,0.04938271604938271,0.0,17,81
Successive-choice contribution,Lower 15%,dimension_form,second,sharp,DCF,0.0864537037037037,0.037037037037037035,0.14814814814814814,0.024691358024691357,17,81
Successive-choice contribution,Lower 15%,dimension_form,second,sharp,DF,0.07857716049382717,0.024691358024691357,0.13580246913580246,0.0,17,81
Successive-choice contribution,Lower 15%,dimension_form,second,sharp,DFC,0.03616358024691358,0.0,0.07407407407407407,0.06172839506172839,17,81
Successive-choice contribution,Lower 15%,dimension_form,second,sharp,C,0.032274691358024694,0.0,0.07407407407407407,0.13580246913580246,17,81
Successive-choice contribution,Lower 15%,dimension_form,second,sharp,CD,0.00033024691358024696,0.0,0.012345679012345678,0.0,17,81
Successive-choice contribution,Lower 15%,dimension_form,second,sharp,CDF,0.004950617283950617,0.0,0.024691358024691357,0.0,17,81
Successive-choice contribution,Lower 15%,dimension_form,second,sharp,CF,0.1743364197530864,0.09876543209876543,0.25925925925925924,0.09876543209876543,17,81
Successive-choice contribution,Lower 15%,dimension_form,second,sharp,CFD,0.0019043209876543209,0.0,0.012345679012345678,0.0,17,81
Successive-choice contribution,Lower 15%,dimension_form,second,sharp,F,0.5182623456790122,0.4074074074074074,0.6172839506172839,0.6049382716049383,17,81
Successive-choice contribution,Lower 15%,dimension_form,second,sharp,FD,0.0004969135802469135,0.0,0.012345679012345678,0.0,17,81
Successive-choice contribution,Lower 15%,dimension_form,second,sharp,FDC,0.002234567901234568,0.0,0.012345679012345678,0.012345679012345678,17,81
Successive-choice contribution,Lower 15%,dimension_form,second,sharp,FC,0.04429012345679012,0.012345679012345678,0.09876543209876543,0.06172839506172839,17,81
Successive-choice contribution,Lower 15%,dimension_form,second,sharp,FCD,0.0006172839506172839,0.0,0.012345679012345678,0.0,17,81
Successive-choice contribution,Lower 15%,color_form,both,sharp,D,0.003638888888888889,0.0,0.024691358024691357,0.012345679012345678,17,81
Successive-choice contribution,Lower 15%,color_form,both,sharp,DC,0.031969135802469135,0.0,0.07407407407407407,0.024691358024691357,17,81
Successive-choice contribution,Lower 15%,color_form,both,sharp,DCF,0.10870370370370369,0.04938271604938271,0.1728395061728395,0.25925925925925924,17,81
Successive-choice contribution,Lower 15%,color_form,both,sharp,DF,0.10996296296296296,0.04938271604938271,0.1728395061728395,0.09876543209876543,17,81
Successive-choice contribution,Lower 15%,color_form,both,sharp,DFC,0.044910493827160496,0.012345679012345678,0.09876543209876543,0.09876543209876543,17,81
Successive-choice contribution,Lower 15%,color_form,both,sharp,C,0.09059567901234566,0.037037037037037035,0.16049382716049382,0.012345679012345678,17,81
Successive-choice contribution,Lower 15%,color_form,both,sharp,CD,0.0004969135802469135,0.0,0.012345679012345678,0.0,17,81
Successive-choice contribution,Lower 15%,color_form,both,sharp,CDF,0.00554320987654321,0.0,0.024691358024691357,0.0,17,81
Successive-choice contribution,Lower 15%,color_form,both,sharp,CF,0.3250185185185185,0.2222222222222222,0.43209876543209874,0.3333333333333333,17,81
Successive-choice contribution,Lower 15%,color_form,both,sharp,CFD,0.002317901234567901,0.0,0.012345679012345678,0.0,17,81
Successive-choice contribution,Lower 15%,color_form,both,sharp,F,0.18846604938271602,0.1111111111111111,0.2716049382716049,0.0,17,81
Successive-choice contribution,Lower 15%,color_form,both,sharp,FD,0.0006265432098765432,0.0,0.012345679012345678,0.0,17,81
Successive-choice contribution,Lower 15%,color_form,both,sharp,FDC,0.0029691358024691358,0.0,0.012345679012345678,0.0,17,81
Successive-choice contribution,Lower 15%,color_form,both,sharp,FC,0.08390123456790123,0.024691358024691357,0.14814814814814814,0.16049382716049382,17,81
Successive-choice contribution,Lower 15%,color_form,both,sharp,FCD,0.0008796296296296295,0.0,0.012345679012345678,0.0,17,81
Successive-choice contribution,Lower 15%,color_form,first,sharp,D,0.0030555555555555553,0.0,0.012345679012345678,0.012345679012345678,17,81
Successive-choice contribution,Lower 15%,color_form,first,sharp,DC,0.11381481481481481,0.04938271604938271,0.18518518518518517,0.024691358024691357,17,81
Successive-choice contribution,Lower 15%,color_form,first,sharp,DCF,0.020388888888888887,0.0,0.04938271604938271,0.06172839506172839,17,81
Successive-choice contribution,Lower 15%,color_form,first,sharp,DF,0.005845679012345679,0.0,0.024691358024691357,0.024691358024691357,17,81
Successive-choice contribution,Lower 15%,color_form,first,sharp,DFC,0.007543209876543209,0.0,0.024691358024691357,0.04938271604938271,17,81
Successive-choice contribution,Lower 15%,color_form,first,sharp,C,0.8008580246913579,0.7160493827160493,0.8765432098765432,0.7283950617283951,17,81
Successive-choice contribution,Lower 15%,color_form,first,sharp,CD,0.0010709876543209878,0.0,0.012345679012345678,0.0,17,81
Successive-choice contribution,Lower 15%,color_form,first,sharp,CDF,0.0011944444444444442,0.0,0.012345679012345678,0.024691358024691357,17,81
Successive-choice contribution,Lower 15%,color_form,first,sharp,CF,0.03255555555555556,0.0,0.07407407407407407,0.037037037037037035,17,81
Successive-choice contribution,Lower 15%,color_form,first,sharp,CFD,0.0006358024691358025,0.0,0.012345679012345678,0.0,17,81
Successive-choice contribution,Lower 15%,color_form,first,sharp,F,0.003947530864197531,0.0,0.024691358024691357,0.0,17,81
Successive-choice contribution,Lower 15%,color_form,first,sharp,FD,0.00020987654320987653,0.0,0.0,0.0,17,81
Successive-choice contribution,Lower 15%,color_form,first,sharp,FDC,0.0005555555555555554,0.0,0.012345679012345678,0.0,17,81
Successive-choice contribution,Lower 15%,color_form,first,sharp,FC,0.008037037037037037,0.0,0.037037037037037035,0.037037037037037035,17,81
Successive-choice contribution,Lower 15%,color_form,first,sharp,FCD,0.000287037037037037,0.0,0.0,0.0,17,81
Successive-choice contribution,Lower 15%,color_form,second,sharp,D,0.00175,0.0,0.012345679012345678,0.0,17,81
Successive-choice contribution,Lower 15%,color_form,second,sharp,DC,0.007126543209876542,0.0,0.024691358024691357,0.0,17,81
Successive-choice contribution,Lower 15%,color_form,second,sharp,DCF,0.05783024691358024,0.012345679012345678,0.1111111111111111,0.06172839506172839,17,81
Successive-choice contribution,Lower 15%,color_form,second,sharp,DF,0.1391388888888889,0.07407407407407407,0.20987654320987653,0.024691358024691357,17,81
Successive-choice contribution,Lower 15%,color_form,second,sharp,DFC,0.026938271604938273,0.0,0.06172839506172839,0.037037037037037035,17,81
Successive-choice contribution,Lower 15%,color_form,second,sharp,C,0.0076512345679012345,0.0,0.024691358024691357,0.0,17,81
Successive-choice contribution,Lower 15%,color_form,second,sharp,CD,0.0002222222222222222,0.0,0.0,0.0,17,81
Successive-choice contribution,Lower 15%,color_form,second,sharp,CDF,0.0027407407407407406,0.0,0.012345679012345678,0.012345679012345678,17,81
Successive-choice contribution,Lower 15%,color_form,second,sharp,CF,0.08297222222222222,0.024691358024691357,0.14814814814814814,0.04938271604938271,17,81
Successive-choice contribution,Lower 15%,color_form,second,sharp,CFD,0.0012098765432098765,0.0,0.012345679012345678,0.0,17,81
Successive-choice contribution,Lower 15%,color_form,second,sharp,F,0.6429845679012346,0.5432098765432098,0.7407407407407407,0.7407407407407407,17,81
Successive-choice contribution,Lower 15%,color_form,second,sharp,FD,0.0007345679012345679,0.0,0.012345679012345678,0.0,17,81
Successive-choice contribution,Lower 15%,color_form,second,sharp,FDC,0.0018209876543209876,0.0,0.012345679012345678,0.037037037037037035,17,81
Successive-choice contribution,Lower 15%,color_form,second,sharp,FC,0.026320987654320987,0.0,0.06172839506172839,0.037037037037037035,17,81
Successive-choice contribution,Lower 15%,color_form,second,sharp,FCD,0.000558641975308642,0.0,0.012345679012345678,0.0,17,81
Successive-choice contribution,Lower 15%,dimension_color,both,sharp,D,0.00587037037037037,0.0,0.024691358024691357,0.0,17,81
Successive-choice contribution,Lower 15%,dimension_color,both,sharp,DC,0.05657407407407407,0.012345679012345678,0.1111111111111111,0.37037037037037035,17,81
Successive-choice contribution,Lower 15%,dimension_color,both,sharp,DCF,0.19253395061728393,0.1111111111111111,0.2839506172839506,0.12345679012345678,17,81
Successive-choice contribution,Lower 15%,dimension_color,both,sharp,DF,0.2701543209876543,0.1728395061728395,0.37037037037037035,0.20987654320987653,17,81
Successive-choice contribution,Lower 15%,dimension_color,both,sharp,DFC,0.07519444444444444,0.024691358024691357,0.13580246913580246,0.12345679012345678,17,81
Successive-choice contribution,Lower 15%,dimension_color,both,sharp,C,0.039379629629629626,0.0,0.08641975308641975,0.0,17,81
Successive-choice contribution,Lower 15%,dimension_color,both,sharp,CD,0.0005617283950617284,0.0,0.012345679012345678,0.0,17,81
Successive-choice contribution,Lower 15%,dimension_color,both,sharp,CDF,0.008543209876543209,0.0,0.037037037037037035,0.012345679012345678,17,81
Successive-choice contribution,Lower 15%,dimension_color,both,sharp,CF,0.1645,0.08641975308641975,0.24691358024691357,0.04938271604938271,17,81
Successive-choice contribution,Lower 15%,dimension_color,both,sharp,CFD,0.002632716049382716,0.0,0.012345679012345678,0.0,17,81
Successive-choice contribution,Lower 15%,dimension_color,both,sharp,F,0.13162345679012344,0.06172839506172839,0.20987654320987653,0.07407407407407407,17,81
Successive-choice contribution,Lower 15%,dimension_color,both,sharp,FD,0.0009475308641975307,0.0,0.012345679012345678,0.0,17,81
Successive-choice contribution,Lower 15%,dimension_color,both,sharp,FDC,0.004151234567901234,0.0,0.024691358024691357,0.0,17,81
Successive-choice contribution,Lower 15%,dimension_color,both,sharp,FC,0.04647222222222221,0.012345679012345678,0.09876543209876543,0.037037037037037035,17,81
Successive-choice contribution,Lower 15%,dimension_color,both,sharp,FCD,0.000861111111111111,0.0,0.012345679012345678,0.0,17,81
Successive-choice contribution,Lower 15%,dimension_color,second,sharp,D,0.004114197530864198,0.0,0.024691358024691357,0.0,17,81
Successive-choice contribution,Lower 15%,dimension_color,second,sharp,DC,0.09184876543209876,0.037037037037037035,0.16049382716049382,0.012345679012345678,17,81
Successive-choice contribution,Lower 15%,dimension_color,second,sharp,DCF,0.034444444444444444,0.0,0.07407407407407407,0.0,17,81
Successive-choice contribution,Lower 15%,dimension_color,second,sharp,DF,0.01847222222222222,0.0,0.04938271604938271,0.0,17,81
Successive-choice contribution,Lower 15%,dimension_color,second,sharp,DFC,0.01362962962962963,0.0,0.037037037037037035,0.037037037037037035,17,81
Successive-choice contribution,Lower 15%,dimension_color,second,sharp,C,0.7490154320987653,0.654320987654321,0.8395061728395061,0.8024691358024691,17,81
Successive-choice contribution,Lower 15%,dimension_color,second,sharp,CD,0.001006172839506173,0.0,0.012345679012345678,0.0,17,81
Successive-choice contribution,Lower 15%,dimension_color,second,sharp,CDF,0.001814814814814815,0.0,0.012345679012345678,0.012345679012345678,17,81
Successive-choice contribution,Lower 15%,dimension_color,second,sharp,CF,0.05498148148148148,0.012345679012345678,0.1111111111111111,0.04938271604938271,17,81
Successive-choice contribution,Lower 15%,dimension_color,second,sharp,CFD,0.0008858024691358025,0.0,0.012345679012345678,0.0,17,81
Successive-choice contribution,Lower 15%,dimension_color,second,sharp,F,0.014564814814814813,0.0,0.04938271604938271,0.037037037037037035,17,81
Successive-choice contribution,Lower 15%,dimension_color,second,sharp,FD,0.00027469135802469136,0.0,0.0,0.0,17,81
Successive-choice contribution,Lower 15%,dimension_color,second,sharp,FDC,0.000882716049382716,0.0,0.012345679012345678,0.0,17,81
Successive-choice contribution,Lower 15%,dimension_color,second,sharp,FC,0.013765432098765431,0.0,0.04938271604938271,0.04938271604938271,17,81
Successive-choice contribution,Lower 15%,dimension_color,second,sharp,FCD,0.0002993827160493827,0.0,0.0,0.0,17,81
Successive-choice contribution,Lower 15%,dimension_form,both,sharp,D,0.006901234567901234,0.0,0.024691358024691357,0.0,17,81
Successive-choice contribution,Lower 15%,dimension_form,both,sharp,DC,0.0876820987654321,0.037037037037037035,0.14814814814814814,0.09876543209876543,17,81
Successive-choice contribution,Lower 15%,dimension_form,both,sharp,DCF,0.20025925925925925,0.12345679012345678,0.2839506172839506,0.12345679012345678,17,81
Successive-choice contribution,Lower 15%,dimension_form,both,sharp,DF,0.19357407407407407,0.1111111111111111,0.2839506172839506,0.49382716049382713,17,81
Successive-choice contribution,Lower 15%,dimension_form,both,sharp,DFC,0.07716049382716049,0.024691358024691357,0.13580246913580246,0.06172839506172839,17,81
Successive-choice contribution,Lower 15%,dimension_form,both,sharp,C,0.07076851851851852,0.024691358024691357,0.13580246913580246,0.08641975308641975,17,81
Successive-choice contribution,Lower 15%,dimension_form,both,sharp,CD,0.0008117283950617284,0.0,0.012345679012345678,0.0,17,81
Successive-choice contribution,Lower 15%,dimension_form,both,sharp,CDF,0.009728395061728394,0.0,0.037037037037037035,0.012345679012345678,17,81
Successive-choice contribution,Lower 15%,dimension_form,both,sharp,CF,0.19991666666666666,0.1111111111111111,0.2839506172839506,0.037037037037037035,17,81
Successive-choice contribution,Lower 15%,dimension_form,both,sharp,CFD,0.002891975308641975,0.0,0.012345679012345678,0.024691358024691357,17,81
Successive-choice contribution,Lower 15%,dimension_form,both,sharp,F,0.09463580246913579,0.037037037037037035,0.16049382716049382,0.024691358024691357,17,81
Successive-choice contribution,Lower 15%,dimension_form,both,sharp,FD,0.000654320987654321,0.0,0.012345679012345678,0.0,17,81
Successive-choice contribution,Lower 15%,dimension_form,both,sharp,FDC,0.004070987654320987,0.0,0.024691358024691357,0.012345679012345678,17,81
Successive-choice contribution,Lower 15%,dimension_form,both,sharp,FC,0.04997222222222222,0.012345679012345678,0.09876543209876543,0.024691358024691357,17,81
Successive-choice contribution,Lower 15%,dimension_form,both,sharp,FCD,0.0009722222222222222,0.0,0.012345679012345678,0.0,17,81
Successive-choice contribution,Lower 15%,dimension_color,first,sharp,D,0.24238125000000002,0.15,0.3375,0.325,17,80
Successive-choice contribution,Lower 15%,dimension_color,first,sharp,DC,0.037834374999999996,0.0,0.0875,0.075,17,80
Successive-choice contribution,Lower 15%,dimension_color,first,sharp,DCF,0.128715625,0.0625,0.2,0.075,17,80
Successive-choice contribution,Lower 15%,dimension_color,first,sharp,DF,0.389240625,0.275,0.5,0.275,17,80
Successive-choice contribution,Lower 15%,dimension_color,first,sharp,DFC,0.060425,0.0125,0.1125,0.1,17,80
Successive-choice contribution,Lower 15%,dimension_color,first,sharp,C,0.00851875,0.0,0.0375,0.0,17,80
Successive-choice contribution,Lower 15%,dimension_color,first,sharp,CD,0.0004,0.0,0.0125,0.0,17,80
Successive-choice contribution,Lower 15%,dimension_color,first,sharp,CDF,0.005515625,0.0,0.025,0.0125,17,80
Successive-choice contribution,Lower 15%,dimension_color,first,sharp,CF,0.038771875,0.0,0.0875,0.0,17,80
Successive-choice contribution,Lower 15%,dimension_color,first,sharp,CFD,0.001909375,0.0,0.0125,0.0,17,80
Successive-choice contribution,Lower 15%,dimension_color,first,sharp,F,0.068253125,0.0125,0.125,0.125,17,80
Successive-choice contribution,Lower 15%,dimension_color,first,sharp,FD,0.0012468750000000002,0.0,0.0125,0.0,17,80
Successive-choice contribution,Lower 15%,dimension_color,first,sharp,FDC,0.003203125,0.0,0.025,0.0,17,80
Successive-choice contribution,Lower 15%,dimension_color,first,sharp,FC,0.012875000000000001,0.0,0.0375,0.0125,17,80
Successive-choice contribution,Lower 15%,dimension_color,first,sharp,FCD,0.000709375,0.0,0.0125,0.0,17,80
Successive-choice contribution,Lower 15%,color_form,first,blurred,D,0.002774305555555556,0.0,0.013888888888888888,0.013888888888888888,17,72
Successive-choice contribution,Lower 15%,color_form,first,blurred,DC,0.10491666666666667,0.041666666666666664,0.18055555555555555,0.013888888888888888,17,72
Successive-choice contribution,Lower 15%,color_form,first,blurred,DCF,0.01993402777777778,0.0,0.05555555555555555,0.041666666666666664,17,72
Successive-choice contribution,Lower 15%,color_form,first,blurred,DF,0.005451388888888889,0.0,0.027777777777777776,0.0,17,72
Successive-choice contribution,Lower 15%,color_form,first,blurred,DFC,0.007534722222222223,0.0,0.027777777777777776,0.06944444444444445,17,72
Successive-choice contribution,Lower 15%,color_form,first,blurred,C,0.8102708333333333,0.7222222222222222,0.8888888888888888,0.7083333333333334,17,72
Successive-choice contribution,Lower 15%,color_form,first,blurred,CD,0.002194444444444444,0.0,0.013888888888888888,0.0,17,72
Successive-choice contribution,Lower 15%,color_form,first,blurred,CDF,0.0013645833333333333,0.0,0.013888888888888888,0.0,17,72
Successive-choice contribution,Lower 15%,color_form,first,blurred,CF,0.029979166666666668,0.0,0.06944444444444445,0.027777777777777776,17,72
Successive-choice contribution,Lower 15%,color_form,first,blurred,CFD,0.0007395833333333333,0.0,0.013888888888888888,0.0,17,72
Successive-choice contribution,Lower 15%,color_form,first,blurred,F,0.004215277777777778,0.0,0.027777777777777776,0.0,17,72
Successive-choice contribution,Lower 15%,color_form,first,blurred,FD,0.0002673611111111111,0.0,0.0,0.0,17,72
Successive-choice contribution,Lower 15%,color_form,first,blurred,FDC,0.00084375,0.0,0.013888888888888888,0.0,17,72
Successive-choice contribution,Lower 15%,color_form,first,blurred,FC,0.009024305555555558,0.0,0.041666666666666664,0.125,17,72
Successive-choice contribution,Lower 15%,color_form,first,blurred,FCD,0.0004895833333333333,0.0,0.013888888888888888,0.0,17,72
Successive-choice contribution,Lower 15%,dimension_form,second,blurred,D,0.0011666666666666668,0.0,0.013888888888888888,0.0,17,72
Successive-choice contribution,Lower 15%,dimension_form,second,blurred,DC,0.013559027777777781,0.0,0.041666666666666664,0.013888888888888888,17,72
Successive-choice contribution,Lower 15%,dimension_form,second,blurred,DCF,0.06574652777777777,0.013888888888888888,0.125,0.0,17,72
Successive-choice contribution,Lower 15%,dimension_form,second,blurred,DF,0.06398263888888889,0.013888888888888888,0.125,0.0,17,72
Successive-choice contribution,Lower 15%,dimension_form,second,blurred,DFC,0.02565625,0.0,0.06944444444444445,0.08333333333333333,17,72
Successive-choice contribution,Lower 15%,dimension_form,second,blurred,C,0.032996527777777784,0.0,0.08333333333333333,0.041666666666666664,17,72
Successive-choice contribution,Lower 15%,dimension_form,second,blurred,CD,0.00046875,0.0,0.013888888888888888,0.0,17,72
Successive-choice contribution,Lower 15%,dimension_form,second,blurred,CDF,0.003944444444444445,0.0,0.027777777777777776,0.0,17,72
Successive-choice contribution,Lower 15%,dimension_form,second,blurred,CF,0.19309027777777776,0.1111111111111111,0.2916666666666667,0.0,17,72
Successive-choice contribution,Lower 15%,dimension_form,second,blurred,CFD,0.0022222222222222222,0.0,0.013888888888888888,0.0,17,72
Successive-choice contribution,Lower 15%,dimension_form,second,blurred,F,0.5394791666666667,0.4305555555555556,0.6527777777777778,0.7222222222222222,17,72
Successive-choice contribution,Lower 15%,dimension_form,second,blurred,FD,0.0007881944444444444,0.0,0.013888888888888888,0.0,17,72
Successive-choice contribution,Lower 15%,dimension_form,second,blurred,FDC,0.0025173611111111113,0.0,0.013888888888888888,0.0,17,72
Successive-choice contribution,Lower 15%,dimension_form,second,blurred,FC,0.053163194444444443,0.013888888888888888,0.1111111111111111,0.1388888888888889,17,72
Successive-choice contribution,Lower 15%,dimension_form,second,blurred,FCD,0.00121875,0.0,0.013888888888888888,0.0,17,72
Successive-choice contribution,Lower 15%,dimension_color,both,blurred,D,0.004152777777777779,0.0,0.027777777777777776,0.0,17,72
Successive-choice contribution,Lower 15%,dimension_color,both,blurred,DC,0.04946875,0.013888888888888888,0.09722222222222222,0.125,17,72
Successive-choice contribution,Lower 15%,dimension_color,both,blurred,DCF,0.15278472222222222,0.08333333333333333,0.2361111111111111,0.1111111111111111,17,72
Successive-choice contribution,Lower 15%,dimension_color,both,blurred,DF,0.2147083333333333,0.125,0.3055555555555556,0.08333333333333333,17,72
Successive-choice contribution,Lower 15%,dimension_color,both,blurred,DFC,0.05476388888888888,0.013888888888888888,0.1111111111111111,0.1111111111111111,17,72
Successive-choice contribution,Lower 15%,dimension_color,both,blurred,C,0.05153819444444444,0.013888888888888888,0.1111111111111111,0.013888888888888888,17,72
Successive-choice contribution,Lower 15%,dimension_color,both,blurred,CD,0.0006631944444444444,0.0,0.013888888888888888,0.041666666666666664,17,72
Successive-choice contribution,Lower 15%,dimension_color,both,blurred,CDF,0.00784375,0.0,0.027777777777777776,0.0,17,72
Successive-choice contribution,Lower 15%,dimension_color,both,blurred,CF,0.2230138888888889,0.125,0.3194444444444444,0.20833333333333334,17,72
Successive-choice contribution,Lower 15%,dimension_color,both,blurred,CFD,0.0035486111111111113,0.0,0.027777777777777776,0.0,17,72
Successive-choice contribution,Lower 15%,dimension_color,both,blurred,F,0.16171875,0.08333333333333333,0.25,0.09722222222222222,17,72
Successive-choice contribution,Lower 15%,dimension_color,both,blurred,FD,0.001375,0.0,0.013888888888888888,0.013888888888888888,17,72
Successive-choice contribution,Lower 15%,dimension_color,both,blurred,FDC,0.004597222222222222,0.0,0.027777777777777776,0.013888888888888888,17,72
Successive-choice contribution,Lower 15%,dimension_color,both,blurred,FC,0.06758680555555555,0.013888888888888888,0.125,0.18055555555555555,17,72
Successive-choice contribution,Lower 15%,dimension_color,both,blurred,FCD,0.002236111111111111,0.0,0.013888888888888888,0.0,17,72
Successive-choice contribution,Lower 15%,dimension_color,second,blurred,D,0.0026458333333333334,0.0,0.013888888888888888,0.0,17,72
Successive-choice contribution,Lower 15%,dimension_color,second,blurred,DC,0.06586458333333334,0.013888888888888888,0.125,0.0,17,72
Successive-choice contribution,Lower 15%,dimension_color,second,blurred,DCF,0.02871527777777778,0.0,0.06944444444444445,0.013888888888888888,17,72
Successive-choice contribution,Lower 15%,dimension_color,second,blurred,DF,0.014861111111111113,0.0,0.041666666666666664,0.0,17,72
Successive-choice contribution,Lower 15%,dimension_color,second,blurred,DFC,0.01117361111111111,0.0,0.041666666666666664,0.08333333333333333,17,72
Successive-choice contribution,Lower 15%,dimension_color,second,blurred,C,0.77646875,0.6805555555555556,0.8611111111111112,0.7083333333333334,17,72
Successive-choice contribution,Lower 15%,dimension_color,second,blurred,CD,0.0014444444444444444,0.0,0.013888888888888888,0.0,17,72
Successive-choice contribution,Lower 15%,dimension_color,second,blurred,CDF,0.001670138888888889,0.0,0.013888888888888888,0.0,17,72
Successive-choice contribution,Lower 15%,dimension_color,second,blurred,CF,0.06146180555555555,0.013888888888888888,0.125,0.013888888888888888,17,72
Successive-choice contribution,Lower 15%,dimension_color,second,blurred,CFD,0.0009861111111111112,0.0,0.013888888888888888,0.0,17,72
Successive-choice contribution,Lower 15%,dimension_color,second,blurred,F,0.014798611111111113,0.0,0.041666666666666664,0.05555555555555555,17,72
Successive-choice contribution,Lower 15%,dimension_color,second,blurred,FD,0.00034375,0.0,0.0,0.0,17,72
Successive-choice contribution,Lower 15%,dimension_color,second,blurred,FDC,0.0011111111111111111,0.0,0.013888888888888888,0.0,17,72
Successive-choice contribution,Lower 15%,dimension_color,second,blurred,FC,0.017739583333333336,0.0,0.05555555555555555,0.125,17,72
Successive-choice contribution,Lower 15%,dimension_color,second,blurred,FCD,0.0007152777777777777,0.0,0.013888888888888888,0.0,17,72
Successive-choice contribution,Lower 15%,dimension_form,first,blurred,D,0.03856521739130434,0.0,0.08695652173913043,0.07246376811594203,17,69
Successive-choice contribution,Lower 15%,dimension_form,first,blurred,DC,0.16134420289855075,0.07246376811594203,0.2608695652173913,0.11594202898550725,17,69
Successive-choice contribution,Lower 15%,dimension_form,first,blurred,DCF,0.2231449275362319,0.13043478260869565,0.3188405797101449,0.08695652173913043,17,69
Successive-choice contribution,Lower 15%,dimension_form,first,blurred,DF,0.14625,0.07246376811594203,0.2318840579710145,0.30434782608695654,17,69
Successive-choice contribution,Lower 15%,dimension_form,first,blurred,DFC,0.07107608695652175,0.014492753623188406,0.13043478260869565,0.13043478260869565,17,69
Successive-choice contribution,Lower 15%,dimension_form,first,blurred,C,0.08810869565217391,0.028985507246376812,0.15942028985507245,0.17391304347826086,17,69
Successive-choice contribution,Lower 15%,dimension_form,first,blurred,CD,0.0017210144927536232,0.0,0.014492753623188406,0.014492753623188406,17,69
Successive-choice contribution,Lower 15%,dimension_form,first,blurred,CDF,0.010619565217391304,0.0,0.043478260869565216,0.0,17,69
Successive-choice contribution,Lower 15%,dimension_form,first,blurred,CF,0.15429347826086956,0.07246376811594203,0.2463768115942029,0.028985507246376812,17,69
Successive-choice contribution,Lower 15%,dimension_form,first,blurred,CFD,0.004416666666666666,0.0,0.028985507246376812,0.0,17,69
Successive-choice contribution,Lower 15%,dimension_form,first,blurred,F,0.04554347826086956,0.0,0.10144927536231885,0.014492753623188406,17,69
Successive-choice contribution,Lower 15%,dimension_form,first,blurred,FD,0.0009746376811594204,0.0,0.014492753623188406,0.0,17,69
Successive-choice contribution,Lower 15%,dimension_form,first,blurred,FDC,0.005452898550724638,0.0,0.028985507246376812,0.0,17,69
Successive-choice contribution,Lower 15%,dimension_form,first,blurred,FC,0.04592028985507247,0.0,0.10144927536231885,0.057971014492753624,17,69
Successive-choice contribution,Lower 15%,dimension_form,first,blurred,FCD,0.0025688405797101447,0.0,0.014492753623188406,0.0,17,69
Successive-choice contribution,Lower 15%,dimension_color,first,blurred,D,0.03381690140845071,0.0,0.08450704225352113,0.04225352112676056,17,71
Successive-choice contribution,Lower 15%,dimension_color,first,blurred,DC,0.032573943661971826,0.0,0.08450704225352113,0.08450704225352113,17,71
Successive-choice contribution,Lower 15%,dimension_color,first,blurred,DCF,0.12670774647887326,0.056338028169014086,0.2112676056338028,0.08450704225352113,17,71
Successive-choice contribution,Lower 15%,dimension_color,first,blurred,DF,0.4473943661971831,0.3380281690140845,0.5633802816901409,0.5211267605633803,17,71
Successive-choice contribution,Lower 15%,dimension_color,first,blurred,DFC,0.05591197183098592,0.014084507042253521,0.11267605633802817,0.15492957746478872,17,71
Successive-choice contribution,Lower 15%,dimension_color,first,blurred,C,0.016813380281690143,0.0,0.056338028169014086,0.0,17,71
Successive-choice contribution,Lower 15%,dimension_color,first,blurred,CD,0.0005246478873239436,0.0,0.014084507042253521,0.0,17,71
Successive-choice contribution,Lower 15%,dimension_color,first,blurred,CDF,0.006887323943661972,0.0,0.028169014084507043,0.0,17,71
Successive-choice contribution,Lower 15%,dimension_color,first,blurred,CF,0.09028169014084506,0.028169014084507043,0.15492957746478872,0.014084507042253521,17,71
Successive-choice contribution,Lower 15%,dimension_color,first,blurred,CFD,0.003492957746478873,0.0,0.014084507042253521,0.0,17,71
Successive-choice contribution,Lower 15%,dimension_color,first,blurred,F,0.14000352112676057,0.07042253521126761,0.22535211267605634,0.014084507042253521,17,71
Successive-choice contribution,Lower 15%,dimension_color,first,blurred,FD,0.002676056338028169,0.0,0.014084507042253521,0.014084507042253521,17,71
Successive-choice contribution,Lower 15%,dimension_color,first,blurred,FDC,0.004926056338028169,0.0,0.028169014084507043,0.0,17,71
Successive-choice contribution,Lower 15%,dimension_color,first,blurred,FC,0.035602112676056334,0.0,0.08450704225352113,0.056338028169014086,17,71
Successive-choice contribution,Lower 15%,dimension_color,first,blurred,FCD,0.002387323943661972,0.0,0.014084507042253521,0.014084507042253521,17,71
Successive-choice contribution,Lower 15%,dimension_form,both,blurred,D,0.003821428571428571,0.0,0.02857142857142857,0.0,17,70
Successive-choice contribution,Lower 15%,dimension_form,both,blurred,DC,0.07430357142857141,0.014285714285714285,0.14285714285714285,0.02857142857142857,17,70
Successive-choice contribution,Lower 15%,dimension_form,both,blurred,DCF,0.16837499999999997,0.08571428571428572,0.2571428571428571,0.02857142857142857,17,70
Successive-choice contribution,Lower 15%,dimension_form,both,blurred,DF,0.12680714285714284,0.05714285714285714,0.21428571428571427,0.5428571428571428,17,70
Successive-choice contribution,Lower 15%,dimension_form,both,blurred,DFC,0.055049999999999995,0.014285714285714285,0.11428571428571428,0.21428571428571427,17,70
Successive-choice contribution,Lower 15%,dimension_form,both,blurred,C,0.094175,0.02857142857142857,0.17142857142857143,0.014285714285714285,17,70
Successive-choice contribution,Lower 15%,dimension_form,both,blurred,CD,0.0008642857142857144,0.0,0.014285714285714285,0.0,17,70
Successive-choice contribution,Lower 15%,dimension_form,both,blurred,CDF,0.008375,0.0,0.02857142857142857,0.0,17,70
Successive-choice contribution,Lower 15%,dimension_form,both,blurred,CF,0.2850392857142857,0.18571428571428572,0.4,0.1,17,70
Successive-choice contribution,Lower 15%,dimension_form,both,blurred,CFD,0.0036035714285714286,0.0,0.02857142857142857,0.02857142857142857,17,70
Successive-choice contribution,Lower 15%,dimension_form,both,blurred,F,0.09915357142857142,0.02857142857142857,0.17142857142857143,0.0,17,70
Successive-choice contribution,Lower 15%,dimension_form,both,blurred,FD,0.000875,0.0,0.014285714285714285,0.014285714285714285,17,70
Successive-choice contribution,Lower 15%,dimension_form,both,blurred,FDC,0.004285714285714286,0.0,0.02857142857142857,0.0,17,70
Successive-choice contribution,Lower 15%,dimension_form,both,blurred,FC,0.07313928571428571,0.014285714285714285,0.14285714285714285,0.02857142857142857,17,70
Successive-choice contribution,Lower 15%,dimension_form,both,blurred,FCD,0.002132142857142857,0.0,0.014285714285714285,0.0,17,70
Successive-choice contribution,Lower 15%,color_form,both,blurred,D,0.003267361111111111,0.0,0.013888888888888888,0.0,17,72
Successive-choice contribution,Lower 15%,color_form,both,blurred,DC,0.03364930555555556,0.0,0.08333333333333333,0.027777777777777776,17,72
Successive-choice contribution,Lower 15%,color_form,both,blurred,DCF,0.10424305555555557,0.041666666666666664,0.16666666666666666,0.05555555555555555,17,72
Successive-choice contribution,Lower 15%,color_form,both,blurred,DF,0.11422916666666669,0.05555555555555555,0.18055555555555555,0.041666666666666664,17,72
Successive-choice contribution,Lower 15%,color_form,both,blurred,DFC,0.040760416666666674,0.0,0.08368055555555681,0.06944444444444445,17,72
Successive-choice contribution,Lower 15%,color_form,both,blurred,C,0.08896180555555555,0.027777777777777776,0.1527777777777778,0.0,17,72
Successive-choice contribution,Lower 15%,color_form,both,blurred,CD,0.0006423611111111111,0.0,0.013888888888888888,0.0,17,72
Successive-choice contribution,Lower 15%,color_form,both,blurred,CDF,0.006246527777777779,0.0,0.027777777777777776,0.0,17,72
Successive-choice contribution,Lower 15%,color_form,both,blurred,CF,0.3230798611111111,0.2222222222222222,0.4305555555555556,0.5277777777777778,17,72
Successive-choice contribution,Lower 15%,color_form,both,blurred,CFD,0.0035694444444444445,0.0,0.027777777777777776,0.013888888888888888,17,72
Successive-choice contribution,Lower 15%,color_form,both,blurred,F,0.18694791666666669,0.09722222222222222,0.2777777777777778,0.013888888888888888,17,72
Successive-choice contribution,Lower 15%,color_form,both,blurred,FD,0.0011909722222222224,0.0,0.013888888888888888,0.0,17,72
Successive-choice contribution,Lower 15%,color_form,both,blurred,FDC,0.004163194444444445,0.0,0.027777777777777776,0.0,17,72
Successive-choice contribution,Lower 15%,color_form,both,blurred,FC,0.08717013888888889,0.027777777777777776,0.1527777777777778,0.25,17,72
Successive-choice contribution,Lower 15%,color_form,both,blurred,FCD,0.0018784722222222223,0.0,0.013888888888888888,0.0,17,72
Successive-choice contribution,Lower 15%,color_form,second,blurred,D,0.0008715277777777777,0.0,0.013888888888888888,0.0,17,72
Successive-choice contribution,Lower 15%,color_form,second,blurred,DC,0.0043125,0.0,0.027777777777777776,0.0,17,72
Successive-choice contribution,Lower 15%,color_form,second,blurred,DCF,0.044104166666666667,0.0,0.09722222222222222,0.027777777777777776,17,72
Successive-choice contribution,Lower 15%,color_form,second,blurred,DF,0.08779166666666667,0.027777777777777776,0.1527777777777778,0.027777777777777776,17,72
Successive-choice contribution,Lower 15%,color_form,second,blurred,DFC,0.019111111111111113,0.0,0.05555555555555555,0.06944444444444445,17,72
Successive-choice contribution,Lower 15%,color_form,second,blurred,C,0.009003472222222223,0.0,0.041666666666666664,0.0,17,72
Successive-choice contribution,Lower 15%,color_form,second,blurred,CD,0.00030902777777777775,0.0,0.0,0.0,17,72
Successive-choice contribution,Lower 15%,color_form,second,blurred,CDF,0.0025763888888888893,0.0,0.013888888888888888,0.0,17,72
Successive-choice contribution,Lower 15%,color_form,second,blurred,CF,0.08683333333333335,0.027777777777777776,0.1527777777777778,0.027777777777777776,17,72
Successive-choice contribution,Lower 15%,color_form,second,blurred,CFD,0.0017083333333333334,0.0,0.013888888888888888,0.0,17,72
Successive-choice contribution,Lower 15%,color_form,second,blurred,F,0.7071770833333333,0.6111111111111112,0.7916666666666666,0.7222222222222222,17,72
Successive-choice contribution,Lower 15%,color_form,second,blurred,FD,0.0010555555555555555,0.0,0.013888888888888888,0.0,17,72
Successive-choice contribution,Lower 15%,color_form,second,blurred,FDC,0.0020034722222222225,0.0,0.013888888888888888,0.0,17,72
Successive-choice contribution,Lower 15%,color_form,second,blurred,FC,0.03207291666666667,0.0,0.08333333333333333,0.125,17,72
Successive-choice contribution,Lower 15%,color_form,second,blurred,FCD,0.0010694444444444445,0.0,0.013888888888888888,0.0,17,72
Successive-choice contribution,Middle 70%,color_form,first,sharp,D,0.0032200854700854707,0.0,0.011396011396011397,0.008547008547008548,79,351
Successive-choice contribution,Middle 70%,color_form,first,sharp,DC,0.05010826210826211,0.02849002849002849,0.07407407407407407,0.008547008547008548,79,351
Successive-choice contribution,Middle 70%,color_form,first,sharp,DCF,0.01420868945868946,0.002849002849002849,0.02849002849002849,0.017094017094017096,79,351
Successive-choice contribution,Middle 70%,color_form,first,sharp,DF,0.002426638176638177,0.0,0.008547008547008548,0.008547008547008548,79,351
Successive-choice contribution,Middle 70%,color_form,first,sharp,DFC,0.0015,0.0,0.005698005698005698,0.0,79,351
Successive-choice contribution,Middle 70%,color_form,first,sharp,C,0.8503561253561253,0.811965811965812,0.886039886039886,0.7407407407407407,79,351
Successive-choice contribution,Middle 70%,color_form,first,sharp,CD,0.00265954415954416,0.0,0.008547008547008548,0.0,79,351
Successive-choice contribution,Middle 70%,color_form,first,sharp,CDF,0.0047272079772079775,0.0,0.014245014245014245,0.002849002849002849,79,351
Successive-choice contribution,Middle 70%,color_form,first,sharp,CF,0.058671652421652426,0.03418803418803419,0.08262108262108261,0.19658119658119658,79,351
Successive-choice contribution,Middle 70%,color_form,first,sharp,CFD,0.0028098290598290603,0.0,0.008547008547008548,0.0,79,351
Successive-choice contribution,Middle 70%,color_form,first,sharp,F,0.004126780626780627,0.0,0.011396011396011397,0.0,79,351
Successive-choice contribution,Middle 70%,color_form,first,sharp,FD,0.0002022792022792023,0.0,0.002849002849002849,0.0,79,351
Successive-choice contribution,Middle 70%,color_form,first,sharp,FDC,0.0003290598290598291,0.0,0.002849002849002849,0.0,79,351
Successive-choice contribution,Middle 70%,color_form,first,sharp,FC,0.004289173789173789,0.0,0.011396011396011397,0.017094017094017096,79,351
Successive-choice contribution,Middle 70%,color_form,first,sharp,FCD,0.00036467236467236476,0.0,0.002849002849002849,0.0,79,351
Successive-choice contribution,Middle 70%,dimension_color,second,sharp,D,0.004583333333333334,0.0,0.011396011396011397,0.0,79,351
Successive-choice contribution,Middle 70%,dimension_color,second,sharp,DC,0.049408119658119656,0.02849002849002849,0.07407407407407407,0.0,79,351
Successive-choice contribution,Middle 70%,dimension_color,second,sharp,DCF,0.020111111111111114,0.005698005698005698,0.037037037037037035,0.0,79,351
Successive-choice contribution,Middle 70%,dimension_color,second,sharp,DF,0.008920227920227921,0.0,0.019943019943019943,0.0,79,351
Successive-choice contribution,Middle 70%,dimension_color,second,sharp,DFC,0.0034088319088319097,0.0,0.011396011396011397,0.0,79,351
Successive-choice contribution,Middle 70%,dimension_color,second,sharp,C,0.8001531339031339,0.7577635327635328,0.8404558404558404,0.7606837606837606,79,351
Successive-choice contribution,Middle 70%,dimension_color,second,sharp,CD,0.002035612535612536,0.0,0.008547008547008548,0.0,79,351
Successive-choice contribution,Middle 70%,dimension_color,second,sharp,CDF,0.004081908831908833,0.0,0.011396011396011397,0.0,79,351
Successive-choice contribution,Middle 70%,dimension_color,second,sharp,CF,0.07803418803418803,0.05128205128205128,0.10826210826210826,0.2022792022792023,79,351
Successive-choice contribution,Middle 70%,dimension_color,second,sharp,CFD,0.003500712250712251,0.0,0.011396011396011397,0.0,79,351
Successive-choice contribution,Middle 70%,dimension_color,second,sharp,F,0.014516381766381765,0.002849002849002849,0.02849002849002849,0.019943019943019943,79,351
Successive-choice contribution,Middle 70%,dimension_color,second,sharp,FD,0.0002877492877492878,0.0,0.002849002849002849,0.0,79,351
Successive-choice contribution,Middle 70%,dimension_color,second,sharp,FDC,0.0005548433048433047,0.0,0.002849002849002849,0.0,79,351
Successive-choice contribution,Middle 70%,dimension_color,second,sharp,FC,0.009808404558404558,0.0,0.019943019943019943,0.017094017094017096,79,351
Successive-choice contribution,Middle 70%,dimension_color,second,sharp,FCD,0.0005954415954415955,0.0,0.002849002849002849,0.0,79,351
Successive-choice contribution,Middle 70%,dimension_color,both,sharp,D,0.007504285714285716,0.0,0.017142857142857144,0.0,79,350
Successive-choice contribution,Middle 70%,dimension_color,both,sharp,DC,0.048450714285714284,0.025714285714285714,0.07142857142857142,0.18285714285714286,79,350
Successive-choice contribution,Middle 70%,dimension_color,both,sharp,DCF,0.19727285714285717,0.15714285714285714,0.24,0.34285714285714286,79,350
Successive-choice contribution,Middle 70%,dimension_color,both,sharp,DF,0.20602714285714285,0.16285714285714287,0.25142857142857145,0.09714285714285714,79,350
Successive-choice contribution,Middle 70%,dimension_color,both,sharp,DFC,0.044295714285714285,0.022857142857142857,0.06571428571428571,0.014285714285714285,79,350
Successive-choice contribution,Middle 70%,dimension_color,both,sharp,C,0.04475214285714286,0.022857142857142857,0.06571428571428571,0.0,79,350
Successive-choice contribution,Middle 70%,dimension_color,both,sharp,CD,0.0011142857142857144,0.0,0.005714285714285714,0.011428571428571429,79,350
Successive-choice contribution,Middle 70%,dimension_color,both,sharp,CDF,0.019854285714285717,0.005714285714285714,0.03428571428571429,0.02,79,350
Successive-choice contribution,Middle 70%,dimension_color,both,sharp,CF,0.22624785714285714,0.18285714285714286,0.2714285714285714,0.21428571428571427,79,350
Successive-choice contribution,Middle 70%,dimension_color,both,sharp,CFD,0.010854285714285716,0.002857142857142857,0.022857142857142857,0.005714285714285714,79,350
Successive-choice contribution,Middle 70%,dimension_color,both,sharp,F,0.13799571428571428,0.10285714285714286,0.17714285714285713,0.08571428571428572,79,350
Successive-choice contribution,Middle 70%,dimension_color,both,sharp,FD,0.0014242857142857143,0.0,0.005714285714285714,0.0,79,350
Successive-choice contribution,Middle 70%,dimension_color,both,sharp,FDC,0.003632857142857143,0.0,0.011428571428571429,0.0,79,350
Successive-choice contribution,Middle 70%,dimension_color,both,sharp,FC,0.048098571428571435,0.025714285714285714,0.07142857142857142,0.022857142857142857,79,350
Successive-choice contribution,Middle 70%,dimension_color,both,sharp,FCD,0.002475,0.0,0.008571428571428572,0.002857142857142857,79,350
Successive-choice contribution,Middle 70%,color_form,both,sharp,D,0.003770655270655271,0.0,0.011396011396011397,0.002849002849002849,79,351
Successive-choice contribution,Middle 70%,color_form,both,sharp,DC,0.024160968660968663,0.008547008547008548,0.042735042735042736,0.014245014245014245,79,351
Successive-choice contribution,Middle 70%,color_form,both,sharp,DCF,0.09676851851851852,0.06837606837606838,0.1282051282051282,0.08547008547008547,79,351
Successive-choice contribution,Middle 70%,color_form,both,sharp,DF,0.07628561253561253,0.05128205128205128,0.10541310541310542,0.045584045584045586,79,351
Successive-choice contribution,Middle 70%,color_form,both,sharp,DFC,0.019433048433048435,0.005698005698005698,0.03418803418803419,0.008547008547008548,79,351
Successive-choice contribution,Middle 70%,color_form,both,sharp,C,0.0829351851851852,0.05413105413105413,0.1111111111111111,0.0,79,351
Successive-choice contribution,Middle 70%,color_form,both,sharp,CD,0.000826923076923077,0.0,0.005698005698005698,0.0,79,351
Successive-choice contribution,Middle 70%,color_form,both,sharp,CDF,0.01336111111111111,0.002849002849002849,0.02564102564102564,0.0,79,351
Successive-choice contribution,Middle 70%,color_form,both,sharp,CF,0.42802136752136755,0.37606837606837606,0.47863247863247865,0.7891737891737892,79,351
Successive-choice contribution,Middle 70%,color_form,both,sharp,CFD,0.013399572649572651,0.002849002849002849,0.02564102564102564,0.0,79,351
Successive-choice contribution,Middle 70%,color_form,both,sharp,F,0.16840740740740742,0.13105413105413105,0.20797720797720798,0.005698005698005698,79,351
Successive-choice contribution,Middle 70%,color_form,both,sharp,FD,0.0008027065527065528,0.0,0.005698005698005698,0.0,79,351
Successive-choice contribution,Middle 70%,color_form,both,sharp,FDC,0.0021260683760683766,0.0,0.008547008547008548,0.0,79,351
Successive-choice contribution,Middle 70%,color_form,both,sharp,FC,0.06750712250712251,0.042735042735042736,0.09686609686609686,0.04843304843304843,79,351
Successive-choice contribution,Middle 70%,color_form,both,sharp,FCD,0.0021937321937321942,0.0,0.008547008547008548,0.0,79,351
Successive-choice contribution,Middle 70%,color_form,second,sharp,D,0.0019358974358974364,0.0,0.008547008547008548,0.0,79,351
Successive-choice contribution,Middle 70%,color_form,second,sharp,DC,0.006267094017094017,0.0,0.014245014245014245,0.0,79,351
Successive-choice contribution,Middle 70%,color_form,second,sharp,DCF,0.03835327635327636,0.019943019943019943,0.05982905982905983,0.005698005698005698,79,351
Successive-choice contribution,Middle 70%,color_form,second,sharp,DF,0.11996082621082621,0.08831908831908832,0.15384615384615385,0.039886039886039885,79,351
Successive-choice contribution,Middle 70%,color_form,second,sharp,DFC,0.01956623931623932,0.005698005698005698,0.03418803418803419,0.0,79,351
Successive-choice contribution,Middle 70%,color_form,second,sharp,C,0.008626780626780628,0.0,0.019943019943019943,0.0,79,351
Successive-choice contribution,Middle 70%,color_form,second,sharp,CD,0.00029273504273504274,0.0,0.002849002849002849,0.0,79,351
Successive-choice contribution,Middle 70%,color_form,second,sharp,CDF,0.0029387464387464392,0.0,0.008547008547008548,0.0,79,351
Successive-choice contribution,Middle 70%,color_form,second,sharp,CF,0.08621082621082621,0.05698005698005698,0.1168091168091168,0.15384615384615385,79,351
Successive-choice contribution,Middle 70%,color_form,second,sharp,CFD,0.0035641025641025646,0.0,0.011396011396011397,0.0,79,351
Successive-choice contribution,Middle 70%,color_form,second,sharp,F,0.6765192307692307,0.6296296296296297,0.7236467236467237,0.7777777777777778,79,351
Successive-choice contribution,Middle 70%,color_form,second,sharp,FD,0.0011182336182336183,0.0,0.005698005698005698,0.0,79,351
Successive-choice contribution,Middle 70%,color_form,second,sharp,FDC,0.002136039886039886,0.0,0.008547008547008548,0.0,79,351
Successive-choice contribution,Middle 70%,color_form,second,sharp,FC,0.031014957264957267,0.014245014245014245,0.05128205128205128,0.022792022792022793,79,351
Successive-choice contribution,Middle 70%,color_form,second,sharp,FCD,0.0014950142450142455,0.0,0.005698005698005698,0.0,79,351
Successive-choice contribution,Middle 70%,dimension_form,both,sharp,D,0.007383190883190883,0.0,0.017094017094017096,0.002849002849002849,79,351
Successive-choice contribution,Middle 70%,dimension_form,both,sharp,DC,0.06338532763532764,0.039886039886039885,0.09116809116809117,0.05698005698005698,79,351
Successive-choice contribution,Middle 70%,dimension_form,both,sharp,DCF,0.20083475783475785,0.15669515669515668,0.245014245014245,0.20797720797720798,79,351
Successive-choice contribution,Middle 70%,dimension_form,both,sharp,DF,0.13243091168091167,0.09964387464387467,0.16809116809116809,0.2849002849002849,79,351
Successive-choice contribution,Middle 70%,dimension_form,both,sharp,DFC,0.03520726495726496,0.017094017094017096,0.05698005698005698,0.011396011396011397,79,351
Successive-choice contribution,Middle 70%,dimension_form,both,sharp,C,0.07774501424501425,0.05128205128205128,0.10826210826210826,0.11965811965811966,79,351
Successive-choice contribution,Middle 70%,dimension_form,both,sharp,CD,0.0016410256410256414,0.0,0.005698005698005698,0.0,79,351
Successive-choice contribution,Middle 70%,dimension_form,both,sharp,CDF,0.029072649572649573,0.011396011396011397,0.04843304843304843,0.017094017094017096,79,351
Successive-choice contribution,Middle 70%,dimension_form,both,sharp,CF,0.2993831908831909,0.25071225071225073,0.3476495726495729,0.25925925925925924,79,351
Successive-choice contribution,Middle 70%,dimension_form,both,sharp,CFD,0.013381054131054131,0.002849002849002849,0.02564102564102564,0.0,79,351
Successive-choice contribution,Middle 70%,dimension_form,both,sharp,F,0.09055341880341883,0.05982905982905983,0.1225071225071225,0.008547008547008548,79,351
Successive-choice contribution,Middle 70%,dimension_form,both,sharp,FD,0.0009643874643874644,0.0,0.005698005698005698,0.002849002849002849,79,351
Successive-choice contribution,Middle 70%,dimension_form,both,sharp,FDC,0.0028169515669515676,0.0,0.008547008547008548,0.0,79,351
Successive-choice contribution,Middle 70%,dimension_form,both,sharp,FC,0.043179487179487185,0.022792022792022793,0.06552706552706553,0.022792022792022793,79,351
Successive-choice contribution,Middle 70%,dimension_form,both,sharp,FCD,0.0020213675213675217,0.0,0.008547008547008548,0.005698005698005698,79,351
Successive-choice contribution,Middle 70%,dimension_form,first,sharp,D,0.29789,0.24571428571428572,0.35428571428571426,0.27714285714285714,79,350
Successive-choice contribution,Middle 70%,dimension_form,first,sharp,DC,0.10776642857142857,0.07714285714285714,0.14285714285714285,0.07142857142857142,79,350
Successive-choice contribution,Middle 70%,dimension_form,first,sharp,DCF,0.26489071428571426,0.21714285714285714,0.3142857142857143,0.2057142857142857,79,350
Successive-choice contribution,Middle 70%,dimension_form,first,sharp,DF,0.08066214285714285,0.05142857142857143,0.11142857142857143,0.20857142857142857,79,350
Successive-choice contribution,Middle 70%,dimension_form,first,sharp,DFC,0.028645,0.011428571428571429,0.04857142857142857,0.005714285714285714,79,350
Successive-choice contribution,Middle 70%,dimension_form,first,sharp,C,0.04753285714285714,0.025714285714285714,0.07142857142857142,0.08857142857142856,79,350
Successive-choice contribution,Middle 70%,dimension_form,first,sharp,CD,0.002593571428571429,0.0,0.008571428571428572,0.0,79,350
Successive-choice contribution,Middle 70%,dimension_form,first,sharp,CDF,0.03829071428571429,0.02,0.06,0.008571428571428572,79,350
Successive-choice contribution,Middle 70%,dimension_form,first,sharp,CF,0.08462428571428572,0.05714285714285714,0.11714285714285715,0.10571428571428572,79,350
Successive-choice contribution,Middle 70%,dimension_form,first,sharp,CFD,0.006197857142857144,0.0,0.014285714285714285,0.0,79,350
Successive-choice contribution,Middle 70%,dimension_form,first,sharp,F,0.022482142857142857,0.008571428571428572,0.04,0.002857142857142857,79,350
Successive-choice contribution,Middle 70%,dimension_form,first,sharp,FD,0.0007335714285714286,0.0,0.005714285714285714,0.002857142857142857,79,350
Successive-choice contribution,Middle 70%,dimension_form,first,sharp,FDC,0.002435714285714286,0.0,0.008571428571428572,0.002857142857142857,79,350
Successive-choice contribution,Middle 70%,dimension_form,first,sharp,FC,0.013905,0.002857142857142857,0.02857142857142857,0.017142857142857144,79,350
Successive-choice contribution,Middle 70%,dimension_form,first,sharp,FCD,0.00135,0.0,0.005714285714285714,0.002857142857142857,79,350
Successive-choice contribution,Middle 70%,dimension_color,first,sharp,D,0.2594764285714286,0.20857142857142857,0.31142857142857144,0.2885714285714286,79,350
Successive-choice contribution,Middle 70%,dimension_color,first,sharp,DC,0.03159357142857143,0.014285714285714285,0.05142857142857143,0.04285714285714286,79,350
Successive-choice contribution,Middle 70%,dimension_color,first,sharp,DCF,0.14107357142857144,0.10571428571428572,0.18,0.18285714285714286,79,350
Successive-choice contribution,Middle 70%,dimension_color,first,sharp,DF,0.3531364285714286,0.29714285714285715,0.4114285714285714,0.24571428571428572,79,350
Successive-choice contribution,Middle 70%,dimension_color,first,sharp,DFC,0.05746428571428571,0.03428571428571429,0.08285714285714285,0.008571428571428572,79,350
Successive-choice contribution,Middle 70%,dimension_color,first,sharp,C,0.008190000000000001,0.0,0.02,0.0,79,350
Successive-choice contribution,Middle 70%,dimension_color,first,sharp,CD,0.0005992857142857143,0.0,0.002857142857142857,0.0,79,350
Successive-choice contribution,Middle 70%,dimension_color,first,sharp,CDF,0.008465,0.0,0.02,0.0,79,350
Successive-choice contribution,Middle 70%,dimension_color,first,sharp,CF,0.04175285714285714,0.022857142857142857,0.06285714285714286,0.11142857142857143,79,350
Successive-choice contribution,Middle 70%,dimension_color,first,sharp,CFD,0.003445,0.0,0.011428571428571429,0.002857142857142857,79,350
Successive-choice contribution,Middle 70%,dimension_color,first,sharp,F,0.07053357142857143,0.04285714285714286,0.09714285714285714,0.10285714285714286,79,350
Successive-choice contribution,Middle 70%,dimension_color,first,sharp,FD,0.002575,0.0,0.008571428571428572,0.002857142857142857,79,350
Successive-choice contribution,Middle 70%,dimension_color,first,sharp,FDC,0.004502142857142857,0.0,0.011428571428571429,0.0,79,350
Successive-choice contribution,Middle 70%,dimension_color,first,sharp,FC,0.015600714285714285,0.005642857142857167,0.02857142857142857,0.011428571428571429,79,350
Successive-choice contribution,Middle 70%,dimension_color,first,sharp,FCD,0.001592142857142857,0.0,0.005714285714285714,0.0,79,350
Successive-choice contribution,Middle 70%,dimension_form,second,sharp,D,0.0018271428571428573,0.0,0.008571428571428572,0.0,79,350
Successive-choice contribution,Middle 70%,dimension_form,second,sharp,DC,0.01270714285714286,0.002857142857142857,0.025714285714285714,0.002857142857142857,79,350
Successive-choice contribution,Middle 70%,dimension_form,second,sharp,DCF,0.05962714285714286,0.037142857142857144,0.08571428571428572,0.005714285714285714,79,350
Successive-choice contribution,Middle 70%,dimension_form,second,sharp,DF,0.051995,0.03135714285714288,0.07714285714285714,0.0,79,350
Successive-choice contribution,Middle 70%,dimension_form,second,sharp,DFC,0.013107142857142857,0.002857142857142857,0.025714285714285714,0.0,79,350
Successive-choice contribution,Middle 70%,dimension_form,second,sharp,C,0.035954285714285716,0.017142857142857144,0.05714285714285714,0.11428571428571428,79,350
Successive-choice contribution,Middle 70%,dimension_form,second,sharp,CD,0.0005507142857142857,0.0,0.002857142857142857,0.002857142857142857,79,350
Successive-choice contribution,Middle 70%,dimension_form,second,sharp,CDF,0.008440714285714288,0.0,0.02,0.0,79,350
Successive-choice contribution,Middle 70%,dimension_form,second,sharp,CF,0.24345999999999998,0.19714285714285715,0.2885714285714286,0.16,79,350
Successive-choice contribution,Middle 70%,dimension_form,second,sharp,CFD,0.009105714285714286,0.0,0.02,0.0,79,350
Successive-choice contribution,Middle 70%,dimension_form,second,sharp,F,0.5208028571428572,0.4657142857142857,0.5742857142857143,0.6857142857142857,79,350
Successive-choice contribution,Middle 70%,dimension_form,second,sharp,FD,0.0006278571428571429,0.0,0.002857142857142857,0.0,79,350
Successive-choice contribution,Middle 70%,dimension_form,second,sharp,FDC,0.00158,0.0,0.005714285714285714,0.0,79,350
Successive-choice contribution,Middle 70%,dimension_form,second,sharp,FC,0.03858571428571428,0.02,0.06,0.02857142857142857,79,350
Successive-choice contribution,Middle 70%,dimension_form,second,sharp,FCD,0.0016285714285714287,0.0,0.005714285714285714,0.0,79,350
Successive-choice contribution,Middle 70%,color_form,second,blurred,D,0.001120138888888889,0.0,0.005555555555555556,0.0,79,360
Successive-choice contribution,Middle 70%,color_form,second,blurred,DC,0.0057041666666666655,0.0,0.013888888888888888,0.0,79,360
Successive-choice contribution,Middle 70%,color_form,second,blurred,DCF,0.03877916666666667,0.022222222222222223,0.058333333333333334,0.030555555555555555,79,360
Successive-choice contribution,Middle 70%,color_form,second,blurred,DF,0.11761597222222224,0.08611111111111111,0.15,0.019444444444444445,79,360
Successive-choice contribution,Middle 70%,color_form,second,blurred,DFC,0.016731944444444445,0.005555555555555556,0.030555555555555555,0.0,79,360
Successive-choice contribution,Middle 70%,color_form,second,blurred,C,0.00865486111111111,0.0,0.019444444444444445,0.002777777777777778,79,360
Successive-choice contribution,Middle 70%,color_form,second,blurred,CD,0.0002125,0.0,0.002777777777777778,0.0,79,360
Successive-choice contribution,Middle 70%,color_form,second,blurred,CDF,0.0017243055555555555,0.0,0.008333333333333333,0.0,79,360
Successive-choice contribution,Middle 70%,color_form,second,blurred,CF,0.10006736111111113,0.06944444444444445,0.13055555555555556,0.14166666666666666,79,360
Successive-choice contribution,Middle 70%,color_form,second,blurred,CFD,0.002311111111111111,0.0,0.008333333333333333,0.002777777777777778,79,360
Successive-choice contribution,Middle 70%,color_form,second,blurred,F,0.6764319444444444,0.6277777777777778,0.7222222222222222,0.7722222222222223,79,360
Successive-choice contribution,Middle 70%,color_form,second,blurred,FD,0.0005951388888888889,0.0,0.002777777777777778,0.002777777777777778,79,360
Successive-choice contribution,Middle 70%,color_form,second,blurred,FDC,0.0011930555555555555,0.0,0.005555555555555556,0.0,79,360
Successive-choice contribution,Middle 70%,color_form,second,blurred,FC,0.028013194444444445,0.011111111111111112,0.04722222222222222,0.027777777777777776,79,360
Successive-choice contribution,Middle 70%,color_form,second,blurred,FCD,0.0008451388888888889,0.0,0.005555555555555556,0.0,79,360
Successive-choice contribution,Middle 70%,dimension_color,second,blurred,D,0.0026826388888888885,0.0,0.008333333333333333,0.0,79,360
Successive-choice contribution,Middle 70%,dimension_color,second,blurred,DC,0.05304236111111111,0.030555555555555555,0.07777777777777778,0.0,79,360
Successive-choice contribution,Middle 70%,dimension_color,second,blurred,DCF,0.02209097222222222,0.008333333333333333,0.03888888888888889,0.022222222222222223,79,360
Successive-choice contribution,Middle 70%,dimension_color,second,blurred,DF,0.010538194444444442,0.0027083333333333573,0.022222222222222223,0.0,79,360
Successive-choice contribution,Middle 70%,dimension_color,second,blurred,DFC,0.003753472222222222,0.0,0.011111111111111112,0.005555555555555556,79,360
Successive-choice contribution,Middle 70%,dimension_color,second,blurred,C,0.7830020833333333,0.7388888888888889,0.8277777777777777,0.7527777777777778,79,360
Successive-choice contribution,Middle 70%,dimension_color,second,blurred,CD,0.0008909722222222223,0.0,0.005555555555555556,0.0,79,360
Successive-choice contribution,Middle 70%,dimension_color,second,blurred,CDF,0.0023194444444444447,0.0,0.008333333333333333,0.002777777777777778,79,360
Successive-choice contribution,Middle 70%,dimension_color,second,blurred,CF,0.09337013888888888,0.06388888888888888,0.125,0.15833333333333333,79,360
Successive-choice contribution,Middle 70%,dimension_color,second,blurred,CFD,0.0024090277777777777,0.0,0.008333333333333333,0.0,79,360
Successive-choice contribution,Middle 70%,dimension_color,second,blurred,F,0.015296527777777777,0.002777777777777778,0.027777777777777776,0.05277777777777778,79,360
Successive-choice contribution,Middle 70%,dimension_color,second,blurred,FD,0.00023402777777777777,0.0,0.002777777777777778,0.0,79,360
Successive-choice contribution,Middle 70%,dimension_color,second,blurred,FDC,0.0003895833333333333,0.0,0.002777777777777778,0.0,79,360
Successive-choice contribution,Middle 70%,dimension_color,second,blurred,FC,0.009605555555555555,0.0,0.019513888888889143,0.005555555555555556,79,360
Successive-choice contribution,Middle 70%,dimension_color,second,blurred,FCD,0.000375,0.0,0.002777777777777778,0.0,79,360
Successive-choice contribution,Middle 70%,color_form,both,blurred,D,0.002979861111111111,0.0,0.008333333333333333,0.005555555555555556,79,360
Successive-choice contribution,Middle 70%,color_form,both,blurred,DC,0.032710416666666665,0.016666666666666666,0.05277777777777778,0.03333333333333333,79,360
Successive-choice contribution,Middle 70%,color_form,both,blurred,DCF,0.12898888888888888,0.09444444444444444,0.1638888888888889,0.08611111111111111,79,360
Successive-choice contribution,Middle 70%,color_form,both,blurred,DF,0.1122326388888889,0.08055555555555556,0.14444444444444443,0.022222222222222223,79,360
Successive-choice contribution,Middle 70%,color_form,both,blurred,DFC,0.02470833333333333,0.011111111111111112,0.041666666666666664,0.002777777777777778,79,360
Successive-choice contribution,Middle 70%,color_form,both,blurred,C,0.06895138888888888,0.044444444444444446,0.09722222222222222,0.011111111111111112,79,360
Successive-choice contribution,Middle 70%,color_form,both,blurred,CD,0.0005951388888888889,0.0,0.002777777777777778,0.0,79,360
Successive-choice contribution,Middle 70%,color_form,both,blurred,CDF,0.010030555555555555,0.0,0.022222222222222223,0.002777777777777778,79,360
Successive-choice contribution,Middle 70%,color_form,both,blurred,CF,0.41026388888888893,0.3611111111111111,0.4583333333333333,0.7694444444444445,79,360
Successive-choice contribution,Middle 70%,color_form,both,blurred,CFD,0.00835763888888889,0.0,0.019444444444444445,0.002777777777777778,79,360
Successive-choice contribution,Middle 70%,color_form,both,blurred,F,0.14240416666666667,0.10833333333333334,0.18055555555555555,0.016666666666666666,79,360
Successive-choice contribution,Middle 70%,color_form,both,blurred,FD,0.0005083333333333333,0.0,0.002777777777777778,0.002777777777777778,79,360
Successive-choice contribution,Middle 70%,color_form,both,blurred,FDC,0.0013520833333333334,0.0,0.005555555555555556,0.0,79,360
Successive-choice contribution,Middle 70%,color_form,both,blurred,FC,0.05471875,0.03333333333333333,0.08055555555555556,0.044444444444444446,79,360
Successive-choice contribution,Middle 70%,color_form,both,blurred,FCD,0.0011979166666666668,0.0,0.005555555555555556,0.0,79,360
Successive-choice contribution,Middle 70%,dimension_form,both,blurred,D,0.003408640226628896,0.0,0.0113314447592068,0.0056657223796034,79,353
Successive-choice contribution,Middle 70%,dimension_form,both,blurred,DC,0.055417847025495744,0.031161473087818695,0.0821529745042493,0.019830028328611898,79,353
Successive-choice contribution,Middle 70%,dimension_form,both,blurred,DCF,0.18612110481586405,0.14723796033994335,0.22946175637393768,0.2521246458923513,79,353
Successive-choice contribution,Middle 70%,dimension_form,both,blurred,DF,0.10173371104815863,0.0708215297450425,0.1359773371104816,0.47875354107648727,79,353
Successive-choice contribution,Middle 70%,dimension_form,both,blurred,DFC,0.029140934844192636,0.0113314447592068,0.04815864022662889,0.0084985835694051,79,353
Successive-choice contribution,Middle 70%,dimension_form,both,blurred,C,0.07893626062322946,0.05099150141643059,0.10764872521246459,0.014164305949008499,79,353
Successive-choice contribution,Middle 70%,dimension_form,both,blurred,CD,0.0009235127478753542,0.0,0.0056657223796034,0.0028328611898017,79,353
Successive-choice contribution,Middle 70%,dimension_form,both,blurred,CDF,0.018625354107648727,0.0056657223796034,0.0339943342776204,0.025495750708215296,79,353
Successive-choice contribution,Middle 70%,dimension_form,both,blurred,CF,0.3878640226628895,0.3342776203966006,0.43909348441926344,0.14730878186968838,79,353
Successive-choice contribution,Middle 70%,dimension_form,both,blurred,CFD,0.009713172804532579,0.0,0.0226628895184136,0.0028328611898017,79,353
Successive-choice contribution,Middle 70%,dimension_form,both,blurred,F,0.08326203966005666,0.053824362606232294,0.11331444759206799,0.0226628895184136,79,353
Successive-choice contribution,Middle 70%,dimension_form,both,blurred,FD,0.00045254957507082154,0.0,0.0028328611898017,0.0,79,353
Successive-choice contribution,Middle 70%,dimension_form,both,blurred,FDC,0.0014405099150141645,0.0,0.0056657223796034,0.0,79,353
Successive-choice contribution,Middle 70%,dimension_form,both,blurred,FC,0.041876770538243624,0.0226628895184136,0.06515580736543909,0.0169971671388102,79,353
Successive-choice contribution,Middle 70%,dimension_form,both,blurred,FCD,0.0010835694050991503,0.0,0.0056657223796034,0.0028328611898017,79,353
Successive-choice contribution,Middle 70%,dimension_color,both,blurred,D,0.0038335654596100273,0.0,0.011142061281337047,0.0,79,359
Successive-choice contribution,Middle 70%,dimension_color,both,blurred,DC,0.041655988857938725,0.022284122562674095,0.06406685236768803,0.07242339832869081,79,359
Successive-choice contribution,Middle 70%,dimension_color,both,blurred,DCF,0.18414832869080777,0.14484679665738162,0.22562674094707522,0.30362116991643456,79,359
Successive-choice contribution,Middle 70%,dimension_color,both,blurred,DF,0.19574094707520895,0.15598885793871867,0.23676880222841226,0.10306406685236769,79,359
Successive-choice contribution,Middle 70%,dimension_color,both,blurred,DFC,0.039213091922005575,0.019498607242339833,0.06128133704735376,0.022284122562674095,79,359
Successive-choice contribution,Middle 70%,dimension_color,both,blurred,C,0.044727715877437325,0.025069637883008356,0.06685236768802229,0.011142061281337047,79,359
Successive-choice contribution,Middle 70%,dimension_color,both,blurred,CD,0.0006413649025069639,0.0,0.0028551532033428717,0.0,79,359
Successive-choice contribution,Middle 70%,dimension_color,both,blurred,CDF,0.012237465181058498,0.002785515320334262,0.025069637883008356,0.055710306406685235,79,359
Successive-choice contribution,Middle 70%,dimension_color,both,blurred,CF,0.28284470752089136,0.233983286908078,0.33147632311977715,0.27019498607242337,79,359
Successive-choice contribution,Middle 70%,dimension_color,both,blurred,CFD,0.007543871866295265,0.0,0.016713091922005572,0.005571030640668524,79,359
Successive-choice contribution,Middle 70%,dimension_color,both,blurred,F,0.13615320334261838,0.10027855153203342,0.17270194986072424,0.13370473537604458,79,359
Successive-choice contribution,Middle 70%,dimension_color,both,blurred,FD,0.0007346796657381616,0.0,0.005571030640668524,0.0,79,359
Successive-choice contribution,Middle 70%,dimension_color,both,blurred,FDC,0.0019415041782729805,0.0,0.008356545961002786,0.002785515320334262,79,359
Successive-choice contribution,Middle 70%,dimension_color,both,blurred,FC,0.047201949860724235,0.025069637883008356,0.06963788300835655,0.019498607242339833,79,359
Successive-choice contribution,Middle 70%,dimension_color,both,blurred,FCD,0.001381615598885794,0.0,0.005571030640668524,0.0,79,359
Successive-choice contribution,Middle 70%,dimension_color,first,blurred,D,0.03172485632183908,0.014367816091954023,0.05172413793103448,0.08045977011494253,79,348
Successive-choice contribution,Middle 70%,dimension_color,first,blurred,DC,0.03170761494252874,0.014367816091954023,0.05172413793103448,0.04885057471264368,79,348
Successive-choice contribution,Middle 70%,dimension_color,first,blurred,DCF,0.15917744252873564,0.1206896551724138,0.19834770114942554,0.2672413793103448,79,348
Successive-choice contribution,Middle 70%,dimension_color,first,blurred,DF,0.4547931034482759,0.39655172413793105,0.514367816091954,0.3936781609195402,79,348
Successive-choice contribution,Middle 70%,dimension_color,first,blurred,DFC,0.058395114942528734,0.034482758620689655,0.08333333333333333,0.020114942528735632,79,348
Successive-choice contribution,Middle 70%,dimension_color,first,blurred,C,0.013756465517241379,0.0028735632183908046,0.02586206896551724,0.008620689655172414,79,348
Successive-choice contribution,Middle 70%,dimension_color,first,blurred,CD,0.00047772988505747125,0.0,0.0028735632183908046,0.0028735632183908046,79,348
Successive-choice contribution,Middle 70%,dimension_color,first,blurred,CDF,0.006779454022988506,0.0,0.017241379310344827,0.028735632183908046,79,348
Successive-choice contribution,Middle 70%,dimension_color,first,blurred,CF,0.09138505747126438,0.06321839080459771,0.1235632183908046,0.06609195402298851,79,348
Successive-choice contribution,Middle 70%,dimension_color,first,blurred,CFD,0.0034188218390804595,0.0,0.011494252873563218,0.0,79,348
Successive-choice contribution,Middle 70%,dimension_color,first,blurred,F,0.11588362068965517,0.08045977011494253,0.15229885057471265,0.05172413793103448,79,348
Successive-choice contribution,Middle 70%,dimension_color,first,blurred,FD,0.0016142241379310345,0.0,0.005747126436781609,0.008620689655172414,79,348
Successive-choice contribution,Middle 70%,dimension_color,first,blurred,FDC,0.0031594827586206896,0.0,0.011494252873563218,0.005747126436781609,79,348
Successive-choice contribution,Middle 70%,dimension_color,first,blurred,FC,0.026471982758620692,0.011494252873563218,0.04597701149425287,0.014367816091954023,79,348
Successive-choice contribution,Middle 70%,dimension_color,first,blurred,FCD,0.001255028735632184,0.0,0.005747126436781609,0.0028735632183908046,79,348
Successive-choice contribution,Middle 70%,dimension_form,second,blurred,D,0.0010020833333333331,0.0,0.005555555555555556,0.0,79,360
Successive-choice contribution,Middle 70%,dimension_form,second,blurred,DC,0.012615972222222223,0.002777777777777778,0.025,0.0,79,360
Successive-choice contribution,Middle 70%,dimension_form,second,blurred,DCF,0.06456805555555556,0.041666666666666664,0.09166666666666666,0.008333333333333333,79,360
Successive-choice contribution,Middle 70%,dimension_form,second,blurred,DF,0.05502916666666667,0.030555555555555555,0.08055555555555556,0.0,79,360
Successive-choice contribution,Middle 70%,dimension_form,second,blurred,DFC,0.012843055555555555,0.002777777777777778,0.025,0.0,79,360
Successive-choice contribution,Middle 70%,dimension_form,second,blurred,C,0.032891666666666666,0.013888888888888888,0.05277777777777778,0.06388888888888888,79,360
Successive-choice contribution,Middle 70%,dimension_form,second,blurred,CD,0.00032152777777777773,0.0,0.002777777777777778,0.0,79,360
Successive-choice contribution,Middle 70%,dimension_form,second,blurred,CDF,0.00527986111111111,0.0,0.013888888888888888,0.0,79,360
Successive-choice contribution,Middle 70%,dimension_form,second,blurred,CF,0.2854472222222222,0.2388888888888889,0.3333333333333333,0.16944444444444445,79,360
Successive-choice contribution,Middle 70%,dimension_form,second,blurred,CFD,0.006241666666666666,0.0,0.016666666666666666,0.0,79,360
Successive-choice contribution,Middle 70%,dimension_form,second,blurred,F,0.48652291666666664,0.43333333333333335,0.5416666666666666,0.75,79,360
Successive-choice contribution,Middle 70%,dimension_form,second,blurred,FD,0.0003458333333333333,0.0,0.002777777777777778,0.0,79,360
Successive-choice contribution,Middle 70%,dimension_form,second,blurred,FDC,0.0008361111111111111,0.0,0.005555555555555556,0.0,79,360
Successive-choice contribution,Middle 70%,dimension_form,second,blurred,FC,0.0351875,0.016666666666666666,0.05555555555555555,0.008333333333333333,79,360
Successive-choice contribution,Middle 70%,dimension_form,second,blurred,FCD,0.0008673611111111112,0.0,0.005555555555555556,0.0,79,360
Successive-choice contribution,Middle 70%,color_form,first,blurred,D,0.002492361111111111,0.0,0.008333333333333333,0.005555555555555556,79,360
Successive-choice contribution,Middle 70%,color_form,first,blurred,DC,0.07599444444444443,0.05,0.10277777777777777,0.019444444444444445,79,360
Successive-choice contribution,Middle 70%,color_form,first,blurred,DCF,0.020681249999999998,0.008333333333333333,0.03611111111111111,0.03888888888888889,79,360
Successive-choice contribution,Middle 70%,color_form,first,blurred,DF,0.0038749999999999995,0.0,0.011111111111111112,0.011111111111111112,79,360
Successive-choice contribution,Middle 70%,color_form,first,blurred,DFC,0.0022430555555555554,0.0,0.008333333333333333,0.0,79,360
Successive-choice contribution,Middle 70%,color_form,first,blurred,C,0.8201888888888889,0.7805555555555556,0.8583333333333333,0.7777777777777778,79,360
Successive-choice contribution,Middle 70%,color_form,first,blurred,CD,0.0015680555555555556,0.0,0.005555555555555556,0.0,79,360
Successive-choice contribution,Middle 70%,color_form,first,blurred,CDF,0.0036388888888888886,0.0,0.011111111111111112,0.0,79,360
Successive-choice contribution,Middle 70%,color_form,first,blurred,CF,0.059305555555555556,0.03611111111111111,0.08333333333333333,0.14444444444444443,79,360
Successive-choice contribution,Middle 70%,color_form,first,blurred,CFD,0.0018576388888888891,0.0,0.008333333333333333,0.0,79,360
Successive-choice contribution,Middle 70%,color_form,first,blurred,F,0.0038208333333333328,0.0,0.011111111111111112,0.0,79,360
Successive-choice contribution,Middle 70%,color_form,first,blurred,FD,0.00022152777777777777,0.0,0.002777777777777778,0.0,79,360
Successive-choice contribution,Middle 70%,color_form,first,blurred,FDC,0.00027499999999999996,0.0,0.002777777777777778,0.002777777777777778,79,360
Successive-choice contribution,Middle 70%,color_form,first,blurred,FC,0.003541666666666666,0.0,0.011111111111111112,0.0,79,360
Successive-choice contribution,Middle 70%,color_form,first,blurred,FCD,0.00029583333333333333,0.0,0.002777777777777778,0.0,79,360
Successive-choice contribution,Middle 70%,dimension_form,first,blurred,D,0.036843657817109146,0.017699115044247787,0.05604719764011799,0.09734513274336283,79,339
Successive-choice contribution,Middle 70%,dimension_form,first,blurred,DC,0.11826327433628318,0.08259587020648967,0.15634218289085547,0.06489675516224189,79,339
Successive-choice contribution,Middle 70%,dimension_form,first,blurred,DCF,0.29787020648967555,0.24778761061946902,0.3480825958702065,0.24188790560471976,79,339
Successive-choice contribution,Middle 70%,dimension_form,first,blurred,DF,0.11844247787610619,0.0855457227138643,0.15634218289085547,0.2359882005899705,79,339
Successive-choice contribution,Middle 70%,dimension_form,first,blurred,DFC,0.03671902654867256,0.017699115044247787,0.058997050147492625,0.017699115044247787,79,339
Successive-choice contribution,Middle 70%,dimension_form,first,blurred,C,0.07692551622418878,0.05014749262536873,0.10619469026548672,0.1710914454277286,79,339
Successive-choice contribution,Middle 70%,dimension_form,first,blurred,CD,0.0017536873156342183,0.0,0.0058997050147492625,0.0,79,339
Successive-choice contribution,Middle 70%,dimension_form,first,blurred,CDF,0.0320523598820059,0.014749262536873156,0.05309734513274336,0.011799410029498525,79,339
Successive-choice contribution,Middle 70%,dimension_form,first,blurred,CF,0.20883702064896756,0.16519174041297935,0.2536873156342183,0.12979351032448377,79,339
Successive-choice contribution,Middle 70%,dimension_form,first,blurred,CFD,0.007253687315634218,0.0,0.017699115044247787,0.0029498525073746312,79,339
Successive-choice contribution,Middle 70%,dimension_form,first,blurred,F,0.03892699115044247,0.02064896755162242,0.061946902654867256,0.0058997050147492625,79,339
Successive-choice contribution,Middle 70%,dimension_form,first,blurred,FD,0.0004793510324483775,0.0,0.0029498525073746312,0.0,79,339
Successive-choice contribution,Middle 70%,dimension_form,first,blurred,FDC,0.001657079646017699,0.0,0.0058997050147492625,0.0,79,339
Successive-choice contribution,Middle 70%,dimension_form,first,blurred,FC,0.02302581120943953,0.008849557522123894,0.04129793510324484,0.02064896755162242,79,339
Successive-choice contribution,Middle 70%,dimension_form,first,blurred,FCD,0.0009498525073746312,0.0,0.0058997050147492625,0.0,79,339
Successive-choice contribution,Upper 15%,dimension_color,second,sharp,D,0.00445,0.0,0.022222222222222223,0.0,17,45
Successive-choice contribution,Upper 15%,dimension_color,second,sharp,DC,0.051233333333333325,0.0,0.13333333333333333,0.0,17,45
Successive-choice contribution,Upper 15%,dimension_color,second,sharp,DCF,0.03746666666666666,0.0,0.1111111111111111,0.022222222222222223,17,45
Successive-choice contribution,Upper 15%,dimension_color,second,sharp,DF,0.010305555555555557,0.0,0.044444444444444446,0.0,17,45
Successive-choice contribution,Upper 15%,dimension_color,second,sharp,DFC,0.002772222222222222,0.0,0.022222222222222223,0.0,17,45
Successive-choice contribution,Upper 15%,dimension_color,second,sharp,C,0.6927888888888889,0.5555555555555556,0.8222222222222222,0.2,17,45
Successive-choice contribution,Upper 15%,dimension_color,second,sharp,CD,0.003088888888888889,0.0,0.022222222222222223,0.0,17,45
Successive-choice contribution,Upper 15%,dimension_color,second,sharp,CDF,0.010538888888888888,0.0,0.044444444444444446,0.022222222222222223,17,45
Successive-choice contribution,Upper 15%,dimension_color,second,sharp,CF,0.1509222222222222,0.06666666666666667,0.26666666666666666,0.7555555555555555,17,45
Successive-choice contribution,Upper 15%,dimension_color,second,sharp,CFD,0.012161111111111112,0.0,0.044444444444444446,0.0,17,45
Successive-choice contribution,Upper 15%,dimension_color,second,sharp,F,0.014522222222222223,0.0,0.06666666666666667,0.0,17,45
Successive-choice contribution,Upper 15%,dimension_color,second,sharp,FD,0.0002833333333333333,0.0,0.0,0.0,17,45
Successive-choice contribution,Upper 15%,dimension_color,second,sharp,FDC,0.00031666666666666665,0.0,0.0,0.0,17,45
Successive-choice contribution,Upper 15%,dimension_color,second,sharp,FC,0.008027777777777778,0.0,0.044444444444444446,0.0,17,45
Successive-choice contribution,Upper 15%,dimension_color,second,sharp,FCD,0.0011222222222222222,0.0,0.022222222222222223,0.0,17,45
Successive-choice contribution,Upper 15%,color_form,second,sharp,D,0.0012444444444444445,0.0,0.022222222222222223,0.0,17,45
Successive-choice contribution,Upper 15%,color_form,second,sharp,DC,0.006561111111111112,0.0,0.044444444444444446,0.0,17,45
Successive-choice contribution,Upper 15%,color_form,second,sharp,DCF,0.0641611111111111,0.0,0.13333333333333333,0.06666666666666667,17,45
Successive-choice contribution,Upper 15%,color_form,second,sharp,DF,0.13206666666666667,0.044444444444444446,0.24444444444444444,0.0,17,45
Successive-choice contribution,Upper 15%,color_form,second,sharp,DFC,0.03177777777777777,0.0,0.08888888888888889,0.0,17,45
Successive-choice contribution,Upper 15%,color_form,second,sharp,C,0.006983333333333334,0.0,0.044444444444444446,0.0,17,45
Successive-choice contribution,Upper 15%,color_form,second,sharp,CD,0.0003222222222222222,0.0,0.0,0.0,17,45
Successive-choice contribution,Upper 15%,color_form,second,sharp,CDF,0.0046388888888888894,0.0,0.022222222222222223,0.022222222222222223,17,45
Successive-choice contribution,Upper 15%,color_form,second,sharp,CF,0.1326611111111111,0.044444444444444446,0.24444444444444444,0.4888888888888889,17,45
Successive-choice contribution,Upper 15%,color_form,second,sharp,CFD,0.01082777777777778,0.0,0.044444444444444446,0.0,17,45
Successive-choice contribution,Upper 15%,color_form,second,sharp,F,0.5560111111111111,0.4222222222222222,0.6888888888888889,0.4222222222222222,17,45
Successive-choice contribution,Upper 15%,color_form,second,sharp,FD,0.0012944444444444442,0.0,0.022222222222222223,0.0,17,45
Successive-choice contribution,Upper 15%,color_form,second,sharp,FDC,0.003444444444444445,0.0,0.022222222222222223,0.0,17,45
Successive-choice contribution,Upper 15%,color_form,second,sharp,FC,0.043533333333333334,0.0,0.1111111111111111,0.0,17,45
Successive-choice contribution,Upper 15%,color_form,second,sharp,FCD,0.004472222222222223,0.0,0.022222222222222223,0.0,17,45
Successive-choice contribution,Upper 15%,color_form,both,sharp,D,0.0016055555555555556,0.0,0.022222222222222223,0.0,17,45
Successive-choice contribution,Upper 15%,color_form,both,sharp,DC,0.01425,0.0,0.06666666666666667,0.0,17,45
Successive-choice contribution,Upper 15%,color_form,both,sharp,DCF,0.13259444444444443,0.044444444444444446,0.24444444444444444,0.022222222222222223,17,45
Successive-choice contribution,Upper 15%,color_form,both,sharp,DF,0.049638888888888885,0.0,0.1111111111111111,0.0,17,45
Successive-choice contribution,Upper 15%,color_form,both,sharp,DFC,0.012655555555555555,0.0,0.044444444444444446,0.0,17,45
Successive-choice contribution,Upper 15%,color_form,both,sharp,C,0.03034444444444444,0.0,0.08888888888888889,0.0,17,45
Successive-choice contribution,Upper 15%,color_form,both,sharp,CD,0.0009666666666666666,0.0,0.022222222222222223,0.0,17,45
Successive-choice contribution,Upper 15%,color_form,both,sharp,CDF,0.028888888888888884,0.0,0.08888888888888889,0.022222222222222223,17,45
Successive-choice contribution,Upper 15%,color_form,both,sharp,CF,0.5610722222222221,0.4222222222222222,0.7111111111111111,0.9333333333333333,17,45
Successive-choice contribution,Upper 15%,color_form,both,sharp,CFD,0.04604444444444444,0.0,0.1111111111111111,0.0,17,45
Successive-choice contribution,Upper 15%,color_form,both,sharp,F,0.07435,0.0,0.15555555555555556,0.0,17,45
Successive-choice contribution,Upper 15%,color_form,both,sharp,FD,0.0004888888888888889,0.0,0.0,0.0,17,45
Successive-choice contribution,Upper 15%,color_form,both,sharp,FDC,0.0009333333333333333,0.0,0.022222222222222223,0.0,17,45
Successive-choice contribution,Upper 15%,color_form,both,sharp,FC,0.041922222222222215,0.0,0.1111111111111111,0.022222222222222223,17,45
Successive-choice contribution,Upper 15%,color_form,both,sharp,FCD,0.004244444444444445,0.0,0.022222222222222223,0.0,17,45
Successive-choice contribution,Upper 15%,dimension_color,first,sharp,D,0.13415555555555556,0.044444444444444446,0.24444444444444444,0.044444444444444446,17,45
Successive-choice contribution,Upper 15%,dimension_color,first,sharp,DC,0.03124444444444444,0.0,0.08888888888888889,0.0,17,45
Successive-choice contribution,Upper 15%,dimension_color,first,sharp,DCF,0.2886166666666667,0.15555555555555556,0.4222222222222222,0.4888888888888889,17,45
Successive-choice contribution,Upper 15%,dimension_color,first,sharp,DF,0.30585555555555555,0.17777777777777778,0.4444444444444444,0.044444444444444446,17,45
Successive-choice contribution,Upper 15%,dimension_color,first,sharp,DFC,0.08216666666666665,0.022222222222222223,0.17777777777777778,0.0,17,45
Successive-choice contribution,Upper 15%,dimension_color,first,sharp,C,0.0059611111111111115,0.0,0.044444444444444446,0.0,17,45
Successive-choice contribution,Upper 15%,dimension_color,first,sharp,CD,0.0006888888888888888,0.0,0.022222222222222223,0.0,17,45
Successive-choice contribution,Upper 15%,dimension_color,first,sharp,CDF,0.017272222222222224,0.0,0.06666666666666667,0.17777777777777778,17,45
Successive-choice contribution,Upper 15%,dimension_color,first,sharp,CF,0.05298888888888888,0.0,0.13333333333333333,0.17777777777777778,17,45
Successive-choice contribution,Upper 15%,dimension_color,first,sharp,CFD,0.00588888888888889,0.0,0.044444444444444446,0.0,17,45
Successive-choice contribution,Upper 15%,dimension_color,first,sharp,F,0.04796111111111111,0.0,0.1111111111111111,0.06666666666666667,17,45
Successive-choice contribution,Upper 15%,dimension_color,first,sharp,FD,0.002605555555555556,0.0,0.022222222222222223,0.0,17,45
Successive-choice contribution,Upper 15%,dimension_color,first,sharp,FDC,0.006111111111111111,0.0,0.044444444444444446,0.0,17,45
Successive-choice contribution,Upper 15%,dimension_color,first,sharp,FC,0.01627777777777778,0.0,0.06666666666666667,0.0,17,45
Successive-choice contribution,Upper 15%,dimension_color,first,sharp,FCD,0.0022055555555555557,0.0,0.022222222222222223,0.0,17,45
Successive-choice contribution,Upper 15%,dimension_form,first,sharp,D,0.14244444444444443,0.044444444444444446,0.24444444444444444,0.044444444444444446,17,45
Successive-choice contribution,Upper 15%,dimension_form,first,sharp,DC,0.05199444444444444,0.0,0.13333333333333333,0.0,17,45
Successive-choice contribution,Upper 15%,dimension_form,first,sharp,DCF,0.46962777777777776,0.3333333333333333,0.6222222222222222,0.4888888888888889,17,45
Successive-choice contribution,Upper 15%,dimension_form,first,sharp,DF,0.05280555555555555,0.0,0.13333333333333333,0.08888888888888889,17,45
Successive-choice contribution,Upper 15%,dimension_form,first,sharp,DFC,0.014188888888888888,0.0,0.045000000000002024,0.0,17,45
Successive-choice contribution,Upper 15%,dimension_form,first,sharp,C,0.02378333333333333,0.0,0.06666666666666667,0.0,17,45
Successive-choice contribution,Upper 15%,dimension_form,first,sharp,CD,0.002488888888888889,0.0,0.022222222222222223,0.0,17,45
Successive-choice contribution,Upper 15%,dimension_form,first,sharp,CDF,0.09596111111111111,0.022222222222222223,0.2,0.1111111111111111,17,45
Successive-choice contribution,Upper 15%,dimension_form,first,sharp,CF,0.10903333333333333,0.022222222222222223,0.2,0.26666666666666666,17,45
Successive-choice contribution,Upper 15%,dimension_form,first,sharp,CFD,0.010883333333333333,0.0,0.044444444444444446,0.0,17,45
Successive-choice contribution,Upper 15%,dimension_form,first,sharp,F,0.016144444444444447,0.0,0.06666666666666667,0.0,17,45
Successive-choice contribution,Upper 15%,dimension_form,first,sharp,FD,0.0005555555555555556,0.0,0.0,0.0,17,45
Successive-choice contribution,Upper 15%,dimension_form,first,sharp,FDC,0.0010555555555555555,0.0,0.022222222222222223,0.0,17,45
Successive-choice contribution,Upper 15%,dimension_form,first,sharp,FC,0.008011111111111111,0.0,0.044444444444444446,0.0,17,45
Successive-choice contribution,Upper 15%,dimension_form,first,sharp,FCD,0.0010222222222222221,0.0,0.022222222222222223,0.0,17,45
Successive-choice contribution,Upper 15%,color_form,first,sharp,D,0.0022222222222222222,0.0,0.022222222222222223,0.0,17,45
Successive-choice contribution,Upper 15%,color_form,first,sharp,DC,0.028905555555555552,0.0,0.08888888888888889,0.0,17,45
Successive-choice contribution,Upper 15%,color_form,first,sharp,DCF,0.020516666666666666,0.0,0.06666666666666667,0.08888888888888889,17,45
Successive-choice contribution,Upper 15%,color_form,first,sharp,DF,0.0016444444444444445,0.0,0.022222222222222223,0.0,17,45
Successive-choice contribution,Upper 15%,color_form,first,sharp,DFC,0.0005555555555555556,0.0,0.0,0.0,17,45
Successive-choice contribution,Upper 15%,color_form,first,sharp,C,0.7602,0.6222222222222222,0.8888888888888888,0.24444444444444444,17,45
Successive-choice contribution,Upper 15%,color_form,first,sharp,CD,0.0044,0.0,0.022222222222222223,0.0,17,45
Successive-choice contribution,Upper 15%,color_form,first,sharp,CDF,0.0143,0.0,0.06666666666666667,0.08888888888888889,17,45
Successive-choice contribution,Upper 15%,color_form,first,sharp,CF,0.14788333333333334,0.044444444444444446,0.26666666666666666,0.5555555555555556,17,45
Successive-choice contribution,Upper 15%,color_form,first,sharp,CFD,0.012127777777777777,0.0,0.044444444444444446,0.0,17,45
Successive-choice contribution,Upper 15%,color_form,first,sharp,F,0.003955555555555555,0.0,0.022222222222222223,0.0,17,45
Successive-choice contribution,Upper 15%,color_form,first,sharp,FD,0.0001944444444444444,0.0,0.0,0.0,17,45
Successive-choice contribution,Upper 15%,color_form,first,sharp,FDC,0.00020555555555555556,0.0,0.0,0.0,17,45
Successive-choice contribution,Upper 15%,color_form,first,sharp,FC,0.002511111111111111,0.0,0.022222222222222223,0.022222222222222223,17,45
Successive-choice contribution,Upper 15%,color_form,first,sharp,FCD,0.00037777777777777777,0.0,0.0,0.0,17,45
Successive-choice contribution,Upper 15%,dimension_form,both,sharp,D,0.002238888888888889,0.0,0.022222222222222223,0.0,17,45
Successive-choice contribution,Upper 15%,dimension_form,both,sharp,DC,0.026883333333333332,0.0,0.08888888888888889,0.0,17,45
Successive-choice contribution,Upper 15%,dimension_form,both,sharp,DCF,0.2442,0.1111111111111111,0.37777777777777777,0.4888888888888889,17,45
Successive-choice contribution,Upper 15%,dimension_form,both,sharp,DF,0.05737777777777777,0.0,0.13333333333333333,0.022222222222222223,17,45
Successive-choice contribution,Upper 15%,dimension_form,both,sharp,DFC,0.014805555555555558,0.0,0.06666666666666667,0.0,17,45
Successive-choice contribution,Upper 15%,dimension_form,both,sharp,C,0.03434444444444444,0.0,0.08888888888888889,0.0,17,45
Successive-choice contribution,Upper 15%,dimension_form,both,sharp,CD,0.0018666666666666666,0.0,0.022222222222222223,0.0,17,45
Successive-choice contribution,Upper 15%,dimension_form,both,sharp,CDF,0.06744444444444443,0.0,0.15555555555555556,0.2222222222222222,17,45
Successive-choice contribution,Upper 15%,dimension_form,both,sharp,CF,0.4384166666666667,0.28888888888888886,0.6,0.24444444444444444,17,45
Successive-choice contribution,Upper 15%,dimension_form,both,sharp,CFD,0.04001111111111111,0.0,0.1111111111111111,0.0,17,45
Successive-choice contribution,Upper 15%,dimension_form,both,sharp,F,0.04341666666666666,0.0,0.1111111111111111,0.0,17,45
Successive-choice contribution,Upper 15%,dimension_form,both,sharp,FD,0.0004944444444444444,0.0,0.0,0.0,17,45
Successive-choice contribution,Upper 15%,dimension_form,both,sharp,FDC,0.0010833333333333335,0.0,0.022222222222222223,0.0,17,45
Successive-choice contribution,Upper 15%,dimension_form,both,sharp,FC,0.024727777777777776,0.0,0.06666666666666667,0.022222222222222223,17,45
Successive-choice contribution,Upper 15%,dimension_form,both,sharp,FCD,0.002688888888888889,0.0,0.022222222222222223,0.0,17,45
Successive-choice contribution,Upper 15%,dimension_form,second,sharp,D,0.0012833333333333332,0.0,0.022222222222222223,0.0,17,45
Successive-choice contribution,Upper 15%,dimension_form,second,sharp,DC,0.010738888888888888,0.0,0.044444444444444446,0.0,17,45
Successive-choice contribution,Upper 15%,dimension_form,second,sharp,DCF,0.10177222222222221,0.022222222222222223,0.2,0.0,17,45
Successive-choice contribution,Upper 15%,dimension_form,second,sharp,DF,0.0498,0.0,0.1111111111111111,0.0,17,45
Successive-choice contribution,Upper 15%,dimension_form,second,sharp,DFC,0.012272222222222223,0.0,0.044444444444444446,0.0,17,45
Successive-choice contribution,Upper 15%,dimension_form,second,sharp,C,0.019994444444444443,0.0,0.06666666666666667,0.022222222222222223,17,45
Successive-choice contribution,Upper 15%,dimension_form,second,sharp,CD,0.0005666666666666666,0.0,0.022222222222222223,0.0,17,45
Successive-choice contribution,Upper 15%,dimension_form,second,sharp,CDF,0.01918888888888889,0.0,0.06666666666666667,0.044444444444444446,17,45
Successive-choice contribution,Upper 15%,dimension_form,second,sharp,CF,0.36852777777777784,0.2222222222222222,0.5111111111111111,0.5777777777777777,17,45
Successive-choice contribution,Upper 15%,dimension_form,second,sharp,CFD,0.031705555555555556,0.0,0.08888888888888889,0.0,17,45
Successive-choice contribution,Upper 15%,dimension_form,second,sharp,F,0.3475388888888889,0.2222222222222222,0.4888888888888889,0.35555555555555557,17,45
Successive-choice contribution,Upper 15%,dimension_form,second,sharp,FD,0.00043333333333333337,0.0,0.0,0.0,17,45
Successive-choice contribution,Upper 15%,dimension_form,second,sharp,FDC,0.0010277777777777776,0.0,0.022222222222222223,0.0,17,45
Successive-choice contribution,Upper 15%,dimension_form,second,sharp,FC,0.03196111111111111,0.0,0.08888888888888889,0.0,17,45
Successive-choice contribution,Upper 15%,dimension_form,second,sharp,FCD,0.0031888888888888887,0.0,0.022222222222222223,0.0,17,45
Successive-choice contribution,Upper 15%,dimension_color,both,sharp,D,0.003,0.0,0.022222222222222223,0.0,17,45
Successive-choice contribution,Upper 15%,dimension_color,both,sharp,DC,0.025599999999999998,0.0,0.08888888888888889,0.0,17,45
Successive-choice contribution,Upper 15%,dimension_color,both,sharp,DCF,0.24178888888888886,0.1111111111111111,0.37777777777777777,0.3333333333333333,17,45
Successive-choice contribution,Upper 15%,dimension_color,both,sharp,DF,0.13956666666666667,0.044444444444444446,0.24444444444444444,0.044444444444444446,17,45
Successive-choice contribution,Upper 15%,dimension_color,both,sharp,DFC,0.03505,0.0,0.08888888888888889,0.0,17,45
Successive-choice contribution,Upper 15%,dimension_color,both,sharp,C,0.02182222222222222,0.0,0.06666666666666667,0.0,17,45
Successive-choice contribution,Upper 15%,dimension_color,both,sharp,CD,0.0012055555555555556,0.0,0.022222222222222223,0.0,17,45
Successive-choice contribution,Upper 15%,dimension_color,both,sharp,CDF,0.037200000000000004,0.0,0.1111111111111111,0.13333333333333333,17,45
Successive-choice contribution,Upper 15%,dimension_color,both,sharp,CF,0.32702777777777775,0.2,0.4666666666666667,0.4,17,45
Successive-choice contribution,Upper 15%,dimension_color,both,sharp,CFD,0.031133333333333332,0.0,0.08888888888888889,0.0,17,45
Successive-choice contribution,Upper 15%,dimension_color,both,sharp,F,0.08467222222222222,0.022222222222222223,0.17777777777777778,0.08888888888888889,17,45
Successive-choice contribution,Upper 15%,dimension_color,both,sharp,FD,0.0010611111111111112,0.0,0.022222222222222223,0.0,17,45
Successive-choice contribution,Upper 15%,dimension_color,both,sharp,FDC,0.0026833333333333336,0.0,0.022222222222222223,0.0,17,45
Successive-choice contribution,Upper 15%,dimension_color,both,sharp,FC,0.04347222222222222,0.0,0.1111111111111111,0.0,17,45
Successive-choice contribution,Upper 15%,dimension_color,both,sharp,FCD,0.004716666666666667,0.0,0.022222222222222223,0.0,17,45
Successive-choice contribution,Upper 15%,dimension_form,both,blurred,D,0.0014583333333333334,0.0,0.009259259259259259,0.0,17,108
Successive-choice contribution,Upper 15%,dimension_form,both,blurred,DC,0.025863425925925925,0.0,0.05555555555555555,0.0,17,108
Successive-choice contribution,Upper 15%,dimension_form,both,blurred,DCF,0.27300694444444445,0.19444444444444445,0.3611111111111111,0.5833333333333334,17,108
Successive-choice contribution,Upper 15%,dimension_form,both,blurred,DF,0.060141203703703704,0.018518518518518517,0.1111111111111111,0.08333333333333333,17,108
Successive-choice contribution,Upper 15%,dimension_form,both,blurred,DFC,0.011592592592592592,0.0,0.037037037037037035,0.0,17,108
Successive-choice contribution,Upper 15%,dimension_form,both,blurred,C,0.02807407407407407,0.0,0.06481481481481481,0.0,17,108
Successive-choice contribution,Upper 15%,dimension_form,both,blurred,CD,0.001386574074074074,0.0,0.009259259259259259,0.0,17,108
Successive-choice contribution,Upper 15%,dimension_form,both,blurred,CDF,0.043932870370370365,0.009259259259259259,0.08333333333333333,0.12037037037037036,17,108
Successive-choice contribution,Upper 15%,dimension_form,both,blurred,CF,0.47678935185185184,0.37962962962962965,0.5648148148148148,0.19444444444444445,17,108
Successive-choice contribution,Upper 15%,dimension_form,both,blurred,CFD,0.0285,0.0,0.06481481481481481,0.0,17,108
Successive-choice contribution,Upper 15%,dimension_form,both,blurred,F,0.031504629629629625,0.0,0.06481481481481481,0.009259259259259259,17,108
Successive-choice contribution,Upper 15%,dimension_form,both,blurred,FD,0.0003287037037037037,0.0,0.009259259259259259,0.0,17,108
Successive-choice contribution,Upper 15%,dimension_form,both,blurred,FDC,0.0005532407407407406,0.0,0.009259259259259259,0.0,17,108
Successive-choice contribution,Upper 15%,dimension_form,both,blurred,FC,0.015574074074074072,0.0,0.046296296296296294,0.009259259259259259,17,108
Successive-choice contribution,Upper 15%,dimension_form,both,blurred,FCD,0.0012939814814814815,0.0,0.009259259259259259,0.0,17,108
Successive-choice contribution,Upper 15%,color_form,second,blurred,D,0.0008541666666666666,0.0,0.009259259259259259,0.0,17,108
Successive-choice contribution,Upper 15%,color_form,second,blurred,DC,0.008576388888888889,0.0,0.027777777777777776,0.0,17,108
Successive-choice contribution,Upper 15%,color_form,second,blurred,DCF,0.09368981481481481,0.046296296296296294,0.14814814814814814,0.09259259259259259,17,108
Successive-choice contribution,Upper 15%,color_form,second,blurred,DF,0.1973101851851852,0.12962962962962962,0.26851851851851855,0.0,17,108
Successive-choice contribution,Upper 15%,color_form,second,blurred,DFC,0.03525925925925926,0.009259259259259259,0.07407407407407407,0.0,17,108
Successive-choice contribution,Upper 15%,color_form,second,blurred,C,0.006402777777777777,0.0,0.027777777777777776,0.0,17,108
Successive-choice contribution,Upper 15%,color_form,second,blurred,CD,0.0002361111111111111,0.0,0.009259259259259259,0.0,17,108
Successive-choice contribution,Upper 15%,color_form,second,blurred,CDF,0.002875,0.0,0.018518518518518517,0.0,17,108
Successive-choice contribution,Upper 15%,color_form,second,blurred,CF,0.1366087962962963,0.07407407407407407,0.2037037037037037,0.5833333333333334,17,108
Successive-choice contribution,Upper 15%,color_form,second,blurred,CFD,0.007564814814814815,0.0,0.027777777777777776,0.0,17,108
Successive-choice contribution,Upper 15%,color_form,second,blurred,F,0.47146759259259263,0.37962962962962965,0.5648148148148148,0.3055555555555556,17,108
Successive-choice contribution,Upper 15%,color_form,second,blurred,FD,0.000673611111111111,0.0,0.009259259259259259,0.0,17,108
Successive-choice contribution,Upper 15%,color_form,second,blurred,FDC,0.0018888888888888887,0.0,0.009259259259259259,0.0,17,108
Successive-choice contribution,Upper 15%,color_form,second,blurred,FC,0.033824074074074076,0.009027777777777857,0.07407407407407407,0.018518518518518517,17,108
Successive-choice contribution,Upper 15%,color_form,second,blurred,FCD,0.0027685185185185182,0.0,0.018518518518518517,0.0,17,108
Successive-choice contribution,Upper 15%,dimension_color,second,blurred,D,0.002333333333333333,0.0,0.009259259259259259,0.0,17,108
Successive-choice contribution,Upper 15%,dimension_color,second,blurred,DC,0.06396759259259259,0.018518518518518517,0.1111111111111111,0.0,17,108
Successive-choice contribution,Upper 15%,dimension_color,second,blurred,DCF,0.05715046296296296,0.018518518518518517,0.10185185185185185,0.05555555555555555,17,108
Successive-choice contribution,Upper 15%,dimension_color,second,blurred,DF,0.01643287037037037,0.0,0.046296296296296294,0.0,17,108
Successive-choice contribution,Upper 15%,dimension_color,second,blurred,DFC,0.0030625,0.0,0.018518518518518517,0.0,17,108
Successive-choice contribution,Upper 15%,dimension_color,second,blurred,C,0.6368541666666666,0.5462962962962963,0.7314814814814815,0.09259259259259259,17,108
Successive-choice contribution,Upper 15%,dimension_color,second,blurred,CD,0.0013125,0.0,0.009259259259259259,0.0,17,108
Successive-choice contribution,Upper 15%,dimension_color,second,blurred,CDF,0.005953703703703703,0.0,0.027777777777777776,0.018518518518518517,17,108
Successive-choice contribution,Upper 15%,dimension_color,second,blurred,CF,0.18183796296296295,0.1111111111111111,0.25925925925925924,0.8148148148148148,17,108
Successive-choice contribution,Upper 15%,dimension_color,second,blurred,CFD,0.009715277777777778,0.0,0.027777777777777776,0.0,17,108
Successive-choice contribution,Upper 15%,dimension_color,second,blurred,F,0.01371527777777778,0.0,0.037037037037037035,0.018518518518518517,17,108
Successive-choice contribution,Upper 15%,dimension_color,second,blurred,FD,0.00021064814814814815,0.0,0.0,0.0,17,108
Successive-choice contribution,Upper 15%,dimension_color,second,blurred,FDC,0.00024537037037037035,0.0,0.009259259259259259,0.0,17,108
Successive-choice contribution,Upper 15%,dimension_color,second,blurred,FC,0.006662037037037037,0.0,0.027777777777777776,0.0,17,108
Successive-choice contribution,Upper 15%,dimension_color,second,blurred,FCD,0.0005462962962962962,0.0,0.009259259259259259,0.0,17,108
Successive-choice contribution,Upper 15%,color_form,both,blurred,D,0.0013541666666666665,0.0,0.009259259259259259,0.0,17,108
Successive-choice contribution,Upper 15%,color_form,both,blurred,DC,0.02274537037037037,0.0,0.05555555555555555,0.0,17,108
Successive-choice contribution,Upper 15%,color_form,both,blurred,DCF,0.24240740740740738,0.16666666666666666,0.31504629629629716,0.08333333333333333,17,108
Successive-choice contribution,Upper 15%,color_form,both,blurred,DF,0.0910185185185185,0.037037037037037035,0.14814814814814814,0.009259259259259259,17,108
Successive-choice contribution,Upper 15%,color_form,both,blurred,DFC,0.017210648148148145,0.0,0.046296296296296294,0.0,17,108
Successive-choice contribution,Upper 15%,color_form,both,blurred,C,0.02434722222222222,0.0,0.05555555555555555,0.0,17,108
Successive-choice contribution,Upper 15%,color_form,both,blurred,CD,0.000761574074074074,0.0,0.009259259259259259,0.0,17,108
Successive-choice contribution,Upper 15%,color_form,both,blurred,CDF,0.02329398148148148,0.0,0.05555555555555555,0.027777777777777776,17,108
Successive-choice contribution,Upper 15%,color_form,both,blurred,CF,0.4690162037037037,0.37962962962962965,0.5555555555555556,0.8796296296296297,17,108
Successive-choice contribution,Upper 15%,color_form,both,blurred,CFD,0.027997685185185184,0.0,0.06481481481481481,0.0,17,108
Successive-choice contribution,Upper 15%,color_form,both,blurred,F,0.05154398148148148,0.018518518518518517,0.09259259259259259,0.0,17,108
Successive-choice contribution,Upper 15%,color_form,both,blurred,FD,0.0003171296296296296,0.0,0.009259259259259259,0.0,17,108
Successive-choice contribution,Upper 15%,color_form,both,blurred,FDC,0.0007268518518518519,0.0,0.009259259259259259,0.0,17,108
Successive-choice contribution,Upper 15%,color_form,both,blurred,FC,0.025224537037037035,0.0,0.05555555555555555,0.0,17,108
Successive-choice contribution,Upper 15%,color_form,both,blurred,FCD,0.0020347222222222225,0.0,0.009259259259259259,0.0,17,108
Successive-choice contribution,Upper 15%,dimension_color,both,blurred,D,0.0017662037037037036,0.0,0.009259259259259259,0.0,17,108
Successive-choice contribution,Upper 15%,dimension_color,both,blurred,DC,0.026462962962962962,0.0,0.05555555555555555,0.009259259259259259,17,108
Successive-choice contribution,Upper 15%,dimension_color,both,blurred,DCF,0.27911111111111114,0.19444444444444445,0.3611111111111111,0.48148148148148145,17,108
Successive-choice contribution,Upper 15%,dimension_color,both,blurred,DF,0.15428935185185186,0.09259259259259259,0.2222222222222222,0.009259259259259259,17,108
Successive-choice contribution,Upper 15%,dimension_color,both,blurred,DFC,0.029460648148148146,0.0,0.06481481481481481,0.0,17,108
Successive-choice contribution,Upper 15%,dimension_color,both,blurred,C,0.018960648148148147,0.0,0.046296296296296294,0.0,17,108
Successive-choice contribution,Upper 15%,dimension_color,both,blurred,CD,0.0008402777777777777,0.0,0.009259259259259259,0.0,17,108
Successive-choice contribution,Upper 15%,dimension_color,both,blurred,CDF,0.024458333333333335,0.0,0.05555555555555555,0.07407407407407407,17,108
Successive-choice contribution,Upper 15%,dimension_color,both,blurred,CF,0.34252546296296293,0.25902777777777786,0.4351851851851852,0.3425925925925926,17,108
Successive-choice contribution,Upper 15%,dimension_color,both,blurred,CFD,0.02191435185185185,0.0,0.05555555555555555,0.0,17,108
Successive-choice contribution,Upper 15%,dimension_color,both,blurred,F,0.06447453703703704,0.018518518518518517,0.1111111111111111,0.08333333333333333,17,108
Successive-choice contribution,Upper 15%,dimension_color,both,blurred,FD,0.0006481481481481481,0.0,0.009259259259259259,0.0,17,108
Successive-choice contribution,Upper 15%,dimension_color,both,blurred,FDC,0.0014814814814814814,0.0,0.009259259259259259,0.0,17,108
Successive-choice contribution,Upper 15%,dimension_color,both,blurred,FC,0.030967592592592588,0.0,0.06481481481481481,0.0,17,108
Successive-choice contribution,Upper 15%,dimension_color,both,blurred,FCD,0.0026388888888888885,0.0,0.018518518518518517,0.0,17,108
Successive-choice contribution,Upper 15%,color_form,first,blurred,D,0.0024768518518518516,0.0,0.018518518518518517,0.0,17,108
Successive-choice contribution,Upper 15%,color_form,first,blurred,DC,0.06597453703703704,0.027777777777777776,0.1111111111111111,0.009259259259259259,17,108
Successive-choice contribution,Upper 15%,color_form,first,blurred,DCF,0.056722222222222216,0.018518518518518517,0.10185185185185185,0.10185185185185185,17,108
Successive-choice contribution,Upper 15%,color_form,first,blurred,DF,0.003993055555555555,0.0,0.018518518518518517,0.0,17,108
Successive-choice contribution,Upper 15%,color_form,first,blurred,DFC,0.0008865740740740739,0.0,0.009259259259259259,0.0,17,108
Successive-choice contribution,Upper 15%,color_form,first,blurred,C,0.6869074074074074,0.6018518518518519,0.7687500000000008,0.09259259259259259,17,108
Successive-choice contribution,Upper 15%,color_form,first,blurred,CD,0.0035324074074074073,0.0,0.018518518518518517,0.0,17,108
Successive-choice contribution,Upper 15%,color_form,first,blurred,CDF,0.014810185185185183,0.0,0.037037037037037035,0.037037037037037035,17,108
Successive-choice contribution,Upper 15%,color_form,first,blurred,CF,0.15136342592592592,0.08333333333333333,0.2222222222222222,0.7592592592592593,17,108
Successive-choice contribution,Upper 15%,color_form,first,blurred,CFD,0.00750462962962963,0.0,0.027777777777777776,0.0,17,108
Successive-choice contribution,Upper 15%,color_form,first,blurred,F,0.003472222222222222,0.0,0.018518518518518517,0.0,17,108
Successive-choice contribution,Upper 15%,color_form,first,blurred,FD,0.0001527777777777778,0.0,0.0,0.0,17,108
Successive-choice contribution,Upper 15%,color_form,first,blurred,FDC,0.00019907407407407406,0.0,0.0,0.0,17,108
Successive-choice contribution,Upper 15%,color_form,first,blurred,FC,0.0017175925925925926,0.0,0.009259259259259259,0.0,17,108
Successive-choice contribution,Upper 15%,color_form,first,blurred,FCD,0.00028703703703703703,0.0,0.009259259259259259,0.0,17,108
Successive-choice contribution,Upper 15%,dimension_form,first,blurred,D,0.01538888888888889,0.0,0.046296296296296294,0.0,17,108
Successive-choice contribution,Upper 15%,dimension_form,first,blurred,DC,0.04469675925925926,0.009259259259259259,0.08333333333333333,0.0,17,108
Successive-choice contribution,Upper 15%,dimension_form,first,blurred,DCF,0.4547708333333333,0.3611111111111111,0.5555555555555556,0.5185185185185185,17,108
Successive-choice contribution,Upper 15%,dimension_form,first,blurred,DF,0.05785185185185185,0.018518518518518517,0.10185185185185185,0.009259259259259259,17,108
Successive-choice contribution,Upper 15%,dimension_form,first,blurred,DFC,0.010618055555555554,0.0,0.037037037037037035,0.0,17,108
Successive-choice contribution,Upper 15%,dimension_form,first,blurred,C,0.028245370370370365,0.0,0.06481481481481481,0.018518518518518517,17,108
Successive-choice contribution,Upper 15%,dimension_form,first,blurred,CD,0.0023402777777777775,0.0,0.018518518518518517,0.0,17,108
Successive-choice contribution,Upper 15%,dimension_form,first,blurred,CDF,0.08443981481481481,0.037037037037037035,0.1388888888888889,0.08333333333333333,17,108
Successive-choice contribution,Upper 15%,dimension_form,first,blurred,CF,0.26127314814814817,0.17592592592592593,0.3425925925925926,0.37037037037037035,17,108
Successive-choice contribution,Upper 15%,dimension_form,first,blurred,CFD,0.014895833333333332,0.0,0.046296296296296294,0.0,17,108
Successive-choice contribution,Upper 15%,dimension_form,first,blurred,F,0.01609722222222222,0.0,0.046296296296296294,0.0,17,108
Successive-choice contribution,Upper 15%,dimension_form,first,blurred,FD,0.0003657407407407407,0.0,0.009259259259259259,0.0,17,108
Successive-choice contribution,Upper 15%,dimension_form,first,blurred,FDC,0.0005833333333333333,0.0,0.009259259259259259,0.0,17,108
Successive-choice contribution,Upper 15%,dimension_form,first,blurred,FC,0.007611111111111111,0.0,0.027777777777777776,0.0,17,108
Successive-choice contribution,Upper 15%,dimension_form,first,blurred,FCD,0.0008217592592592592,0.0,0.009259259259259259,0.0,17,108
Successive-choice contribution,Upper 15%,dimension_color,first,blurred,D,0.01574074074074074,0.0,0.046296296296296294,0.0,17,108
Successive-choice contribution,Upper 15%,dimension_color,first,blurred,DC,0.02529398148148148,0.0,0.05555555555555555,0.0,17,108
Successive-choice contribution,Upper 15%,dimension_color,first,blurred,DCF,0.26008564814814816,0.17592592592592593,0.3425925925925926,0.5740740740740741,17,108
Successive-choice contribution,Upper 15%,dimension_color,first,blurred,DF,0.4063611111111111,0.3148148148148148,0.5,0.10185185185185185,17,108
Successive-choice contribution,Upper 15%,dimension_color,first,blurred,DFC,0.07478240740740741,0.027777777777777776,0.12962962962962962,0.0,17,108
Successive-choice contribution,Upper 15%,dimension_color,first,blurred,C,0.006509259259259259,0.0,0.027777777777777776,0.0,17,108
Successive-choice contribution,Upper 15%,dimension_color,first,blurred,CD,0.000574074074074074,0.0,0.009259259259259259,0.0,17,108
Successive-choice contribution,Upper 15%,dimension_color,first,blurred,CDF,0.01145138888888889,0.0,0.037037037037037035,0.10185185185185185,17,108
Successive-choice contribution,Upper 15%,dimension_color,first,blurred,CF,0.10312268518518518,0.046296296296296294,0.16666666666666666,0.21296296296296297,17,108
Successive-choice contribution,Upper 15%,dimension_color,first,blurred,CFD,0.006423611111111111,0.0,0.027777777777777776,0.0,17,108
Successive-choice contribution,Upper 15%,dimension_color,first,blurred,F,0.05883796296296296,0.018518518518518517,0.1111111111111111,0.009259259259259259,17,108
Successive-choice contribution,Upper 15%,dimension_color,first,blurred,FD,0.00225,0.0,0.009259259259259259,0.0,17,108
Successive-choice contribution,Upper 15%,dimension_color,first,blurred,FDC,0.0043819444444444435,0.0,0.018518518518518517,0.0,17,108
Successive-choice contribution,Upper 15%,dimension_color,first,blurred,FC,0.022196759259259256,0.0,0.05555555555555555,0.0,17,108
Successive-choice contribution,Upper 15%,dimension_color,first,blurred,FCD,0.0019884259259259256,0.0,0.009259259259259259,0.0,17,108
Successive-choice contribution,Upper 15%,dimension_form,second,blurred,D,0.0006828703703703704,0.0,0.009259259259259259,0.0,17,108
Successive-choice contribution,Upper 15%,dimension_form,second,blurred,DC,0.01232175925925926,0.0,0.037037037037037035,0.0,17,108
Successive-choice contribution,Upper 15%,dimension_form,second,blurred,DCF,0.1325,0.07407407407407407,0.19444444444444445,0.05555555555555555,17,108
Successive-choice contribution,Upper 15%,dimension_form,second,blurred,DF,0.06540972222222222,0.018518518518518517,0.1111111111111111,0.0,17,108
Successive-choice contribution,Upper 15%,dimension_form,second,blurred,DFC,0.011814814814814813,0.0,0.037037037037037035,0.0,17,108
Successive-choice contribution,Upper 15%,dimension_form,second,blurred,C,0.019053240740740742,0.0,0.046296296296296294,0.0,17,108
Successive-choice contribution,Upper 15%,dimension_form,second,blurred,CD,0.0004421296296296296,0.0,0.009259259259259259,0.0,17,108
Successive-choice contribution,Upper 15%,dimension_form,second,blurred,CDF,0.011310185185185184,0.0,0.037037037037037035,0.0,17,108
Successive-choice contribution,Upper 15%,dimension_form,second,blurred,CF,0.40932175925925923,0.3148148148148148,0.5,0.6759259259259259,17,108
Successive-choice contribution,Upper 15%,dimension_form,second,blurred,CFD,0.02453009259259259,0.0,0.05555555555555555,0.0,17,108
Successive-choice contribution,Upper 15%,dimension_form,second,blurred,F,0.2873101851851852,0.2037037037037037,0.37037037037037035,0.25925925925925924,17,108
Successive-choice contribution,Upper 15%,dimension_form,second,blurred,FD,0.00028935185185185184,0.0,0.009259259259259259,0.0,17,108
Successive-choice contribution,Upper 15%,dimension_form,second,blurred,FDC,0.0004976851851851852,0.0,0.009259259259259259,0.0,17,108
Successive-choice contribution,Upper 15%,dimension_form,second,blurred,FC,0.022789351851851852,0.0,0.05555555555555555,0.009259259259259259,17,108
Successive-choice contribution,Upper 15%,dimension_form,second,blurred,FCD,0.0017268518518518516,0.0,0.009259259259259259,0.0,17,108
Stable-order weighting,Lower 15%,color_form,both,sharp,D,0.0047305555555555556,0.0,0.022222222222222223,0.011111111111111112,17,90
Stable-order weighting,Lower 15%,color_form,both,sharp,DC,0.01610277777777778,0.0,0.044444444444444446,0.0,17,90
Stable-order weighting,Lower 15%,color_form,both,sharp,DCF,0.07161388888888888,0.022222222222222223,0.13333333333333333,0.011111111111111112,17,90
Stable-order weighting,Lower 15%,color_form,both,sharp,DF,0.04610277777777778,0.011111111111111112,0.08888888888888889,0.011111111111111112,17,90
Stable-order weighting,Lower 15%,color_form,both,sharp,DFC,0.02440833333333333,0.0,0.05555555555555555,0.0,17,90
Stable-order weighting,Lower 15%,color_form,both,sharp,C,0.0774611111111111,0.03333333333333333,0.13333333333333333,0.0,17,90
Stable-order weighting,Lower 15%,color_form,both,sharp,CD,0.0018305555555555558,0.0,0.011111111111111112,0.0,17,90
Stable-order weighting,Lower 15%,color_form,both,sharp,CDF,0.024538888888888884,0.0,0.05555555555555555,0.011111111111111112,17,90
Stable-order weighting,Lower 15%,color_form,both,sharp,CF,0.4267416666666667,0.32222222222222224,0.5333333333333333,0.8111111111111111,17,90
Stable-order weighting,Lower 15%,color_form,both,sharp,CFD,0.030713888888888884,0.0,0.06666666666666667,0.0,17,90
Stable-order weighting,Lower 15%,color_form,both,sharp,F,0.15631388888888886,0.08888888888888889,0.23333333333333334,0.0,17,90
Stable-order weighting,Lower 15%,color_form,both,sharp,FD,0.0019305555555555554,0.0,0.011111111111111112,0.0,17,90
Stable-order weighting,Lower 15%,color_form,both,sharp,FDC,0.005169444444444444,0.0,0.022222222222222223,0.0,17,90
Stable-order weighting,Lower 15%,color_form,both,sharp,FC,0.10586388888888888,0.044444444444444446,0.17777777777777778,0.14444444444444443,17,90
Stable-order weighting,Lower 15%,color_form,both,sharp,FCD,0.006477777777777778,0.0,0.022222222222222223,0.0,17,90
Stable-order weighting,Lower 15%,dimension_form,both,sharp,D,0.009016666666666666,0.0,0.03333333333333333,0.0,17,90
Stable-order weighting,Lower 15%,dimension_form,both,sharp,DC,0.0355,0.0,0.07777777777777778,0.05555555555555555,17,90
Stable-order weighting,Lower 15%,dimension_form,both,sharp,DCF,0.12020833333333333,0.05555555555555555,0.18888888888888888,0.05555555555555555,17,90
Stable-order weighting,Lower 15%,dimension_form,both,sharp,DF,0.06488888888888888,0.022222222222222223,0.12222222222222222,0.14444444444444443,17,90
Stable-order weighting,Lower 15%,dimension_form,both,sharp,DFC,0.034036111111111114,0.0,0.07777777777777778,0.022222222222222223,17,90
Stable-order weighting,Lower 15%,dimension_form,both,sharp,C,0.08978055555555556,0.03333333333333333,0.14444444444444443,0.1111111111111111,17,90
Stable-order weighting,Lower 15%,dimension_form,both,sharp,CD,0.003786111111111111,0.0,0.022222222222222223,0.0,17,90
Stable-order weighting,Lower 15%,dimension_form,both,sharp,CDF,0.04703611111111111,0.011111111111111112,0.08888888888888889,0.12222222222222222,17,90
Stable-order weighting,Lower 15%,dimension_form,both,sharp,CF,0.3645777777777778,0.26666666666666666,0.4666666666666667,0.37777777777777777,17,90
Stable-order weighting,Lower 15%,dimension_form,both,sharp,CFD,0.03281944444444444,0.0,0.07777777777777778,0.0,17,90
Stable-order weighting,Lower 15%,dimension_form,both,sharp,F,0.10362777777777778,0.044444444444444446,0.17777777777777778,0.0,17,90
Stable-order weighting,Lower 15%,dimension_form,both,sharp,FD,0.0022972222222222226,0.0,0.011111111111111112,0.011111111111111112,17,90
Stable-order weighting,Lower 15%,dimension_form,both,sharp,FDC,0.006552777777777777,0.0,0.022222222222222223,0.0,17,90
Stable-order weighting,Lower 15%,dimension_form,both,sharp,FC,0.07996111111111111,0.03333333333333333,0.14444444444444443,0.07777777777777778,17,90
Stable-order weighting,Lower 15%,dimension_form,both,sharp,FCD,0.005911111111111112,0.0,0.022222222222222223,0.022222222222222223,17,90
Stable-order weighting,Lower 15%,dimension_form,second,sharp,D,0.0016713483146067415,0.0,0.011235955056179775,0.0,17,89
Stable-order weighting,Lower 15%,dimension_form,second,sharp,DC,0.006626404494382022,0.0,0.02247191011235955,0.0,17,89
Stable-order weighting,Lower 15%,dimension_form,second,sharp,DCF,0.0389438202247191,0.0,0.07865168539325842,0.0,17,89
Stable-order weighting,Lower 15%,dimension_form,second,sharp,DF,0.025974719101123592,0.0,0.06741573033707865,0.0,17,89
Stable-order weighting,Lower 15%,dimension_form,second,sharp,DFC,0.015528089887640449,0.0,0.0449438202247191,0.0,17,89
Stable-order weighting,Lower 15%,dimension_form,second,sharp,C,0.0349747191011236,0.0,0.07865168539325842,0.02247191011235955,17,89
Stable-order weighting,Lower 15%,dimension_form,second,sharp,CD,0.0010112359550561796,0.0,0.011235955056179775,0.0,17,89
Stable-order weighting,Lower 15%,dimension_form,second,sharp,CDF,0.013828651685393257,0.0,0.0449438202247191,0.02247191011235955,17,89
Stable-order weighting,Lower 15%,dimension_form,second,sharp,CF,0.25190449438202245,0.16853932584269662,0.33707865168539325,0.4157303370786517,17,89
Stable-order weighting,Lower 15%,dimension_form,second,sharp,CFD,0.020016853932584268,0.0,0.056179775280898875,0.0,17,89
Stable-order weighting,Lower 15%,dimension_form,second,sharp,F,0.5144775280898876,0.4157303370786517,0.6179775280898876,0.48314606741573035,17,89
Stable-order weighting,Lower 15%,dimension_form,second,sharp,FD,0.001393258426966292,0.0,0.011235955056179775,0.0,17,89
Stable-order weighting,Lower 15%,dimension_form,second,sharp,FDC,0.003691011235955056,0.0,0.02247191011235955,0.0,17,89
Stable-order weighting,Lower 15%,dimension_form,second,sharp,FC,0.06541853932584268,0.02247191011235955,0.12359550561797752,0.056179775280898875,17,89
Stable-order weighting,Lower 15%,dimension_form,second,sharp,FCD,0.004539325842696629,0.0,0.02247191011235955,0.0,17,89
Stable-order weighting,Lower 15%,color_form,first,sharp,D,0.0033583333333333334,0.0,0.022222222222222223,0.022222222222222223,17,90
Stable-order weighting,Lower 15%,color_form,first,sharp,DC,0.03268055555555555,0.0,0.07777777777777778,0.011111111111111112,17,90
Stable-order weighting,Lower 15%,color_form,first,sharp,DCF,0.008755555555555555,0.0,0.03333333333333333,0.011111111111111112,17,90
Stable-order weighting,Lower 15%,color_form,first,sharp,DF,0.0017027777777777777,0.0,0.011111111111111112,0.0,17,90
Stable-order weighting,Lower 15%,color_form,first,sharp,DFC,0.002533333333333333,0.0,0.022222222222222223,0.0,17,90
Stable-order weighting,Lower 15%,color_form,first,sharp,C,0.8571138888888891,0.7888888888888889,0.9222222222222223,0.5111111111111111,17,90
Stable-order weighting,Lower 15%,color_form,first,sharp,CD,0.006375,0.0,0.022222222222222223,0.0,17,90
Stable-order weighting,Lower 15%,color_form,first,sharp,CDF,0.006769444444444444,0.0,0.022222222222222223,0.044444444444444446,17,90
Stable-order weighting,Lower 15%,color_form,first,sharp,CF,0.060069444444444446,0.022222222222222223,0.1111111111111111,0.3333333333333333,17,90
Stable-order weighting,Lower 15%,color_form,first,sharp,CFD,0.006116666666666667,0.0,0.022222222222222223,0.0,17,90
Stable-order weighting,Lower 15%,color_form,first,sharp,F,0.004458333333333334,0.0,0.022222222222222223,0.0,17,90
Stable-order weighting,Lower 15%,color_form,first,sharp,FD,0.0002472222222222222,0.0,0.0,0.0,17,90
Stable-order weighting,Lower 15%,color_form,first,sharp,FDC,0.0006222222222222223,0.0,0.011111111111111112,0.0,17,90
Stable-order weighting,Lower 15%,color_form,first,sharp,FC,0.008502777777777778,0.0,0.03333333333333333,0.06666666666666667,17,90
Stable-order weighting,Lower 15%,color_form,first,sharp,FCD,0.0006944444444444445,0.0,0.011111111111111112,0.0,17,90
Stable-order weighting,Lower 15%,dimension_color,both,sharp,D,0.00976111111111111,0.0,0.03333333333333333,0.0,17,90
Stable-order weighting,Lower 15%,dimension_color,both,sharp,DC,0.030038888888888886,0.0,0.06666666666666667,0.1,17,90
Stable-order weighting,Lower 15%,dimension_color,both,sharp,DCF,0.12304166666666666,0.05555555555555555,0.18888888888888888,0.16666666666666666,17,90
Stable-order weighting,Lower 15%,dimension_color,both,sharp,DF,0.10780833333333333,0.044444444444444446,0.17777777777777778,0.022222222222222223,17,90
Stable-order weighting,Lower 15%,dimension_color,both,sharp,DFC,0.04247222222222222,0.011111111111111112,0.08888888888888889,0.022222222222222223,17,90
Stable-order weighting,Lower 15%,dimension_color,both,sharp,C,0.05436111111111112,0.011111111111111112,0.1,0.0,17,90
Stable-order weighting,Lower 15%,dimension_color,both,sharp,CD,0.002583333333333333,0.0,0.011111111111111112,0.022222222222222223,17,90
Stable-order weighting,Lower 15%,dimension_color,both,sharp,CDF,0.034477777777777774,0.0,0.07777777777777778,0.08888888888888889,17,90
Stable-order weighting,Lower 15%,dimension_color,both,sharp,CF,0.29447222222222225,0.2,0.3888888888888889,0.4,17,90
Stable-order weighting,Lower 15%,dimension_color,both,sharp,CFD,0.027452777777777777,0.0,0.06666666666666667,0.022222222222222223,17,90
Stable-order weighting,Lower 15%,dimension_color,both,sharp,F,0.164125,0.08888888888888889,0.24444444444444444,0.06666666666666667,17,90
Stable-order weighting,Lower 15%,dimension_color,both,sharp,FD,0.0035333333333333336,0.0,0.022222222222222223,0.0,17,90
Stable-order weighting,Lower 15%,dimension_color,both,sharp,FDC,0.008016666666666665,0.0,0.03333333333333333,0.0,17,90
Stable-order weighting,Lower 15%,dimension_color,both,sharp,FC,0.09023333333333333,0.03333333333333333,0.15555555555555556,0.07777777777777778,17,90
Stable-order weighting,Lower 15%,dimension_color,both,sharp,FCD,0.007622222222222222,0.0,0.03333333333333333,0.011111111111111112,17,90
Stable-order weighting,Lower 15%,dimension_form,first,sharp,D,0.34854166666666664,0.25555555555555554,0.4444444444444444,0.3111111111111111,17,90
Stable-order weighting,Lower 15%,dimension_form,first,sharp,DC,0.06449722222222223,0.022222222222222223,0.12222222222222222,0.022222222222222223,17,90
Stable-order weighting,Lower 15%,dimension_form,first,sharp,DCF,0.16890277777777776,0.1,0.25555555555555554,0.06666666666666667,17,90
Stable-order weighting,Lower 15%,dimension_form,first,sharp,DF,0.048975,0.011111111111111112,0.1,0.05555555555555555,17,90
Stable-order weighting,Lower 15%,dimension_form,first,sharp,DFC,0.03415833333333333,0.0,0.07777777777777778,0.022222222222222223,17,90
Stable-order weighting,Lower 15%,dimension_form,first,sharp,C,0.05486111111111112,0.011111111111111112,0.1002777777777788,0.05555555555555555,17,90
Stable-order weighting,Lower 15%,dimension_form,first,sharp,CD,0.006405555555555556,0.0,0.022222222222222223,0.0,17,90
Stable-order weighting,Lower 15%,dimension_form,first,sharp,CDF,0.06642222222222222,0.022222222222222223,0.12222222222222222,0.06666666666666667,17,90
Stable-order weighting,Lower 15%,dimension_form,first,sharp,CF,0.11928333333333332,0.05555555555555555,0.18888888888888888,0.28888888888888886,17,90
Stable-order weighting,Lower 15%,dimension_form,first,sharp,CFD,0.015769444444444444,0.0,0.044444444444444446,0.0,17,90
Stable-order weighting,Lower 15%,dimension_form,first,sharp,F,0.029575,0.0,0.06666666666666667,0.011111111111111112,17,90
Stable-order weighting,Lower 15%,dimension_form,first,sharp,FD,0.0019166666666666668,0.0,0.011111111111111112,0.011111111111111112,17,90
Stable-order weighting,Lower 15%,dimension_form,first,sharp,FDC,0.006369444444444444,0.0,0.022222222222222223,0.011111111111111112,17,90
Stable-order weighting,Lower 15%,dimension_form,first,sharp,FC,0.030255555555555553,0.0,0.06666666666666667,0.06666666666666667,17,90
Stable-order weighting,Lower 15%,dimension_form,first,sharp,FCD,0.004066666666666666,0.0,0.022222222222222223,0.011111111111111112,17,90
Stable-order weighting,Lower 15%,dimension_color,second,sharp,D,0.004655555555555556,0.0,0.022222222222222223,0.0,17,90
Stable-order weighting,Lower 15%,dimension_color,second,sharp,DC,0.03169444444444444,0.0,0.06666666666666667,0.0,17,90
Stable-order weighting,Lower 15%,dimension_color,second,sharp,DCF,0.013908333333333332,0.0,0.044444444444444446,0.0,17,90
Stable-order weighting,Lower 15%,dimension_color,second,sharp,DF,0.005772222222222222,0.0,0.022222222222222223,0.0,17,90
Stable-order weighting,Lower 15%,dimension_color,second,sharp,DFC,0.005091666666666667,0.0,0.022222222222222223,0.0,17,90
Stable-order weighting,Lower 15%,dimension_color,second,sharp,C,0.7984833333333333,0.7222222222222222,0.8777777777777778,0.5333333333333333,17,90
Stable-order weighting,Lower 15%,dimension_color,second,sharp,CD,0.004855555555555556,0.0,0.022222222222222223,0.0,17,90
Stable-order weighting,Lower 15%,dimension_color,second,sharp,CDF,0.006438888888888889,0.0,0.022222222222222223,0.011111111111111112,17,90
Stable-order weighting,Lower 15%,dimension_color,second,sharp,CF,0.08361666666666666,0.03333333333333333,0.14444444444444443,0.37777777777777777,17,90
Stable-order weighting,Lower 15%,dimension_color,second,sharp,CFD,0.007375,0.0,0.03333333333333333,0.0,17,90
Stable-order weighting,Lower 15%,dimension_color,second,sharp,F,0.015616666666666666,0.0,0.044444444444444446,0.011111111111111112,17,90
Stable-order weighting,Lower 15%,dimension_color,second,sharp,FD,0.0005055555555555555,0.0,0.011111111111111112,0.0,17,90
Stable-order weighting,Lower 15%,dimension_color,second,sharp,FDC,0.0011833333333333333,0.0,0.011111111111111112,0.0,17,90
Stable-order weighting,Lower 15%,dimension_color,second,sharp,FC,0.019352777777777778,0.0,0.05555555555555555,0.06666666666666667,17,90
Stable-order weighting,Lower 15%,dimension_color,second,sharp,FCD,0.0014500000000000001,0.0,0.011111111111111112,0.0,17,90
Stable-order weighting,Lower 15%,dimension_color,first,sharp,D,0.32053651685393253,0.2247191011235955,0.4157303370786517,0.3595505617977528,17,89
Stable-order weighting,Lower 15%,dimension_color,first,sharp,DC,0.020907303370786515,0.0,0.056179775280898875,0.0,17,89
Stable-order weighting,Lower 15%,dimension_color,first,sharp,DCF,0.10842134831460674,0.0449438202247191,0.1797752808988764,0.07865168539325842,17,89
Stable-order weighting,Lower 15%,dimension_color,first,sharp,DF,0.21165168539325843,0.12359550561797752,0.30337078651685395,0.033707865168539325,17,89
Stable-order weighting,Lower 15%,dimension_color,first,sharp,DFC,0.059733146067415734,0.011235955056179775,0.11235955056179775,0.011235955056179775,17,89
Stable-order weighting,Lower 15%,dimension_color,first,sharp,C,0.011143258426966292,0.0,0.033707865168539325,0.0,17,89
Stable-order weighting,Lower 15%,dimension_color,first,sharp,CD,0.001308988764044944,0.0,0.011235955056179775,0.0,17,89
Stable-order weighting,Lower 15%,dimension_color,first,sharp,CDF,0.01891573033707865,0.0,0.056179775280898875,0.056179775280898875,17,89
Stable-order weighting,Lower 15%,dimension_color,first,sharp,CF,0.07568820224719101,0.02247191011235955,0.1348314606741573,0.33707865168539325,17,89
Stable-order weighting,Lower 15%,dimension_color,first,sharp,CFD,0.01047752808988764,0.0,0.033707865168539325,0.011235955056179775,17,89
Stable-order weighting,Lower 15%,dimension_color,first,sharp,F,0.0989185393258427,0.0449438202247191,0.16853932584269662,0.06741573033707865,17,89
Stable-order weighting,Lower 15%,dimension_color,first,sharp,FD,0.007820224719101123,0.0,0.033707865168539325,0.011235955056179775,17,89
Stable-order weighting,Lower 15%,dimension_color,first,sharp,FDC,0.011629213483146068,0.0,0.033707865168539325,0.0,17,89
Stable-order weighting,Lower 15%,dimension_color,first,sharp,FC,0.037550561797752804,0.0,0.07865168539325842,0.033707865168539325,17,89
Stable-order weighting,Lower 15%,dimension_color,first,sharp,FCD,0.005297752808988763,0.0,0.02247191011235955,0.0,17,89
Stable-order weighting,Lower 15%,color_form,second,sharp,D,0.0022222222222222222,0.0,0.011111111111111112,0.0,17,90
Stable-order weighting,Lower 15%,color_form,second,sharp,DC,0.003938888888888889,0.0,0.022222222222222223,0.0,17,90
Stable-order weighting,Lower 15%,color_form,second,sharp,DCF,0.02915,0.0,0.06666666666666667,0.0,17,90
Stable-order weighting,Lower 15%,color_form,second,sharp,DF,0.06344722222222221,0.022222222222222223,0.12222222222222222,0.022222222222222223,17,90
Stable-order weighting,Lower 15%,color_form,second,sharp,DFC,0.019352777777777774,0.0,0.05555555555555555,0.0,17,90
Stable-order weighting,Lower 15%,color_form,second,sharp,C,0.008455555555555556,0.0,0.03333333333333333,0.0,17,90
Stable-order weighting,Lower 15%,color_form,second,sharp,CD,0.00046666666666666666,0.0,0.011111111111111112,0.0,17,90
Stable-order weighting,Lower 15%,color_form,second,sharp,CDF,0.0058583333333333334,0.0,0.022222222222222223,0.0,17,90
Stable-order weighting,Lower 15%,color_form,second,sharp,CF,0.10199722222222223,0.044444444444444446,0.16666666666666666,0.4,17,90
Stable-order weighting,Lower 15%,color_form,second,sharp,CFD,0.008305555555555554,0.0,0.03333333333333333,0.0,17,90
Stable-order weighting,Lower 15%,color_form,second,sharp,F,0.690422222222222,0.5997222222222223,0.7777777777777778,0.5111111111111111,17,90
Stable-order weighting,Lower 15%,color_form,second,sharp,FD,0.0029000000000000002,0.0,0.022222222222222223,0.0,17,90
Stable-order weighting,Lower 15%,color_form,second,sharp,FDC,0.004747222222222222,0.0,0.022222222222222223,0.0,17,90
Stable-order weighting,Lower 15%,color_form,second,sharp,FC,0.05435277777777778,0.011111111111111112,0.1,0.06666666666666667,17,90
Stable-order weighting,Lower 15%,color_form,second,sharp,FCD,0.004383333333333333,0.0,0.022222222222222223,0.0,17,90
Stable-order weighting,Lower 15%,dimension_color,first,blurred,D,0.0515766129032258,0.0,0.11290322580645161,0.06451612903225806,17,62
Stable-order weighting,Lower 15%,dimension_color,first,blurred,DC,0.019088709677419352,0.0,0.06451612903225806,0.0,17,62
Stable-order weighting,Lower 15%,dimension_color,first,blurred,DCF,0.11900806451612903,0.04838709677419355,0.20967741935483872,0.06451612903225806,17,62
Stable-order weighting,Lower 15%,dimension_color,first,blurred,DF,0.20976612903225805,0.11290322580645161,0.3225806451612903,0.0967741935483871,17,62
Stable-order weighting,Lower 15%,dimension_color,first,blurred,DFC,0.06565322580645161,0.016129032258064516,0.12903225806451613,0.11290322580645161,17,62
Stable-order weighting,Lower 15%,dimension_color,first,blurred,C,0.021741935483870965,0.0,0.06451612903225806,0.03225806451612903,17,62
Stable-order weighting,Lower 15%,dimension_color,first,blurred,CD,0.0018870967741935482,0.0,0.016129032258064516,0.016129032258064516,17,62
Stable-order weighting,Lower 15%,dimension_color,first,blurred,CDF,0.025124999999999998,0.0,0.06451612903225806,0.1935483870967742,17,62
Stable-order weighting,Lower 15%,dimension_color,first,blurred,CF,0.1685564516129032,0.08064516129032258,0.25806451612903225,0.1774193548387097,17,62
Stable-order weighting,Lower 15%,dimension_color,first,blurred,CFD,0.016229838709677417,0.0,0.04838709677419355,0.0,17,62
Stable-order weighting,Lower 15%,dimension_color,first,blurred,F,0.18159274193548383,0.0967741935483871,0.27419354838709675,0.04838709677419355,17,62
Stable-order weighting,Lower 15%,dimension_color,first,blurred,FD,0.010387096774193546,0.0,0.04838709677419355,0.016129032258064516,17,62
Stable-order weighting,Lower 15%,dimension_color,first,blurred,FDC,0.015064516129032255,0.0,0.04838709677419355,0.016129032258064516,17,62
Stable-order weighting,Lower 15%,dimension_color,first,blurred,FC,0.08608467741935483,0.016129032258064516,0.16129032258064516,0.12903225806451613,17,62
Stable-order weighting,Lower 15%,dimension_color,first,blurred,FCD,0.008237903225806451,0.0,0.03225806451612903,0.03225806451612903,17,62
Stable-order weighting,Lower 15%,color_form,second,blurred,D,0.0014126984126984125,0.0,0.015873015873015872,0.0,17,63
Stable-order weighting,Lower 15%,color_form,second,blurred,DC,0.003337301587301587,0.0,0.015873015873015872,0.0,17,63
Stable-order weighting,Lower 15%,color_form,second,blurred,DCF,0.02893253968253968,0.0,0.07936507936507936,0.0,17,63
Stable-order weighting,Lower 15%,color_form,second,blurred,DF,0.05212301587301587,0.0,0.1111111111111111,0.0,17,63
Stable-order weighting,Lower 15%,color_form,second,blurred,DFC,0.019313492063492064,0.0,0.06349206349206349,0.0,17,63
Stable-order weighting,Lower 15%,color_form,second,blurred,C,0.008575396825396826,0.0,0.031746031746031744,0.0,17,63
Stable-order weighting,Lower 15%,color_form,second,blurred,CD,0.00038492063492063486,0.0,0.0,0.0,17,63
Stable-order weighting,Lower 15%,color_form,second,blurred,CDF,0.0061111111111111106,0.0,0.031746031746031744,0.0,17,63
Stable-order weighting,Lower 15%,color_form,second,blurred,CF,0.12191666666666666,0.047619047619047616,0.20634920634920634,0.09523809523809523,17,63
Stable-order weighting,Lower 15%,color_form,second,blurred,CFD,0.009527777777777779,0.0,0.031746031746031744,0.015873015873015872,17,63
Stable-order weighting,Lower 15%,color_form,second,blurred,F,0.6689999999999999,0.5555555555555556,0.7777777777777778,0.6666666666666666,17,63
Stable-order weighting,Lower 15%,color_form,second,blurred,FD,0.0029603174603174604,0.0,0.015873015873015872,0.0,17,63
Stable-order weighting,Lower 15%,color_form,second,blurred,FDC,0.004880952380952381,0.0,0.031746031746031744,0.0,17,63
Stable-order weighting,Lower 15%,color_form,second,blurred,FC,0.06611507936507936,0.015873015873015872,0.12698412698412698,0.2222222222222222,17,63
Stable-order weighting,Lower 15%,color_form,second,blurred,FCD,0.005408730158730159,0.0,0.031746031746031744,0.0,17,63
Stable-order weighting,Lower 15%,dimension_color,second,blurred,D,0.00269047619047619,0.0,0.015873015873015872,0.0,17,63
Stable-order weighting,Lower 15%,dimension_color,second,blurred,DC,0.02195238095238095,0.0,0.06349206349206349,0.0,17,63
Stable-order weighting,Lower 15%,dimension_color,second,blurred,DCF,0.011849206349206349,0.0,0.047619047619047616,0.0,17,63
Stable-order weighting,Lower 15%,dimension_color,second,blurred,DF,0.004384920634920635,0.0,0.031746031746031744,0.0,17,63
Stable-order weighting,Lower 15%,dimension_color,second,blurred,DFC,0.005432539682539682,0.0,0.031746031746031744,0.0,17,63
Stable-order weighting,Lower 15%,dimension_color,second,blurred,C,0.7813690476190477,0.6825396825396826,0.873015873015873,0.47619047619047616,17,63
Stable-order weighting,Lower 15%,dimension_color,second,blurred,CD,0.00405952380952381,0.0,0.031746031746031744,0.0,17,63
Stable-order weighting,Lower 15%,dimension_color,second,blurred,CDF,0.004956349206349206,0.0,0.031746031746031744,0.047619047619047616,17,63
Stable-order weighting,Lower 15%,dimension_color,second,blurred,CF,0.10657142857142857,0.031746031746031744,0.19047619047619047,0.25396825396825395,17,63
Stable-order weighting,Lower 15%,dimension_color,second,blurred,CFD,0.009126984126984126,0.0,0.031746031746031744,0.0,17,63
Stable-order weighting,Lower 15%,dimension_color,second,blurred,F,0.016563492063492065,0.0,0.047619047619047616,0.06349206349206349,17,63
Stable-order weighting,Lower 15%,dimension_color,second,blurred,FD,0.0004682539682539682,0.0,0.015873015873015872,0.0,17,63
Stable-order weighting,Lower 15%,dimension_color,second,blurred,FDC,0.0014206349206349206,0.0,0.015873015873015872,0.0,17,63
Stable-order weighting,Lower 15%,dimension_color,second,blurred,FC,0.027730158730158726,0.0,0.07936507936507936,0.15873015873015872,17,63
Stable-order weighting,Lower 15%,dimension_color,second,blurred,FCD,0.0014246031746031743,0.0,0.015873015873015872,0.0,17,63
Stable-order weighting,Lower 15%,dimension_form,both,blurred,D,0.003395161290322581,0.0,0.016129032258064516,0.0,17,62
Stable-order weighting,Lower 15%,dimension_form,both,blurred,DC,0.01858870967741935,0.0,0.06451612903225806,0.0,17,62
Stable-order weighting,Lower 15%,dimension_form,both,blurred,DCF,0.08499193548387095,0.016129032258064516,0.16129032258064516,0.0967741935483871,17,62
Stable-order weighting,Lower 15%,dimension_form,both,blurred,DF,0.0309516129032258,0.0,0.08064516129032258,0.12903225806451613,17,62
Stable-order weighting,Lower 15%,dimension_form,both,blurred,DFC,0.027737903225806448,0.0,0.08064516129032258,0.14516129032258066,17,62
Stable-order weighting,Lower 15%,dimension_form,both,blurred,C,0.07741129032258062,0.016129032258064516,0.14516129032258066,0.04838709677419355,17,62
Stable-order weighting,Lower 15%,dimension_form,both,blurred,CD,0.0039314516129032254,0.0,0.016129032258064516,0.016129032258064516,17,62
Stable-order weighting,Lower 15%,dimension_form,both,blurred,CDF,0.0513266129032258,0.0,0.11290322580645161,0.22580645161290322,17,62
Stable-order weighting,Lower 15%,dimension_form,both,blurred,CF,0.45341935483870965,0.3225806451612903,0.5806451612903226,0.16129032258064516,17,62
Stable-order weighting,Lower 15%,dimension_form,both,blurred,CFD,0.03964516129032258,0.0,0.0967741935483871,0.016129032258064516,17,62
Stable-order weighting,Lower 15%,dimension_form,both,blurred,F,0.08785080645161289,0.016129032258064516,0.16129032258064516,0.04838709677419355,17,62
Stable-order weighting,Lower 15%,dimension_form,both,blurred,FD,0.0017782258064516128,0.0,0.016129032258064516,0.0,17,62
Stable-order weighting,Lower 15%,dimension_form,both,blurred,FDC,0.006379032258064516,0.0,0.03225806451612903,0.0,17,62
Stable-order weighting,Lower 15%,dimension_form,both,blurred,FC,0.10642338709677418,0.03225806451612903,0.1935483870967742,0.0967741935483871,17,62
Stable-order weighting,Lower 15%,dimension_form,both,blurred,FCD,0.006169354838709678,0.0,0.03225806451612903,0.016129032258064516,17,62
Stable-order weighting,Lower 15%,color_form,first,blurred,D,0.0028492063492063487,0.0,0.015873015873015872,0.0,17,63
Stable-order weighting,Lower 15%,color_form,first,blurred,DC,0.030734126984126985,0.0,0.07936507936507936,0.015873015873015872,17,63
Stable-order weighting,Lower 15%,color_form,first,blurred,DCF,0.008265873015873016,0.0,0.031746031746031744,0.015873015873015872,17,63
Stable-order weighting,Lower 15%,color_form,first,blurred,DF,0.001611111111111111,0.0,0.015873015873015872,0.0,17,63
Stable-order weighting,Lower 15%,color_form,first,blurred,DFC,0.003170634920634921,0.0,0.015873015873015872,0.0,17,63
Stable-order weighting,Lower 15%,color_form,first,blurred,C,0.8477420634920636,0.746031746031746,0.9365079365079365,0.5714285714285714,17,63
Stable-order weighting,Lower 15%,color_form,first,blurred,CD,0.008595238095238095,0.0,0.031746031746031744,0.0,17,63
Stable-order weighting,Lower 15%,color_form,first,blurred,CDF,0.008218253968253968,0.0,0.031746031746031744,0.06349206349206349,17,63
Stable-order weighting,Lower 15%,color_form,first,blurred,CF,0.06462698412698413,0.015873015873015872,0.12698412698412698,0.1746031746031746,17,63
Stable-order weighting,Lower 15%,color_form,first,blurred,CFD,0.00594047619047619,0.0,0.031746031746031744,0.0,17,63
Stable-order weighting,Lower 15%,color_form,first,blurred,F,0.004063492063492063,0.0,0.031746031746031744,0.0,17,63
Stable-order weighting,Lower 15%,color_form,first,blurred,FD,0.00029365079365079364,0.0,0.0,0.0,17,63
Stable-order weighting,Lower 15%,color_form,first,blurred,FDC,0.0010436507936507934,0.0,0.015873015873015872,0.015873015873015872,17,63
Stable-order weighting,Lower 15%,color_form,first,blurred,FC,0.012011904761904762,0.0,0.047619047619047616,0.14285714285714285,17,63
Stable-order weighting,Lower 15%,color_form,first,blurred,FCD,0.0008333333333333333,0.0,0.015873015873015872,0.0,17,63
Stable-order weighting,Lower 15%,color_form,both,blurred,D,0.0032380952380952383,0.0,0.015873015873015872,0.0,17,63
Stable-order weighting,Lower 15%,color_form,both,blurred,DC,0.014472222222222221,0.0,0.047619047619047616,0.0,17,63
Stable-order weighting,Lower 15%,color_form,both,blurred,DCF,0.07740476190476189,0.015873015873015872,0.14285714285714285,0.031746031746031744,17,63
Stable-order weighting,Lower 15%,color_form,both,blurred,DF,0.04095238095238095,0.0,0.09523809523809523,0.0,17,63
Stable-order weighting,Lower 15%,color_form,both,blurred,DFC,0.027619047619047616,0.0,0.07936507936507936,0.0,17,63
Stable-order weighting,Lower 15%,color_form,both,blurred,C,0.06089285714285714,0.015873015873015872,0.12698412698412698,0.031746031746031744,17,63
Stable-order weighting,Lower 15%,color_form,both,blurred,CD,0.0023928571428571428,0.0,0.015873015873015872,0.0,17,63
Stable-order weighting,Lower 15%,color_form,both,blurred,CDF,0.03053174603174603,0.0,0.07936507936507936,0.047619047619047616,17,63
Stable-order weighting,Lower 15%,color_form,both,blurred,CF,0.4397063492063492,0.31746031746031744,0.5555555555555556,0.5873015873015873,17,63
Stable-order weighting,Lower 15%,color_form,both,blurred,CFD,0.03565873015873016,0.0,0.07936507936507936,0.015873015873015872,17,63
Stable-order weighting,Lower 15%,color_form,both,blurred,F,0.12969444444444442,0.047619047619047616,0.2222222222222222,0.031746031746031744,17,63
Stable-order weighting,Lower 15%,color_form,both,blurred,FD,0.0023650793650793647,0.0,0.015873015873015872,0.015873015873015872,17,63
Stable-order weighting,Lower 15%,color_form,both,blurred,FDC,0.006773809523809524,0.0,0.031746031746031744,0.0,17,63
Stable-order weighting,Lower 15%,color_form,both,blurred,FC,0.12142460317460316,0.047619047619047616,0.20634920634920634,0.23809523809523808,17,63
Stable-order weighting,Lower 15%,color_form,both,blurred,FCD,0.006873015873015874,0.0,0.031746031746031744,0.0,17,63
Stable-order weighting,Lower 15%,dimension_form,second,blurred,D,0.0009087301587301587,0.0,0.015873015873015872,0.0,17,63
Stable-order weighting,Lower 15%,dimension_form,second,blurred,DC,0.004488095238095238,0.0,0.031746031746031744,0.0,17,63
Stable-order weighting,Lower 15%,dimension_form,second,blurred,DCF,0.031166666666666662,0.0,0.07936507936507936,0.0,17,63
Stable-order weighting,Lower 15%,dimension_form,second,blurred,DF,0.017674603174603173,0.0,0.047619047619047616,0.0,17,63
Stable-order weighting,Lower 15%,dimension_form,second,blurred,DFC,0.01442063492063492,0.0,0.047619047619047616,0.0,17,63
Stable-order weighting,Lower 15%,dimension_form,second,blurred,C,0.029781746031746027,0.0,0.07936507936507936,0.015873015873015872,17,63
Stable-order weighting,Lower 15%,dimension_form,second,blurred,CD,0.000984126984126984,0.0,0.015873015873015872,0.0,17,63
Stable-order weighting,Lower 15%,dimension_form,second,blurred,CDF,0.013345238095238094,0.0,0.047619047619047616,0.0,17,63
Stable-order weighting,Lower 15%,dimension_form,second,blurred,CF,0.3117579365079365,0.20634920634920634,0.42857142857142855,0.15873015873015872,17,63
Stable-order weighting,Lower 15%,dimension_form,second,blurred,CFD,0.02754365079365079,0.0,0.07936507936507936,0.0,17,63
Stable-order weighting,Lower 15%,dimension_form,second,blurred,F,0.4567976190476191,0.3333333333333333,0.5873015873015873,0.6666666666666666,17,63
Stable-order weighting,Lower 15%,dimension_form,second,blurred,FD,0.0013134920634920633,0.0,0.015873015873015872,0.0,17,63
Stable-order weighting,Lower 15%,dimension_form,second,blurred,FDC,0.003761904761904762,0.0,0.015873015873015872,0.0,17,63
Stable-order weighting,Lower 15%,dimension_form,second,blurred,FC,0.0815,0.015873015873015872,0.15873015873015872,0.15873015873015872,17,63
Stable-order weighting,Lower 15%,dimension_form,second,blurred,FCD,0.004555555555555556,0.0,0.031746031746031744,0.0,17,63
Stable-order weighting,Lower 15%,dimension_color,both,blurred,D,0.0043055555555555555,0.0,0.031746031746031744,0.0,17,63
Stable-order weighting,Lower 15%,dimension_color,both,blurred,DC,0.016380952380952378,0.0,0.047619047619047616,0.015873015873015872,17,63
Stable-order weighting,Lower 15%,dimension_color,both,blurred,DCF,0.09228571428571428,0.031746031746031744,0.1746031746031746,0.14285714285714285,17,63
Stable-order weighting,Lower 15%,dimension_color,both,blurred,DF,0.06223015873015872,0.015873015873015872,0.12698412698412698,0.031746031746031744,17,63
Stable-order weighting,Lower 15%,dimension_color,both,blurred,DFC,0.035698412698412695,0.0,0.07936507936507936,0.1111111111111111,17,63
Stable-order weighting,Lower 15%,dimension_color,both,blurred,C,0.05107936507936508,0.0,0.1111111111111111,0.047619047619047616,17,63
Stable-order weighting,Lower 15%,dimension_color,both,blurred,CD,0.0026309523809523805,0.0,0.015873015873015872,0.0,17,63
Stable-order weighting,Lower 15%,dimension_color,both,blurred,CDF,0.03550396825396825,0.0,0.07936507936507936,0.15873015873015872,17,63
Stable-order weighting,Lower 15%,dimension_color,both,blurred,CF,0.37057142857142855,0.25396825396825395,0.49206349206349204,0.1746031746031746,17,63
Stable-order weighting,Lower 15%,dimension_color,both,blurred,CFD,0.03215873015873016,0.0,0.07936507936507936,0.015873015873015872,17,63
Stable-order weighting,Lower 15%,dimension_color,both,blurred,F,0.1543174603174603,0.07936507936507936,0.25396825396825395,0.12698412698412698,17,63
Stable-order weighting,Lower 15%,dimension_color,both,blurred,FD,0.0035357142857142857,0.0,0.015873015873015872,0.0,17,63
Stable-order weighting,Lower 15%,dimension_color,both,blurred,FDC,0.008456349206349205,0.0,0.031746031746031744,0.015873015873015872,17,63
Stable-order weighting,Lower 15%,dimension_color,both,blurred,FC,0.12220238095238094,0.047619047619047616,0.20634920634920634,0.15873015873015872,17,63
Stable-order weighting,Lower 15%,dimension_color,both,blurred,FCD,0.008642857142857143,0.0,0.031746031746031744,0.0,17,63
Stable-order weighting,Lower 15%,dimension_form,first,blurred,D,0.04802083333333333,0.0,0.1,0.1,17,60
Stable-order weighting,Lower 15%,dimension_form,first,blurred,DC,0.04837500000000001,0.0,0.11666666666666667,0.0,17,60
Stable-order weighting,Lower 15%,dimension_form,first,blurred,DCF,0.1596,0.06666666666666667,0.26666666666666666,0.05,17,60
Stable-order weighting,Lower 15%,dimension_form,first,blurred,DF,0.04166666666666667,0.0,0.1,0.06666666666666667,17,60
Stable-order weighting,Lower 15%,dimension_form,first,blurred,DFC,0.03860416666666667,0.0,0.1,0.08333333333333333,17,60
Stable-order weighting,Lower 15%,dimension_form,first,blurred,C,0.09720000000000001,0.03333333333333333,0.18333333333333332,0.13333333333333333,17,60
Stable-order weighting,Lower 15%,dimension_form,first,blurred,CD,0.008504166666666667,0.0,0.03333333333333333,0.0,17,60
Stable-order weighting,Lower 15%,dimension_form,first,blurred,CDF,0.09671666666666667,0.03333333333333333,0.16666666666666666,0.13333333333333333,17,60
Stable-order weighting,Lower 15%,dimension_form,first,blurred,CF,0.29015416666666666,0.18333333333333332,0.4166666666666667,0.2833333333333333,17,60
Stable-order weighting,Lower 15%,dimension_form,first,blurred,CFD,0.02824583333333333,0.0,0.08333333333333333,0.0,17,60
Stable-order weighting,Lower 15%,dimension_form,first,blurred,F,0.051125,0.0,0.11666666666666667,0.016666666666666666,17,60
Stable-order weighting,Lower 15%,dimension_form,first,blurred,FD,0.0022666666666666673,0.0,0.016666666666666666,0.0,17,60
Stable-order weighting,Lower 15%,dimension_form,first,blurred,FDC,0.008483333333333332,0.0,0.03333333333333333,0.0,17,60
Stable-order weighting,Lower 15%,dimension_form,first,blurred,FC,0.07486250000000001,0.016666666666666666,0.15,0.13333333333333333,17,60
Stable-order weighting,Lower 15%,dimension_form,first,blurred,FCD,0.006175000000000001,0.0,0.03333333333333333,0.0,17,60
Stable-order weighting,Middle 70%,color_form,first,sharp,D,0.003017615176151762,0.0,0.008130081300813009,0.005420054200542005,79,369
Stable-order weighting,Middle 70%,color_form,first,sharp,DC,0.06340379403794037,0.04065040650406504,0.08943089430894309,0.005420054200542005,79,369
Stable-order weighting,Middle 70%,color_form,first,sharp,DCF,0.01678184281842818,0.005420054200542005,0.02981029810298103,0.032520325203252036,79,369
Stable-order weighting,Middle 70%,color_form,first,sharp,DF,0.003152439024390244,0.0,0.01084010840108401,0.013550135501355014,79,369
Stable-order weighting,Middle 70%,color_form,first,sharp,DFC,0.0024728997289972902,0.0,0.008130081300813009,0.01084010840108401,79,369
Stable-order weighting,Middle 70%,color_form,first,sharp,C,0.8308651761517615,0.7940379403794038,0.8672086720867209,0.7371273712737128,79,369
Stable-order weighting,Middle 70%,color_form,first,sharp,CD,0.0017215447154471546,0.0,0.008130081300813009,0.0,79,369
Stable-order weighting,Middle 70%,color_form,first,sharp,CDF,0.004625338753387534,0.0,0.013550135501355014,0.008130081300813009,79,369
Stable-order weighting,Middle 70%,color_form,first,sharp,CF,0.062476287262872625,0.037940379403794036,0.08672086720867209,0.17615176151761516,79,369
Stable-order weighting,Middle 70%,color_form,first,sharp,CFD,0.0026951219512195124,0.0,0.008130081300813009,0.0,79,369
Stable-order weighting,Middle 70%,color_form,first,sharp,F,0.0040277777777777786,0.0,0.01084010840108401,0.0,79,369
Stable-order weighting,Middle 70%,color_form,first,sharp,FD,0.00018970189701897016,0.0,0.0027100271002710027,0.0,79,369
Stable-order weighting,Middle 70%,color_form,first,sharp,FDC,0.0003008130081300813,0.0,0.0027100271002710027,0.0,79,369
Stable-order weighting,Middle 70%,color_form,first,sharp,FC,0.003997967479674798,0.0,0.01084010840108401,0.01084010840108401,79,369
Stable-order weighting,Middle 70%,color_form,first,sharp,FCD,0.000271680216802168,0.0,0.0027100271002710027,0.0,79,369
Stable-order weighting,Middle 70%,dimension_color,second,sharp,D,0.004477642276422765,0.0,0.013550135501355014,0.0,79,369
Stable-order weighting,Middle 70%,dimension_color,second,sharp,DC,0.06145121951219512,0.037940379403794036,0.08672086720867209,0.0027100271002710027,79,369
Stable-order weighting,Middle 70%,dimension_color,second,sharp,DCF,0.025371951219512193,0.01084010840108401,0.04336043360433604,0.0027100271002710027,79,369
Stable-order weighting,Middle 70%,dimension_color,second,sharp,DF,0.01148238482384824,0.0027100271002710027,0.024390243902439025,0.0,79,369
Stable-order weighting,Middle 70%,dimension_color,second,sharp,DFC,0.005190379403794038,0.0,0.013550135501355014,0.008130081300813009,79,369
Stable-order weighting,Middle 70%,dimension_color,second,sharp,C,0.7796504065040651,0.7371273712737128,0.8211382113821138,0.7560975609756098,79,369
Stable-order weighting,Middle 70%,dimension_color,second,sharp,CD,0.0013252032520325203,0.0,0.005420054200542005,0.0,79,369
Stable-order weighting,Middle 70%,dimension_color,second,sharp,CDF,0.0038258807588075886,0.0,0.01084010840108401,0.0027100271002710027,79,369
Stable-order weighting,Middle 70%,dimension_color,second,sharp,CF,0.08021476964769648,0.05420054200542006,0.1111111111111111,0.19241192411924118,79,369
Stable-order weighting,Middle 70%,dimension_color,second,sharp,CFD,0.003111788617886179,0.0,0.01084010840108401,0.0,79,369
Stable-order weighting,Middle 70%,dimension_color,second,sharp,F,0.014361788617886178,0.005420054200542005,0.02710027100271003,0.024390243902439025,79,369
Stable-order weighting,Middle 70%,dimension_color,second,sharp,FD,0.00023644986449864496,0.0,0.0027100271002710027,0.0,79,369
Stable-order weighting,Middle 70%,dimension_color,second,sharp,FDC,0.0004512195121951219,0.0,0.0027100271002710027,0.0,79,369
Stable-order weighting,Middle 70%,dimension_color,second,sharp,FC,0.008442411924119242,0.0,0.018970189701897018,0.01084010840108401,79,369
Stable-order weighting,Middle 70%,dimension_color,second,sharp,FCD,0.0004065040650406504,0.0,0.0027100271002710027,0.0,79,369
Stable-order weighting,Middle 70%,dimension_color,both,sharp,D,0.006112092391304347,0.0,0.016304347826086956,0.0,79,368
Stable-order weighting,Middle 70%,dimension_color,both,sharp,DC,0.050883152173913045,0.029891304347826088,0.07336956521739131,0.21195652173913043,79,368
Stable-order weighting,Middle 70%,dimension_color,both,sharp,DCF,0.21577921195652172,0.17391304347826086,0.2608695652173913,0.3342391304347826,79,368
Stable-order weighting,Middle 70%,dimension_color,both,sharp,DF,0.23038179347826088,0.1875,0.27445652173913043,0.13043478260869565,79,368
Stable-order weighting,Middle 70%,dimension_color,both,sharp,DFC,0.05073641304347826,0.029891304347826088,0.07608695652173914,0.035326086956521736,79,368
Stable-order weighting,Middle 70%,dimension_color,both,sharp,C,0.03897826086956522,0.019021739130434784,0.0625,0.0,79,368
Stable-order weighting,Middle 70%,dimension_color,both,sharp,CD,0.0006841032608695652,0.0,0.005434782608695652,0.005434782608695652,79,368
Stable-order weighting,Middle 70%,dimension_color,both,sharp,CDF,0.016468070652173913,0.005434782608695652,0.029891304347826088,0.016304347826086956,79,368
Stable-order weighting,Middle 70%,dimension_color,both,sharp,CF,0.21289334239130434,0.17119565217391305,0.2554347826086957,0.16304347826086957,79,368
Stable-order weighting,Middle 70%,dimension_color,both,sharp,CFD,0.007858695652173913,0.0,0.019021739130434784,0.0,79,368
Stable-order weighting,Middle 70%,dimension_color,both,sharp,F,0.12588722826086957,0.09239130434782608,0.16032608695652173,0.09239130434782608,79,368
Stable-order weighting,Middle 70%,dimension_color,both,sharp,FD,0.000813179347826087,0.0,0.005434782608695652,0.0,79,368
Stable-order weighting,Middle 70%,dimension_color,both,sharp,FDC,0.0026922554347826085,0.0,0.008152173913043478,0.0,79,368
Stable-order weighting,Middle 70%,dimension_color,both,sharp,FC,0.03860258152173913,0.021739130434782608,0.059782608695652176,0.010869565217391304,79,368
Stable-order weighting,Middle 70%,dimension_color,both,sharp,FCD,0.001229619565217391,0.0,0.005434782608695652,0.0,79,368
Stable-order weighting,Middle 70%,color_form,both,sharp,D,0.003281842818428185,0.0,0.01084010840108401,0.0027100271002710027,79,369
Stable-order weighting,Middle 70%,color_form,both,sharp,DC,0.025904471544715448,0.01084010840108401,0.04336043360433604,0.016260162601626018,79,369
Stable-order weighting,Middle 70%,color_form,both,sharp,DCF,0.10604336043360434,0.07588075880758807,0.13821138211382114,0.12737127371273713,79,369
Stable-order weighting,Middle 70%,color_form,both,sharp,DF,0.0848109756097561,0.056910569105691054,0.11382113821138211,0.056910569105691054,79,369
Stable-order weighting,Middle 70%,color_form,both,sharp,DFC,0.023042682926829268,0.008130081300813009,0.04065040650406504,0.02981029810298103,79,369
Stable-order weighting,Middle 70%,color_form,both,sharp,C,0.07922018970189701,0.051490514905149054,0.10840108401084012,0.0027100271002710027,79,369
Stable-order weighting,Middle 70%,color_form,both,sharp,CD,0.0005542005420054201,0.0,0.0027100271002710027,0.0,79,369
Stable-order weighting,Middle 70%,color_form,both,sharp,CDF,0.011088075880758807,0.0027100271002710027,0.024390243902439025,0.0,79,369
Stable-order weighting,Middle 70%,color_form,both,sharp,CF,0.42692547425474253,0.37669376693766937,0.47696476964769646,0.7100271002710027,79,369
Stable-order weighting,Middle 70%,color_form,both,sharp,CFD,0.01110569105691057,0.0027100271002710027,0.02168021680216802,0.0,79,369
Stable-order weighting,Middle 70%,color_form,both,sharp,F,0.16417140921409212,0.12737127371273713,0.2032520325203252,0.005420054200542005,79,369
Stable-order weighting,Middle 70%,color_form,both,sharp,FD,0.00047764227642276425,0.0,0.0027100271002710027,0.0,79,369
Stable-order weighting,Middle 70%,color_form,both,sharp,FDC,0.0015,0.0,0.005420054200542005,0.0,79,369
Stable-order weighting,Middle 70%,color_form,both,sharp,FC,0.06067547425474255,0.037940379403794036,0.08672086720867209,0.04878048780487805,79,369
Stable-order weighting,Middle 70%,color_form,both,sharp,FCD,0.001198509485094851,0.0,0.005420054200542005,0.0,79,369
Stable-order weighting,Middle 70%,color_form,second,sharp,D,0.0017662601626016261,0.0,0.008130081300813009,0.0,79,369
Stable-order weighting,Middle 70%,color_form,second,sharp,DC,0.006865853658536586,0.0,0.016260162601626018,0.0,79,369
Stable-order weighting,Middle 70%,color_form,second,sharp,DCF,0.04653997289972899,0.02710027100271003,0.07046070460704607,0.02710027100271003,79,369
Stable-order weighting,Middle 70%,color_form,second,sharp,DF,0.1343380758807588,0.1002710027100271,0.16802168021680217,0.024390243902439025,79,369
Stable-order weighting,Middle 70%,color_form,second,sharp,DFC,0.02234010840108401,0.008130081300813009,0.037940379403794036,0.008130081300813009,79,369
Stable-order weighting,Middle 70%,color_form,second,sharp,C,0.008304200542005421,0.0,0.018970189701897018,0.0,79,369
Stable-order weighting,Middle 70%,color_form,second,sharp,CD,0.00024728997289972897,0.0,0.0027100271002710027,0.0,79,369
Stable-order weighting,Middle 70%,color_form,second,sharp,CDF,0.0024661246612466127,0.0,0.008130081300813009,0.005420054200542005,79,369
Stable-order weighting,Middle 70%,color_form,second,sharp,CF,0.08824051490514906,0.05962059620596206,0.11653116531165311,0.11382113821138211,79,369
Stable-order weighting,Middle 70%,color_form,second,sharp,CFD,0.0028712737127371277,0.0,0.008130081300813009,0.0,79,369
Stable-order weighting,Middle 70%,color_form,second,sharp,F,0.655970867208672,0.6097560975609756,0.7046070460704607,0.7994579945799458,79,369
Stable-order weighting,Middle 70%,color_form,second,sharp,FD,0.0006605691056910569,0.0,0.005420054200542005,0.0,79,369
Stable-order weighting,Middle 70%,color_form,second,sharp,FDC,0.0016585365853658538,0.0,0.005420054200542005,0.008130081300813009,79,369
Stable-order weighting,Middle 70%,color_form,second,sharp,FC,0.026727642276422763,0.01084010840108401,0.04336043360433604,0.013550135501355014,79,369
Stable-order weighting,Middle 70%,color_form,second,sharp,FCD,0.001002710027100271,0.0,0.005420054200542005,0.0,79,369
Stable-order weighting,Middle 70%,dimension_form,both,sharp,D,0.0062703252032520335,0.0,0.016260162601626018,0.0027100271002710027,79,369
Stable-order weighting,Middle 70%,dimension_form,both,sharp,DC,0.06984823848238482,0.04607046070460705,0.0975609756097561,0.056910569105691054,79,369
Stable-order weighting,Middle 70%,dimension_form,both,sharp,DCF,0.22157181571815718,0.17886178861788618,0.26558265582655827,0.25745257452574527,79,369
Stable-order weighting,Middle 70%,dimension_form,both,sharp,DF,0.1486178861788618,0.1111111111111111,0.18699186991869918,0.33062330623306235,79,369
Stable-order weighting,Middle 70%,dimension_form,both,sharp,DFC,0.042670054200542006,0.02168021680216802,0.06504065040650407,0.018970189701897018,79,369
Stable-order weighting,Middle 70%,dimension_form,both,sharp,C,0.06881775067750678,0.04336043360433604,0.0975609756097561,0.1002710027100271,79,369
Stable-order weighting,Middle 70%,dimension_form,both,sharp,CD,0.0010250677506775069,0.0,0.005420054200542005,0.0,79,369
Stable-order weighting,Middle 70%,dimension_form,both,sharp,CDF,0.025836720867208673,0.01084010840108401,0.04336043360433604,0.016260162601626018,79,369
Stable-order weighting,Middle 70%,dimension_form,both,sharp,CF,0.2833462059620596,0.23577235772357724,0.33062330623306235,0.1842818428184282,79,369
Stable-order weighting,Middle 70%,dimension_form,both,sharp,CFD,0.010032520325203253,0.0,0.02168021680216802,0.005420054200542005,79,369
Stable-order weighting,Middle 70%,dimension_form,both,sharp,F,0.08333130081300813,0.056910569105691054,0.1111111111111111,0.013550135501355014,79,369
Stable-order weighting,Middle 70%,dimension_form,both,sharp,FD,0.0005508130081300813,0.0,0.0027100271002710027,0.0,79,369
Stable-order weighting,Middle 70%,dimension_form,both,sharp,FDC,0.00208130081300813,0.0,0.008130081300813009,0.0027100271002710027,79,369
Stable-order weighting,Middle 70%,dimension_form,both,sharp,FC,0.03499119241192412,0.018970189701897018,0.05420054200542006,0.01084010840108401,79,369
Stable-order weighting,Middle 70%,dimension_form,both,sharp,FCD,0.001008807588075881,0.0,0.005420054200542005,0.0,79,369
Stable-order weighting,Middle 70%,dimension_form,first,sharp,D,0.26375749318801095,0.2125340599455041,0.31607629427792916,0.23978201634877383,79,367
Stable-order weighting,Middle 70%,dimension_form,first,sharp,DC,0.12183106267029974,0.08719346049046321,0.15803814713896458,0.07084468664850137,79,367
Stable-order weighting,Middle 70%,dimension_form,first,sharp,DCF,0.2932016348773842,0.2452316076294278,0.34332425068119893,0.2452316076294278,79,367
Stable-order weighting,Middle 70%,dimension_form,first,sharp,DF,0.09293528610354224,0.06267029972752043,0.12534059945504086,0.2506811989100817,79,367
Stable-order weighting,Middle 70%,dimension_form,first,sharp,DFC,0.03545231607629428,0.01907356948228883,0.05449591280653951,0.02997275204359673,79,367
Stable-order weighting,Middle 70%,dimension_form,first,sharp,C,0.0434741144414169,0.02445504087193463,0.0653950953678474,0.08446866485013624,79,367
Stable-order weighting,Middle 70%,dimension_form,first,sharp,CD,0.0014584468664850135,0.0,0.005449591280653951,0.0,79,367
Stable-order weighting,Middle 70%,dimension_form,first,sharp,CDF,0.033275204359673016,0.01634877384196185,0.05449591280653951,0.005449591280653951,79,367
Stable-order weighting,Middle 70%,dimension_form,first,sharp,CF,0.07707016348773842,0.04904632152588556,0.10626702997275204,0.06267029972752043,79,367
Stable-order weighting,Middle 70%,dimension_form,first,sharp,CFD,0.003930517711171661,0.0,0.010899182561307902,0.0,79,367
Stable-order weighting,Middle 70%,dimension_form,first,sharp,F,0.02040395095367847,0.008174386920980926,0.03549046321525911,0.005449591280653951,79,367
Stable-order weighting,Middle 70%,dimension_form,first,sharp,FD,0.00042915531335149863,0.0,0.0027247956403269754,0.0,79,367
Stable-order weighting,Middle 70%,dimension_form,first,sharp,FDC,0.0016852861035422343,0.0,0.005449591280653951,0.005449591280653951,79,367
Stable-order weighting,Middle 70%,dimension_form,first,sharp,FC,0.010507493188010898,0.0027247956403269754,0.021798365122615803,0.0,79,367
Stable-order weighting,Middle 70%,dimension_form,first,sharp,FCD,0.0005878746594005449,0.0,0.0027247956403269754,0.0,79,367
Stable-order weighting,Middle 70%,dimension_color,first,sharp,D,0.2301419836956522,0.18206521739130435,0.27717391304347827,0.2554347826086957,79,368
Stable-order weighting,Middle 70%,dimension_color,first,sharp,DC,0.03536820652173913,0.019021739130434784,0.057065217391304345,0.051630434782608696,79,368
Stable-order weighting,Middle 70%,dimension_color,first,sharp,DCF,0.16229755434782608,0.125,0.20380434782608695,0.22010869565217392,79,368
Stable-order weighting,Middle 70%,dimension_color,first,sharp,DF,0.382601222826087,0.32608695652173914,0.4375,0.26902173913043476,79,368
Stable-order weighting,Middle 70%,dimension_color,first,sharp,DFC,0.06087228260869565,0.035326086956521736,0.08695652173913043,0.02717391304347826,79,368
Stable-order weighting,Middle 70%,dimension_color,first,sharp,C,0.007457201086956521,0.0,0.016304347826086956,0.0,79,368
Stable-order weighting,Middle 70%,dimension_color,first,sharp,CD,0.00040828804347826085,0.0,0.002717391304347826,0.0,79,368
Stable-order weighting,Middle 70%,dimension_color,first,sharp,CDF,0.00667391304347826,0.0,0.016304347826086956,0.010869565217391304,79,368
Stable-order weighting,Middle 70%,dimension_color,first,sharp,CF,0.035486413043478264,0.019021739130434784,0.057065217391304345,0.04619565217391304,79,368
Stable-order weighting,Middle 70%,dimension_color,first,sharp,CFD,0.0018478260869565215,0.0,0.008152173913043478,0.0,79,368
Stable-order weighting,Middle 70%,dimension_color,first,sharp,F,0.06184239130434783,0.03804347826086957,0.08967391304347826,0.11413043478260869,79,368
Stable-order weighting,Middle 70%,dimension_color,first,sharp,FD,0.0011297554347826089,0.0,0.005434782608695652,0.0,79,368
Stable-order weighting,Middle 70%,dimension_color,first,sharp,FDC,0.0028593749999999995,0.0,0.008152173913043478,0.0,79,368
Stable-order weighting,Middle 70%,dimension_color,first,sharp,FC,0.010372961956521739,0.002717391304347826,0.021739130434782608,0.005434782608695652,79,368
Stable-order weighting,Middle 70%,dimension_color,first,sharp,FCD,0.000640625,0.0,0.005434782608695652,0.0,79,368
Stable-order weighting,Middle 70%,dimension_form,second,sharp,D,0.0017947154471544718,0.0,0.008130081300813009,0.0,79,369
Stable-order weighting,Middle 70%,dimension_form,second,sharp,DC,0.014587398373983738,0.0027100271002710027,0.02710027100271003,0.0027100271002710027,79,369
Stable-order weighting,Middle 70%,dimension_form,second,sharp,DCF,0.07263753387533875,0.04607046070460705,0.1002710027100271,0.01084010840108401,79,369
Stable-order weighting,Middle 70%,dimension_form,second,sharp,DF,0.06199119241192412,0.037940379403794036,0.08943089430894309,0.0,79,369
Stable-order weighting,Middle 70%,dimension_form,second,sharp,DFC,0.017537262872628728,0.005420054200542005,0.032520325203252036,0.013550135501355014,79,369
Stable-order weighting,Middle 70%,dimension_form,second,sharp,C,0.03356978319783198,0.016260162601626018,0.051490514905149054,0.12737127371273713,79,369
Stable-order weighting,Middle 70%,dimension_form,second,sharp,CD,0.0004071815718157181,0.0,0.0027100271002710027,0.0027100271002710027,79,369
Stable-order weighting,Middle 70%,dimension_form,second,sharp,CDF,0.007825880758807588,0.0,0.016260162601626018,0.0,79,369
Stable-order weighting,Middle 70%,dimension_form,second,sharp,CF,0.24309823848238482,0.1978319783197832,0.2873306233062333,0.13279132791327913,79,369
Stable-order weighting,Middle 70%,dimension_form,second,sharp,CFD,0.007888211382113824,0.0,0.018970189701897018,0.0,79,369
Stable-order weighting,Middle 70%,dimension_form,second,sharp,F,0.502340108401084,0.4525067750677507,0.5555555555555556,0.6802168021680217,79,369
Stable-order weighting,Middle 70%,dimension_form,second,sharp,FD,0.00040582655826558266,0.0,0.0027100271002710027,0.0,79,369
Stable-order weighting,Middle 70%,dimension_form,second,sharp,FDC,0.0012046070460704607,0.0,0.005420054200542005,0.0027100271002710027,79,369
Stable-order weighting,Middle 70%,dimension_form,second,sharp,FC,0.03375880758807588,0.016260162601626018,0.05420054200542006,0.02710027100271003,79,369
Stable-order weighting,Middle 70%,dimension_form,second,sharp,FCD,0.0009532520325203252,0.0,0.005420054200542005,0.0,79,369
Stable-order weighting,Middle 70%,color_form,first,blurred,D,0.002582602339181286,0.0,0.008771929824561403,0.005847953216374269,79,342
Stable-order weighting,Middle 70%,color_form,first,blurred,DC,0.07269298245614034,0.04678362573099415,0.09941520467836257,0.017543859649122806,79,342
Stable-order weighting,Middle 70%,color_form,first,blurred,DCF,0.020216374269005848,0.005847953216374269,0.03508771929824561,0.029239766081871343,79,342
Stable-order weighting,Middle 70%,color_form,first,blurred,DF,0.003589912280701754,0.0,0.011695906432748537,0.011695906432748537,79,342
Stable-order weighting,Middle 70%,color_form,first,blurred,DFC,0.0025204678362573097,0.0,0.008771929824561403,0.014619883040935672,79,342
Stable-order weighting,Middle 70%,color_form,first,blurred,C,0.821171783625731,0.7807017543859649,0.8596491228070176,0.7339181286549707,79,342
Stable-order weighting,Middle 70%,color_form,first,blurred,CD,0.0012945906432748537,0.0,0.005847953216374269,0.0,79,342
Stable-order weighting,Middle 70%,color_form,first,blurred,CDF,0.004449561403508772,0.0,0.011695906432748537,0.0,79,342
Stable-order weighting,Middle 70%,color_form,first,blurred,CF,0.0616483918128655,0.038011695906432746,0.08771929824561403,0.1871345029239766,79,342
Stable-order weighting,Middle 70%,color_form,first,blurred,CFD,0.002141812865497076,0.0,0.008771929824561403,0.0,79,342
Stable-order weighting,Middle 70%,color_form,first,blurred,F,0.0038669590643274853,0.0,0.011695906432748537,0.0,79,342
Stable-order weighting,Middle 70%,color_form,first,blurred,FD,0.0002134502923976608,0.0,0.0029239766081871343,0.0,79,342
Stable-order weighting,Middle 70%,color_form,first,blurred,FDC,0.0002456140350877193,0.0,0.0029239766081871343,0.0,79,342
Stable-order weighting,Middle 70%,color_form,first,blurred,FC,0.0031008771929824566,0.0,0.008771929824561403,0.0,79,342
Stable-order weighting,Middle 70%,color_form,first,blurred,FCD,0.00026461988304093563,0.0,0.0029239766081871343,0.0,79,342
Stable-order weighting,Middle 70%,dimension_form,second,blurred,D,0.001039473684210526,0.0,0.005847953216374269,0.0,79,342
Stable-order weighting,Middle 70%,dimension_form,second,blurred,DC,0.012338450292397659,0.0029239766081871343,0.02631578947368421,0.0029239766081871343,79,342
Stable-order weighting,Middle 70%,dimension_form,second,blurred,DCF,0.062481725146198826,0.038011695906432746,0.08771929824561403,0.0029239766081871343,79,342
Stable-order weighting,Middle 70%,dimension_form,second,blurred,DF,0.05349926900584795,0.03216374269005848,0.07894736842105263,0.0,79,342
Stable-order weighting,Middle 70%,dimension_form,second,blurred,DFC,0.012968567251461987,0.0029239766081871343,0.02631578947368421,0.017543859649122806,79,342
Stable-order weighting,Middle 70%,dimension_form,second,blurred,C,0.03348684210526315,0.014619883040935672,0.05263157894736842,0.06725146198830409,79,342
Stable-order weighting,Middle 70%,dimension_form,second,blurred,CD,0.00028581871345029235,0.0,0.0029239766081871343,0.0,79,342
Stable-order weighting,Middle 70%,dimension_form,second,blurred,CDF,0.0051220760233918125,0.0,0.014619883040935672,0.0,79,342
Stable-order weighting,Middle 70%,dimension_form,second,blurred,CF,0.2824334795321638,0.23684210526315788,0.3304093567251462,0.19005847953216373,79,342
Stable-order weighting,Middle 70%,dimension_form,second,blurred,CFD,0.006682748538011696,0.0,0.017543859649122806,0.0,79,342
Stable-order weighting,Middle 70%,dimension_form,second,blurred,F,0.4964093567251462,0.4415204678362573,0.5497076023391813,0.7134502923976608,79,342
Stable-order weighting,Middle 70%,dimension_form,second,blurred,FD,0.0002931286549707602,0.0,0.0029239766081871343,0.0,79,342
Stable-order weighting,Middle 70%,dimension_form,second,blurred,FDC,0.0006717836257309942,0.0,0.0029239766081871343,0.0,79,342
Stable-order weighting,Middle 70%,dimension_form,second,blurred,FC,0.03163961988304093,0.014619883040935672,0.05263157894736842,0.005847953216374269,79,342
Stable-order weighting,Middle 70%,dimension_form,second,blurred,FCD,0.0006476608187134503,0.0,0.0029239766081871343,0.0,79,342
Stable-order weighting,Middle 70%,dimension_color,both,blurred,D,0.0039501466275659826,0.0,0.011730205278592375,0.0,79,341
Stable-order weighting,Middle 70%,dimension_color,both,blurred,DC,0.04316935483870967,0.02346041055718475,0.06451612903225806,0.093841642228739,79,341
Stable-order weighting,Middle 70%,dimension_color,both,blurred,DCF,0.1839479472140762,0.1436950146627566,0.2287390029325513,0.25806451612903225,79,341
Stable-order weighting,Middle 70%,dimension_color,both,blurred,DF,0.19802126099706743,0.15542521994134897,0.2434017595307918,0.09970674486803519,79,341
Stable-order weighting,Middle 70%,dimension_color,both,blurred,DFC,0.03926246334310849,0.020527859237536656,0.06158357771260997,0.02346041055718475,79,341
Stable-order weighting,Middle 70%,dimension_color,both,blurred,C,0.04574926686217008,0.026392961876832845,0.07038123167155426,0.005865102639296188,79,341
Stable-order weighting,Middle 70%,dimension_color,both,blurred,CD,0.00048607038123167157,0.0,0.002932551319648094,0.008797653958944282,79,341
Stable-order weighting,Middle 70%,dimension_color,both,blurred,CDF,0.011681818181818182,0.002932551319648094,0.02346041055718475,0.04985337243401759,79,341
Stable-order weighting,Middle 70%,dimension_color,both,blurred,CF,0.28179838709677413,0.23460410557184752,0.3313782991202346,0.2961876832844575,79,341
Stable-order weighting,Middle 70%,dimension_color,both,blurred,CFD,0.007163489736070382,0.0,0.017595307917888565,0.002932551319648094,79,341
Stable-order weighting,Middle 70%,dimension_color,both,blurred,F,0.1400256598240469,0.10263929618768329,0.17888563049853373,0.12609970674486803,79,341
Stable-order weighting,Middle 70%,dimension_color,both,blurred,FD,0.0005087976539589442,0.0,0.002932551319648094,0.002932551319648094,79,341
Stable-order weighting,Middle 70%,dimension_color,both,blurred,FDC,0.0015065982404692082,0.0,0.005865102639296188,0.002932551319648094,79,341
Stable-order weighting,Middle 70%,dimension_color,both,blurred,FC,0.04181964809384164,0.020527859237536656,0.06451612903225806,0.02932551319648094,79,341
Stable-order weighting,Middle 70%,dimension_color,both,blurred,FCD,0.0009090909090909091,0.0,0.005865102639296188,0.0,79,341
Stable-order weighting,Middle 70%,dimension_color,second,blurred,D,0.0027076023391812863,0.0,0.008771929824561403,0.0,79,342
Stable-order weighting,Middle 70%,dimension_color,second,blurred,DC,0.05034283625730993,0.029239766081871343,0.07309941520467836,0.0,79,342
Stable-order weighting,Middle 70%,dimension_color,second,blurred,DCF,0.02158406432748538,0.008771929824561403,0.038011695906432746,0.017543859649122806,79,342
Stable-order weighting,Middle 70%,dimension_color,second,blurred,DF,0.010288742690058477,0.0,0.023391812865497075,0.0,79,342
Stable-order weighting,Middle 70%,dimension_color,second,blurred,DFC,0.004095760233918128,0.0,0.011695906432748537,0.017543859649122806,79,342
Stable-order weighting,Middle 70%,dimension_color,second,blurred,C,0.7868684210526316,0.7426900584795322,0.8304093567251462,0.7251461988304093,79,342
Stable-order weighting,Middle 70%,dimension_color,second,blurred,CD,0.0007149122807017544,0.0,0.0029239766081871343,0.0,79,342
Stable-order weighting,Middle 70%,dimension_color,second,blurred,CDF,0.002494883040935672,0.0,0.008771929824561403,0.0,79,342
Stable-order weighting,Middle 70%,dimension_color,second,blurred,CF,0.09396052631578948,0.06432748538011696,0.12573099415204678,0.19883040935672514,79,342
Stable-order weighting,Middle 70%,dimension_color,second,blurred,CFD,0.002728801169590643,0.0,0.008771929824561403,0.0,79,342
Stable-order weighting,Middle 70%,dimension_color,second,blurred,F,0.015147660818713451,0.0029239766081871343,0.029239766081871343,0.038011695906432746,79,342
Stable-order weighting,Middle 70%,dimension_color,second,blurred,FD,0.00023026315789473684,0.0,0.0029239766081871343,0.0,79,342
Stable-order weighting,Middle 70%,dimension_color,second,blurred,FDC,0.0003384502923976608,0.0,0.0029239766081871343,0.0,79,342
Stable-order weighting,Middle 70%,dimension_color,second,blurred,FC,0.008175438596491228,0.0,0.02046783625730994,0.0029239766081871343,79,342
Stable-order weighting,Middle 70%,dimension_color,second,blurred,FCD,0.00032163742690058476,0.0,0.0029239766081871343,0.0,79,342
Stable-order weighting,Middle 70%,dimension_form,first,blurred,D,0.0366276758409786,0.01834862385321101,0.0581039755351682,0.09785932721712538,79,327
Stable-order weighting,Middle 70%,dimension_form,first,blurred,DC,0.12277981651376146,0.08868501529051988,0.1620795107033639,0.0764525993883792,79,327
Stable-order weighting,Middle 70%,dimension_form,first,blurred,DCF,0.29813379204892965,0.24770642201834864,0.3516819571865443,0.2415902140672783,79,327
Stable-order weighting,Middle 70%,dimension_form,first,blurred,DF,0.12089831804281345,0.0856269113149847,0.15902140672782875,0.22324159021406728,79,327
Stable-order weighting,Middle 70%,dimension_form,first,blurred,DFC,0.0380565749235474,0.01834862385321101,0.06116207951070336,0.024464831804281346,79,327
Stable-order weighting,Middle 70%,dimension_form,first,blurred,C,0.07610015290519878,0.04892966360856269,0.10703363914373089,0.1620795107033639,79,327
Stable-order weighting,Middle 70%,dimension_form,first,blurred,CD,0.0011659021406727828,0.0,0.0061162079510703364,0.0030581039755351682,79,327
Stable-order weighting,Middle 70%,dimension_form,first,blurred,CDF,0.03328593272171254,0.01529051987767584,0.05504587155963303,0.01529051987767584,79,327
Stable-order weighting,Middle 70%,dimension_form,first,blurred,CF,0.20710932721712538,0.1620795107033639,0.25076452599388377,0.13761467889908258,79,327
Stable-order weighting,Middle 70%,dimension_form,first,blurred,CFD,0.006070336391437309,0.0,0.01529051987767584,0.0030581039755351682,79,327
Stable-order weighting,Middle 70%,dimension_form,first,blurred,F,0.038735474006116204,0.01834862385321101,0.06116207951070336,0.0061162079510703364,79,327
Stable-order weighting,Middle 70%,dimension_form,first,blurred,FD,0.0003188073394495413,0.0,0.0030581039755351682,0.0,79,327
Stable-order weighting,Middle 70%,dimension_form,first,blurred,FDC,0.0012362385321100916,0.0,0.0061162079510703364,0.0,79,327
Stable-order weighting,Middle 70%,dimension_form,first,blurred,FC,0.018944954128440366,0.0061162079510703364,0.03669724770642202,0.009174311926605505,79,327
Stable-order weighting,Middle 70%,dimension_form,first,blurred,FCD,0.000536697247706422,0.0,0.0030581039755351682,0.0,79,327
Stable-order weighting,Middle 70%,dimension_color,first,blurred,D,0.031045045045045044,0.015015015015015015,0.05105105105105105,0.08108108108108109,79,333
Stable-order weighting,Middle 70%,dimension_color,first,blurred,DC,0.032914414414414415,0.015015015015015015,0.05405405405405406,0.05405405405405406,79,333
Stable-order weighting,Middle 70%,dimension_color,first,blurred,DCF,0.16227852852852853,0.12312312312312312,0.2042042042042042,0.2702702702702703,79,333
Stable-order weighting,Middle 70%,dimension_color,first,blurred,DF,0.46569069069069063,0.40540540540540543,0.5285285285285285,0.3993993993993994,79,333
Stable-order weighting,Middle 70%,dimension_color,first,blurred,DFC,0.058893393393393396,0.036036036036036036,0.08708708708708708,0.03003003003003003,79,333
Stable-order weighting,Middle 70%,dimension_color,first,blurred,C,0.013507507507507508,0.003003003003003003,0.02702702702702703,0.003003003003003003,79,333
Stable-order weighting,Middle 70%,dimension_color,first,blurred,CD,0.0003543543543543544,0.0,0.003003003003003003,0.0,79,333
Stable-order weighting,Middle 70%,dimension_color,first,blurred,CDF,0.005756756756756758,0.0,0.015015015015015015,0.02702702702702703,79,333
Stable-order weighting,Middle 70%,dimension_color,first,blurred,CF,0.08748798798798799,0.057057057057057055,0.12012012012012012,0.07807807807807808,79,333
Stable-order weighting,Middle 70%,dimension_color,first,blurred,CFD,0.0025247747747747747,0.0,0.009009009009009009,0.0,79,333
Stable-order weighting,Middle 70%,dimension_color,first,blurred,F,0.11418093093093094,0.08108108108108109,0.15015015015015015,0.042042042042042045,79,333
Stable-order weighting,Middle 70%,dimension_color,first,blurred,FD,0.0009129129129129129,0.0,0.006006006006006006,0.009009009009009009,79,333
Stable-order weighting,Middle 70%,dimension_color,first,blurred,FDC,0.002355855855855856,0.0,0.009009009009009009,0.003003003003003003,79,333
Stable-order weighting,Middle 70%,dimension_color,first,blurred,FC,0.021355105105105104,0.006006006006006006,0.03903903903903904,0.003003003003003003,79,333
Stable-order weighting,Middle 70%,dimension_color,first,blurred,FCD,0.0007417417417417418,0.0,0.006006006006006006,0.0,79,333
Stable-order weighting,Middle 70%,dimension_form,both,blurred,D,0.00353486646884273,0.0,0.011869436201780416,0.005934718100890208,79,337
Stable-order weighting,Middle 70%,dimension_form,both,blurred,DC,0.05744287833827893,0.032640949554896145,0.0831602373887243,0.02373887240356083,79,337
Stable-order weighting,Middle 70%,dimension_form,both,blurred,DCF,0.18332121661721065,0.142433234421365,0.228486646884273,0.23738872403560832,79,337
Stable-order weighting,Middle 70%,dimension_form,both,blurred,DF,0.10324999999999998,0.0712166172106825,0.13649851632047477,0.47181008902077154,79,337
Stable-order weighting,Middle 70%,dimension_form,both,blurred,DFC,0.03017433234421365,0.011869436201780416,0.050445103857566766,0.026706231454005934,79,337
Stable-order weighting,Middle 70%,dimension_form,both,blurred,C,0.08136572700296736,0.05341246290801187,0.11275964391691394,0.008902077151335312,79,337
Stable-order weighting,Middle 70%,dimension_form,both,blurred,CD,0.0007255192878338279,0.0,0.002967359050445104,0.0,79,337
Stable-order weighting,Middle 70%,dimension_form,both,blurred,CDF,0.018636498516320477,0.005934718100890208,0.032640949554896145,0.02373887240356083,79,337
Stable-order weighting,Middle 70%,dimension_form,both,blurred,CF,0.3879821958456973,0.3353115727002967,0.4391691394658754,0.1661721068249258,79,337
Stable-order weighting,Middle 70%,dimension_form,both,blurred,CFD,0.0093026706231454,0.0,0.020771513353115726,0.005934718100890208,79,337
Stable-order weighting,Middle 70%,dimension_form,both,blurred,F,0.08497181008902077,0.05637982195845697,0.11572700296735905,0.017804154302670624,79,337
Stable-order weighting,Middle 70%,dimension_form,both,blurred,FD,0.00033308605341246294,0.0,0.002967359050445104,0.002967359050445104,79,337
Stable-order weighting,Middle 70%,dimension_form,both,blurred,FDC,0.0011498516320474779,0.0,0.005934718100890208,0.0,79,337
Stable-order weighting,Middle 70%,dimension_form,both,blurred,FC,0.03715356083086054,0.017804154302670624,0.05934718100890208,0.008902077151335312,79,337
Stable-order weighting,Middle 70%,dimension_form,both,blurred,FCD,0.0006557863501483681,0.0,0.002967359050445104,0.0,79,337
Stable-order weighting,Middle 70%,color_form,both,blurred,D,0.0030709064327485384,0.0,0.008771929824561403,0.005847953216374269,79,342
Stable-order weighting,Middle 70%,color_form,both,blurred,DC,0.03294152046783626,0.017543859649122806,0.05263157894736842,0.03508771929824561,79,342
Stable-order weighting,Middle 70%,color_form,both,blurred,DCF,0.1268983918128655,0.0935672514619883,0.1608187134502924,0.07602339181286549,79,342
Stable-order weighting,Middle 70%,color_form,both,blurred,DF,0.11130043859649123,0.07894736842105263,0.14327485380116958,0.02046783625730994,79,342
Stable-order weighting,Middle 70%,color_form,both,blurred,DFC,0.024821637426900585,0.008771929824561403,0.04093567251461988,0.017543859649122806,79,342
Stable-order weighting,Middle 70%,color_form,both,blurred,C,0.07220760233918128,0.04678362573099415,0.1023391812865497,0.005847953216374269,79,342
Stable-order weighting,Middle 70%,color_form,both,blurred,CD,0.00043567251461988307,0.0,0.0029239766081871343,0.0,79,342
Stable-order weighting,Middle 70%,color_form,both,blurred,CDF,0.009474415204678361,0.0,0.02046783625730994,0.0029239766081871343,79,342
Stable-order weighting,Middle 70%,color_form,both,blurred,CF,0.4094254385964912,0.35964912280701755,0.4619883040935672,0.7690058479532164,79,342
Stable-order weighting,Middle 70%,color_form,both,blurred,CFD,0.008491959064327485,0.0,0.02046783625730994,0.0029239766081871343,79,342
Stable-order weighting,Middle 70%,color_form,both,blurred,F,0.14842763157894734,0.1111111111111111,0.18421052631578946,0.014619883040935672,79,342
Stable-order weighting,Middle 70%,color_form,both,blurred,FD,0.0003508771929824561,0.0,0.0029239766081871343,0.0,79,342
Stable-order weighting,Middle 70%,color_form,both,blurred,FDC,0.0010160818713450292,0.0,0.005847953216374269,0.0,79,342
Stable-order weighting,Middle 70%,color_form,both,blurred,FC,0.05032090643274854,0.029239766081871343,0.07602339181286549,0.049707602339181284,79,342
Stable-order weighting,Middle 70%,color_form,both,blurred,FCD,0.0008165204678362573,0.0,0.005847953216374269,0.0,79,342
Stable-order weighting,Middle 70%,color_form,second,blurred,D,0.0010877192982456138,0.0,0.005847953216374269,0.0,79,342
Stable-order weighting,Middle 70%,color_form,second,blurred,DC,0.005529239766081872,0.0,0.014619883040935672,0.0,79,342
Stable-order weighting,Middle 70%,color_form,second,blurred,DCF,0.03875657894736843,0.02046783625730994,0.05847953216374269,0.02631578947368421,79,342
Stable-order weighting,Middle 70%,color_form,second,blurred,DF,0.11336184210526316,0.08187134502923976,0.14619883040935672,0.008771929824561403,79,342
Stable-order weighting,Middle 70%,color_form,second,blurred,DFC,0.0164312865497076,0.005847953216374269,0.03216374269005848,0.014619883040935672,79,342
Stable-order weighting,Middle 70%,color_form,second,blurred,C,0.008788011695906432,0.0,0.02046783625730994,0.0029239766081871343,79,342
Stable-order weighting,Middle 70%,color_form,second,blurred,CD,0.00021710526315789472,0.0,0.0029239766081871343,0.0,79,342
Stable-order weighting,Middle 70%,color_form,second,blurred,CDF,0.0014510233918128654,0.0,0.005847953216374269,0.0,79,342
Stable-order weighting,Middle 70%,color_form,second,blurred,CF,0.09903801169590642,0.06725146198830409,0.13157894736842105,0.18128654970760233,79,342
Stable-order weighting,Middle 70%,color_form,second,blurred,CFD,0.0024078947368421054,0.0,0.008771929824561403,0.0,79,342
Stable-order weighting,Middle 70%,color_form,second,blurred,F,0.6849546783625731,0.6373538011695907,0.7339181286549707,0.7573099415204678,79,342
Stable-order weighting,Middle 70%,color_form,second,blurred,FD,0.00040935672514619883,0.0,0.0029239766081871343,0.0029239766081871343,79,342
Stable-order weighting,Middle 70%,color_form,second,blurred,FDC,0.0009393274853801169,0.0,0.005847953216374269,0.0,79,342
Stable-order weighting,Middle 70%,color_form,second,blurred,FC,0.02588230994152047,0.011695906432748537,0.043859649122807015,0.005847953216374269,79,342
Stable-order weighting,Middle 70%,color_form,second,blurred,FCD,0.0007456140350877192,0.0,0.005847953216374269,0.0,79,342
Stable-order weighting,Upper 15%,dimension_form,both,sharp,D,0.007,0.0,0.05555555555555555,0.0,17,18
Stable-order weighting,Upper 15%,dimension_form,both,sharp,DC,0.08840277777777777,0.0,0.2222222222222222,0.1111111111111111,17,18
Stable-order weighting,Upper 15%,dimension_form,both,sharp,DCF,0.28468055555555555,0.1111111111111111,0.5,0.2777777777777778,17,18
Stable-order weighting,Upper 15%,dimension_form,both,sharp,DF,0.22581944444444446,0.05555555555555555,0.4444444444444444,0.3333333333333333,17,18
Stable-order weighting,Upper 15%,dimension_form,both,sharp,DFC,0.025861111111111116,0.0,0.1111111111111111,0.0,17,18
Stable-order weighting,Upper 15%,dimension_form,both,sharp,C,0.060680555555555564,0.0,0.16666666666666666,0.1111111111111111,17,18
Stable-order weighting,Upper 15%,dimension_form,both,sharp,CD,0.000375,0.0,0.0,0.0,17,18
Stable-order weighting,Upper 15%,dimension_form,both,sharp,CDF,0.014472222222222221,0.0,0.1111111111111111,0.0,17,18
Stable-order weighting,Upper 15%,dimension_form,both,sharp,CF,0.20215277777777776,0.05555555555555555,0.3888888888888889,0.16666666666666666,17,18
Stable-order weighting,Upper 15%,dimension_form,both,sharp,CFD,0.004208333333333333,0.0,0.05555555555555555,0.0,17,18
Stable-order weighting,Upper 15%,dimension_form,both,sharp,F,0.07376388888888888,0.0,0.2222222222222222,0.0,17,18
Stable-order weighting,Upper 15%,dimension_form,both,sharp,FD,0.00020833333333333332,0.0,0.0,0.0,17,18
Stable-order weighting,Upper 15%,dimension_form,both,sharp,FDC,0.0005277777777777777,0.0,0.0,0.0,17,18
Stable-order weighting,Upper 15%,dimension_form,both,sharp,FC,0.011569444444444445,0.0,0.05555555555555555,0.0,17,18
Stable-order weighting,Upper 15%,dimension_form,both,sharp,FCD,0.0002777777777777778,0.0,0.0,0.0,17,18
Stable-order weighting,Upper 15%,color_form,both,sharp,D,0.002986111111111111,0.0,0.05555555555555555,0.0,17,18
Stable-order weighting,Upper 15%,color_form,both,sharp,DC,0.03906944444444444,0.0,0.16666666666666666,0.05555555555555555,17,18
Stable-order weighting,Upper 15%,color_form,both,sharp,DCF,0.17568055555555553,0.05555555555555555,0.3333333333333333,0.2222222222222222,17,18
Stable-order weighting,Upper 15%,color_form,both,sharp,DF,0.1373611111111111,0.0,0.2777777777777778,0.1111111111111111,17,18
Stable-order weighting,Upper 15%,color_form,both,sharp,DFC,0.01826388888888889,0.0,0.1111111111111111,0.0,17,18
Stable-order weighting,Upper 15%,color_form,both,sharp,C,0.08945833333333335,0.0,0.2222222222222222,0.0,17,18
Stable-order weighting,Upper 15%,color_form,both,sharp,CD,0.0002638888888888889,0.0,0.0,0.0,17,18
Stable-order weighting,Upper 15%,color_form,both,sharp,CDF,0.007708333333333332,0.0,0.05555555555555555,0.0,17,18
Stable-order weighting,Upper 15%,color_form,both,sharp,CF,0.326,0.1111111111111111,0.5555555555555556,0.6111111111111112,17,18
Stable-order weighting,Upper 15%,color_form,both,sharp,CFD,0.005597222222222222,0.0,0.05555555555555555,0.0,17,18
Stable-order weighting,Upper 15%,color_form,both,sharp,F,0.1708333333333333,0.0,0.3333333333333333,0.0,17,18
Stable-order weighting,Upper 15%,color_form,both,sharp,FD,0.00025,0.0,0.0,0.0,17,18
Stable-order weighting,Upper 15%,color_form,both,sharp,FDC,0.0005555555555555556,0.0,0.0,0.0,17,18
Stable-order weighting,Upper 15%,color_form,both,sharp,FC,0.025583333333333336,0.0,0.1111111111111111,0.0,17,18
Stable-order weighting,Upper 15%,color_form,both,sharp,FCD,0.0003888888888888888,0.0,0.0,0.0,17,18
Stable-order weighting,Upper 15%,color_form,first,sharp,D,0.003444444444444444,0.0,0.05555555555555555,0.0,17,18
Stable-order weighting,Upper 15%,color_form,first,sharp,DC,0.09836111111111111,0.0,0.2222222222222222,0.1111111111111111,17,18
Stable-order weighting,Upper 15%,color_form,first,sharp,DCF,0.03230555555555556,0.0,0.1111111111111111,0.1111111111111111,17,18
Stable-order weighting,Upper 15%,color_form,first,sharp,DF,0.004597222222222221,0.0,0.05555555555555555,0.0,17,18
Stable-order weighting,Upper 15%,color_form,first,sharp,DFC,0.0012222222222222222,0.0,0.0,0.0,17,18
Stable-order weighting,Upper 15%,color_form,first,sharp,C,0.768,0.5555555555555556,0.9444444444444444,0.6666666666666666,17,18
Stable-order weighting,Upper 15%,color_form,first,sharp,CD,0.0005138888888888888,0.0,0.0,0.0,17,18
Stable-order weighting,Upper 15%,color_form,first,sharp,CDF,0.004638888888888889,0.0,0.05555555555555555,0.0,17,18
Stable-order weighting,Upper 15%,color_form,first,sharp,CF,0.07919444444444446,0.0,0.2222222222222222,0.1111111111111111,17,18
Stable-order weighting,Upper 15%,color_form,first,sharp,CFD,0.002138888888888889,0.0,0.05555555555555555,0.0,17,18
Stable-order weighting,Upper 15%,color_form,first,sharp,F,0.0032638888888888882,0.0,0.05555555555555555,0.0,17,18
Stable-order weighting,Upper 15%,color_form,first,sharp,FD,0.00025,0.0,0.0,0.0,17,18
Stable-order weighting,Upper 15%,color_form,first,sharp,FDC,0.00015277777777777777,0.0,0.0,0.0,17,18
Stable-order weighting,Upper 15%,color_form,first,sharp,FC,0.0016111111111111111,0.0,0.05555555555555555,0.0,17,18
Stable-order weighting,Upper 15%,color_form,first,sharp,FCD,0.0003055555555555556,0.0,0.0,0.0,17,18
Stable-order weighting,Upper 15%,dimension_form,first,sharp,D,0.21640277777777778,0.05555555555555555,0.3888888888888889,0.2777777777777778,17,18
Stable-order weighting,Upper 15%,dimension_form,first,sharp,DC,0.15231944444444445,0.0,0.3333333333333333,0.16666666666666666,17,18
Stable-order weighting,Upper 15%,dimension_form,first,sharp,DCF,0.3840833333333334,0.16666666666666666,0.5555555555555556,0.2222222222222222,17,18
Stable-order weighting,Upper 15%,dimension_form,first,sharp,DF,0.11263888888888889,0.0,0.2777777777777778,0.2777777777777778,17,18
Stable-order weighting,Upper 15%,dimension_form,first,sharp,DFC,0.021152777777777777,0.0,0.1111111111111111,0.0,17,18
Stable-order weighting,Upper 15%,dimension_form,first,sharp,C,0.036652777777777784,0.0,0.1111111111111111,0.05555555555555555,17,18
Stable-order weighting,Upper 15%,dimension_form,first,sharp,CD,0.0005,0.0,0.0,0.0,17,18
Stable-order weighting,Upper 15%,dimension_form,first,sharp,CDF,0.014888888888888889,0.0,0.1111111111111111,0.0,17,18
Stable-order weighting,Upper 15%,dimension_form,first,sharp,CF,0.0426388888888889,0.0,0.16666666666666666,0.0,17,18
Stable-order weighting,Upper 15%,dimension_form,first,sharp,CFD,0.0011111111111111111,0.0,0.0,0.0,17,18
Stable-order weighting,Upper 15%,dimension_form,first,sharp,F,0.01359722222222222,0.0,0.1111111111111111,0.0,17,18
Stable-order weighting,Upper 15%,dimension_form,first,sharp,FD,0.0002222222222222222,0.0,0.0,0.0,17,18
Stable-order weighting,Upper 15%,dimension_form,first,sharp,FDC,0.0004027777777777777,0.0,0.0,0.0,17,18
Stable-order weighting,Upper 15%,dimension_form,first,sharp,FC,0.0031388888888888885,0.0,0.05555555555555555,0.0,17,18
Stable-order weighting,Upper 15%,dimension_form,first,sharp,FCD,0.00025,0.0,0.0,0.0,17,18
Stable-order weighting,Upper 15%,dimension_color,first,sharp,D,0.16801388888888888,0.0,0.3333333333333333,0.16666666666666666,17,18
Stable-order weighting,Upper 15%,dimension_color,first,sharp,DC,0.034125,0.0,0.1111111111111111,0.1111111111111111,17,18
Stable-order weighting,Upper 15%,dimension_color,first,sharp,DCF,0.18254166666666669,0.05555555555555555,0.3333333333333333,0.2222222222222222,17,18
Stable-order weighting,Upper 15%,dimension_color,first,sharp,DF,0.49256944444444445,0.2777777777777778,0.7222222222222222,0.4444444444444444,17,18
Stable-order weighting,Upper 15%,dimension_color,first,sharp,DFC,0.051486111111111114,0.0,0.16666666666666666,0.0,17,18
Stable-order weighting,Upper 15%,dimension_color,first,sharp,C,0.004458333333333334,0.0,0.05555555555555555,0.0,17,18
Stable-order weighting,Upper 15%,dimension_color,first,sharp,CD,0.0003333333333333333,0.0,0.0,0.0,17,18
Stable-order weighting,Upper 15%,dimension_color,first,sharp,CDF,0.0023194444444444443,0.0,0.05555555555555555,0.0,17,18
Stable-order weighting,Upper 15%,dimension_color,first,sharp,CF,0.016916666666666667,0.0,0.1111111111111111,0.0,17,18
Stable-order weighting,Upper 15%,dimension_color,first,sharp,CFD,0.0006111111111111111,0.0,0.0,0.0,17,18
Stable-order weighting,Upper 15%,dimension_color,first,sharp,F,0.041305555555555554,0.0,0.16666666666666666,0.05555555555555555,17,18
Stable-order weighting,Upper 15%,dimension_color,first,sharp,FD,0.0003611111111111111,0.0,0.0,0.0,17,18
Stable-order weighting,Upper 15%,dimension_color,first,sharp,FDC,0.001097222222222222,0.0,0.0,0.0,17,18
Stable-order weighting,Upper 15%,dimension_color,first,sharp,FC,0.0035277777777777777,0.0,0.05555555555555555,0.0,17,18
Stable-order weighting,Upper 15%,dimension_color,first,sharp,FCD,0.0003333333333333334,0.0,0.0,0.0,17,18
Stable-order weighting,Upper 15%,dimension_form,second,sharp,D,0.001847222222222222,0.0,0.05555555555555555,0.0,17,18
Stable-order weighting,Upper 15%,dimension_form,second,sharp,DC,0.019944444444444445,0.0,0.1111111111111111,0.0,17,18
Stable-order weighting,Upper 15%,dimension_form,second,sharp,DCF,0.1212638888888889,0.0,0.2777777777777778,0.0,17,18
Stable-order weighting,Upper 15%,dimension_form,second,sharp,DF,0.08986111111111111,0.0,0.2222222222222222,0.0,17,18
Stable-order weighting,Upper 15%,dimension_form,second,sharp,DFC,0.01198611111111111,0.0,0.05555555555555555,0.0,17,18
Stable-order weighting,Upper 15%,dimension_form,second,sharp,C,0.03322222222222223,0.0,0.1111111111111111,0.16666666666666666,17,18
Stable-order weighting,Upper 15%,dimension_form,second,sharp,CD,0.0002638888888888889,0.0,0.0,0.0,17,18
Stable-order weighting,Upper 15%,dimension_form,second,sharp,CDF,0.005569444444444445,0.0,0.05555555555555555,0.0,17,18
Stable-order weighting,Upper 15%,dimension_form,second,sharp,CF,0.2107361111111111,0.05555555555555555,0.3888888888888889,0.2222222222222222,17,18
Stable-order weighting,Upper 15%,dimension_form,second,sharp,CFD,0.004208333333333332,0.0,0.05555555555555555,0.0,17,18
Stable-order weighting,Upper 15%,dimension_form,second,sharp,F,0.4859722222222223,0.2777777777777778,0.6666666666666666,0.6111111111111112,17,18
Stable-order weighting,Upper 15%,dimension_form,second,sharp,FD,0.0003194444444444444,0.0,0.0,0.0,17,18
Stable-order weighting,Upper 15%,dimension_form,second,sharp,FDC,0.0004027777777777778,0.0,0.0,0.0,17,18
Stable-order weighting,Upper 15%,dimension_form,second,sharp,FC,0.013972222222222221,0.0,0.1111111111111111,0.0,17,18
Stable-order weighting,Upper 15%,dimension_form,second,sharp,FCD,0.0004305555555555555,0.0,0.0,0.0,17,18
Stable-order weighting,Upper 15%,dimension_color,both,sharp,D,0.006069444444444445,0.0,0.05555555555555555,0.0,17,18
Stable-order weighting,Upper 15%,dimension_color,both,sharp,DC,0.07020833333333334,0.0,0.2222222222222222,0.3888888888888889,17,18
Stable-order weighting,Upper 15%,dimension_color,both,sharp,DCF,0.28004166666666663,0.1111111111111111,0.5,0.3888888888888889,17,18
Stable-order weighting,Upper 15%,dimension_color,both,sharp,DF,0.321625,0.1111111111111111,0.5555555555555556,0.16666666666666666,17,18
Stable-order weighting,Upper 15%,dimension_color,both,sharp,DFC,0.037666666666666675,0.0,0.16666666666666666,0.0,17,18
Stable-order weighting,Upper 15%,dimension_color,both,sharp,C,0.03325,0.0,0.1111111111111111,0.0,17,18
Stable-order weighting,Upper 15%,dimension_color,both,sharp,CD,0.0003055555555555556,0.0,0.0,0.0,17,18
Stable-order weighting,Upper 15%,dimension_color,both,sharp,CDF,0.008430555555555556,0.0,0.05555555555555555,0.0,17,18
Stable-order weighting,Upper 15%,dimension_color,both,sharp,CF,0.1322361111111111,0.0,0.3333333333333333,0.05555555555555555,17,18
Stable-order weighting,Upper 15%,dimension_color,both,sharp,CFD,0.0028055555555555555,0.0,0.05555555555555555,0.0,17,18
Stable-order weighting,Upper 15%,dimension_color,both,sharp,F,0.09291666666666669,0.0,0.2222222222222222,0.0,17,18
Stable-order weighting,Upper 15%,dimension_color,both,sharp,FD,0.0003194444444444444,0.0,0.0,0.0,17,18
Stable-order weighting,Upper 15%,dimension_color,both,sharp,FDC,0.0009027777777777776,0.0,0.0,0.0,17,18
Stable-order weighting,Upper 15%,dimension_color,both,sharp,FC,0.012680555555555556,0.0,0.05555555555555555,0.0,17,18
Stable-order weighting,Upper 15%,dimension_color,both,sharp,FCD,0.0005416666666666666,0.0,0.0,0.0,17,18
Stable-order weighting,Upper 15%,dimension_color,second,sharp,D,0.003944444444444445,0.0,0.05555555555555555,0.0,17,18
Stable-order weighting,Upper 15%,dimension_color,second,sharp,DC,0.0866388888888889,0.0,0.2222222222222222,0.0,17,18
Stable-order weighting,Upper 15%,dimension_color,second,sharp,DCF,0.05116666666666667,0.0,0.16666666666666666,0.0,17,18
Stable-order weighting,Upper 15%,dimension_color,second,sharp,DF,0.018583333333333337,0.0,0.1111111111111111,0.0,17,18
Stable-order weighting,Upper 15%,dimension_color,second,sharp,DFC,0.002875,0.0,0.05555555555555555,0.0,17,18
Stable-order weighting,Upper 15%,dimension_color,second,sharp,C,0.7302777777777777,0.5,0.8888888888888888,0.7777777777777778,17,18
Stable-order weighting,Upper 15%,dimension_color,second,sharp,CD,0.0005,0.0,0.0,0.0,17,18
Stable-order weighting,Upper 15%,dimension_color,second,sharp,CDF,0.003486111111111111,0.0,0.05555555555555555,0.0,17,18
Stable-order weighting,Upper 15%,dimension_color,second,sharp,CF,0.08390277777777778,0.0,0.2222222222222222,0.2222222222222222,17,18
Stable-order weighting,Upper 15%,dimension_color,second,sharp,CFD,0.0019861111111111112,0.0,0.05555555555555555,0.0,17,18
Stable-order weighting,Upper 15%,dimension_color,second,sharp,F,0.012416666666666666,0.0,0.05555555555555555,0.0,17,18
Stable-order weighting,Upper 15%,dimension_color,second,sharp,FD,0.00018055555555555555,0.0,0.0,0.0,17,18
Stable-order weighting,Upper 15%,dimension_color,second,sharp,FDC,0.0004166666666666667,0.0,0.0,0.0,17,18
Stable-order weighting,Upper 15%,dimension_color,second,sharp,FC,0.003444444444444445,0.0,0.05555555555555555,0.0,17,18
Stable-order weighting,Upper 15%,dimension_color,second,sharp,FCD,0.00018055555555555555,0.0,0.0,0.0,17,18
Stable-order weighting,Upper 15%,color_form,second,sharp,D,0.0014166666666666666,0.0,0.05555555555555555,0.0,17,18
Stable-order weighting,Upper 15%,color_form,second,sharp,DC,0.01023611111111111,0.0,0.05555555555555555,0.0,17,18
Stable-order weighting,Upper 15%,color_form,second,sharp,DCF,0.06870833333333334,0.0,0.2222222222222222,0.0,17,18
Stable-order weighting,Upper 15%,color_form,second,sharp,DF,0.2243611111111111,0.05555555555555555,0.4444444444444444,0.2777777777777778,17,18
Stable-order weighting,Upper 15%,color_form,second,sharp,DFC,0.02747222222222222,0.0,0.1111111111111111,0.0,17,18
Stable-order weighting,Upper 15%,color_form,second,sharp,C,0.007597222222222221,0.0,0.05555555555555555,0.0,17,18
Stable-order weighting,Upper 15%,color_form,second,sharp,CD,0.0001111111111111111,0.0,0.0,0.0,17,18
Stable-order weighting,Upper 15%,color_form,second,sharp,CDF,0.001388888888888889,0.0,0.0,0.0,17,18
Stable-order weighting,Upper 15%,color_form,second,sharp,CF,0.06722222222222222,0.0,0.16666666666666666,0.1111111111111111,17,18
Stable-order weighting,Upper 15%,color_form,second,sharp,CFD,0.001625,0.0,0.05555555555555555,0.0,17,18
Stable-order weighting,Upper 15%,color_form,second,sharp,F,0.5760694444444444,0.3888888888888889,0.7777777777777778,0.6111111111111112,17,18
Stable-order weighting,Upper 15%,color_form,second,sharp,FD,0.0003055555555555556,0.0,0.0,0.0,17,18
Stable-order weighting,Upper 15%,color_form,second,sharp,FDC,0.0007222222222222222,0.0,0.0,0.0,17,18
Stable-order weighting,Upper 15%,color_form,second,sharp,FC,0.012388888888888889,0.0,0.05555555555555555,0.0,17,18
Stable-order weighting,Upper 15%,color_form,second,sharp,FCD,0.000375,0.0,0.0,0.0,17,18
Stable-order weighting,Upper 15%,dimension_form,both,blurred,D,0.001715909090909091,0.0,0.007575757575757576,0.0,17,132
Stable-order weighting,Upper 15%,dimension_form,both,blurred,DC,0.05338068181818181,0.015151515151515152,0.09109848484848554,0.007575757575757576,17,132
Stable-order weighting,Upper 15%,dimension_form,both,blurred,DCF,0.3024469696969697,0.22727272727272727,0.38636363636363635,0.5151515151515151,17,132
Stable-order weighting,Upper 15%,dimension_form,both,blurred,DF,0.11037499999999999,0.06060606060606061,0.16666666666666666,0.3712121212121212,17,132
Stable-order weighting,Upper 15%,dimension_form,both,blurred,DFC,0.026543560606060602,0.0,0.06060606060606061,0.0,17,132
Stable-order weighting,Upper 15%,dimension_form,both,blurred,C,0.03991666666666666,0.007575757575757576,0.07575757575757576,0.0,17,132
Stable-order weighting,Upper 15%,dimension_form,both,blurred,CD,0.00036363636363636367,0.0,0.007575757575757576,0.0,17,132
Stable-order weighting,Upper 15%,dimension_form,both,blurred,CDF,0.018507575757575757,0.0,0.045454545454545456,0.0,17,132
Stable-order weighting,Upper 15%,dimension_form,both,blurred,CF,0.375,0.29545454545454547,0.45454545454545453,0.10606060606060606,17,132
Stable-order weighting,Upper 15%,dimension_form,both,blurred,CFD,0.008833333333333332,0.0,0.030303030303030304,0.0,17,132
Stable-order weighting,Upper 15%,dimension_form,both,blurred,F,0.04282196969696969,0.015151515151515152,0.08333333333333333,0.0,17,132
Stable-order weighting,Upper 15%,dimension_form,both,blurred,FD,0.00025757575757575756,0.0,0.007575757575757576,0.0,17,132
Stable-order weighting,Upper 15%,dimension_form,both,blurred,FDC,0.0006458333333333332,0.0,0.007575757575757576,0.0,17,132
Stable-order weighting,Upper 15%,dimension_form,both,blurred,FC,0.01867613636363636,0.0,0.045454545454545456,0.0,17,132
Stable-order weighting,Upper 15%,dimension_form,both,blurred,FCD,0.0005151515151515151,0.0,0.007575757575757576,0.0,17,132
Stable-order weighting,Upper 15%,color_form,second,blurred,D,0.0007203703703703705,0.0,0.007407407407407408,0.0,17,135
Stable-order weighting,Upper 15%,color_form,second,blurred,DC,0.008807407407407406,0.0,0.02962962962962963,0.0,17,135
Stable-order weighting,Upper 15%,color_form,second,blurred,DCF,0.09019999999999999,0.044444444444444446,0.14074074074074075,0.1037037037037037,17,135
Stable-order weighting,Upper 15%,color_form,second,blurred,DF,0.20680555555555555,0.14074074074074075,0.2740740740740741,0.044444444444444446,17,135
Stable-order weighting,Upper 15%,color_form,second,blurred,DFC,0.03237962962962963,0.007407407407407408,0.06666666666666667,0.0,17,135
Stable-order weighting,Upper 15%,color_form,second,blurred,C,0.006738888888888889,0.0,0.022222222222222223,0.0,17,135
Stable-order weighting,Upper 15%,color_form,second,blurred,CD,0.00019074074074074078,0.0,0.007407407407407408,0.0,17,135
Stable-order weighting,Upper 15%,color_form,second,blurred,CDF,0.0017444444444444445,0.0,0.014814814814814815,0.0,17,135
Stable-order weighting,Upper 15%,color_form,second,blurred,CF,0.11465370370370372,0.06666666666666667,0.17037037037037037,0.35555555555555557,17,135
Stable-order weighting,Upper 15%,color_form,second,blurred,CFD,0.00257962962962963,0.0,0.014814814814814815,0.0,17,135
Stable-order weighting,Upper 15%,color_form,second,blurred,F,0.5107351851851851,0.42962962962962964,0.5925925925925926,0.45925925925925926,17,135
Stable-order weighting,Upper 15%,color_form,second,blurred,FD,0.00027037037037037036,0.0,0.007407407407407408,0.0,17,135
Stable-order weighting,Upper 15%,color_form,second,blurred,FDC,0.0011037037037037035,0.0,0.007407407407407408,0.0,17,135
Stable-order weighting,Upper 15%,color_form,second,blurred,FC,0.022444444444444444,0.0,0.05185185185185185,0.037037037037037035,17,135
Stable-order weighting,Upper 15%,color_form,second,blurred,FCD,0.0006259259259259259,0.0,0.007407407407407408,0.0,17,135
Stable-order weighting,Upper 15%,dimension_color,second,blurred,D,0.0023166666666666665,0.0,0.014814814814814815,0.0,17,135
Stable-order weighting,Upper 15%,dimension_color,second,blurred,DC,0.08996851851851852,0.044444444444444446,0.14074074074074075,0.0,17,135
Stable-order weighting,Upper 15%,dimension_color,second,blurred,DCF,0.05973518518518518,0.022222222222222223,0.1037037037037037,0.06666666666666667,17,135
Stable-order weighting,Upper 15%,dimension_color,second,blurred,DF,0.021062962962962964,0.0,0.05185185185185185,0.0,17,135
Stable-order weighting,Upper 15%,dimension_color,second,blurred,DFC,0.005507407407407407,0.0,0.022222222222222223,0.014814814814814815,17,135
Stable-order weighting,Upper 15%,dimension_color,second,blurred,C,0.6535666666666666,0.5703703703703704,0.7333333333333333,0.4,17,135
Stable-order weighting,Upper 15%,dimension_color,second,blurred,CD,0.0004907407407407408,0.0,0.007407407407407408,0.0,17,135
Stable-order weighting,Upper 15%,dimension_color,second,blurred,CDF,0.0032055555555555557,0.0,0.014814814814814815,0.0,17,135
Stable-order weighting,Upper 15%,dimension_color,second,blurred,CF,0.13947037037037038,0.08148148148148149,0.2,0.45925925925925926,17,135
Stable-order weighting,Upper 15%,dimension_color,second,blurred,CFD,0.0035499999999999998,0.0,0.014814814814814815,0.0,17,135
Stable-order weighting,Upper 15%,dimension_color,second,blurred,F,0.013551851851851855,0.0,0.037037037037037035,0.05925925925925926,17,135
Stable-order weighting,Upper 15%,dimension_color,second,blurred,FD,0.00017407407407407408,0.0,0.0,0.0,17,135
Stable-order weighting,Upper 15%,dimension_color,second,blurred,FDC,0.00030740740740740744,0.0,0.007407407407407408,0.0,17,135
Stable-order weighting,Upper 15%,dimension_color,second,blurred,FC,0.006753703703703703,0.0,0.022222222222222223,0.0,17,135
Stable-order weighting,Upper 15%,dimension_color,second,blurred,FCD,0.0003388888888888889,0.0,0.007407407407407408,0.0,17,135
Stable-order weighting,Upper 15%,color_form,both,blurred,D,0.0014814814814814814,0.0,0.007407407407407408,0.0,17,135
Stable-order weighting,Upper 15%,color_form,both,blurred,DC,0.03316481481481482,0.007407407407407408,0.06666666666666667,0.014814814814814815,17,135
Stable-order weighting,Upper 15%,color_form,both,blurred,DCF,0.23589444444444443,0.17037037037037037,0.3037037037037037,0.11851851851851852,17,135
Stable-order weighting,Upper 15%,color_form,both,blurred,DF,0.13195185185185185,0.08148148148148149,0.1925925925925926,0.037037037037037035,17,135
Stable-order weighting,Upper 15%,color_form,both,blurred,DFC,0.025625925925925927,0.007407407407407408,0.05185185185185185,0.0,17,135
Stable-order weighting,Upper 15%,color_form,both,blurred,C,0.03945185185185185,0.007407407407407408,0.07407407407407407,0.0,17,135
Stable-order weighting,Upper 15%,color_form,both,blurred,CD,0.00031851851851851854,0.0,0.007407407407407408,0.0,17,135
Stable-order weighting,Upper 15%,color_form,both,blurred,CDF,0.010464814814814816,0.0,0.02962962962962963,0.0,17,135
Stable-order weighting,Upper 15%,color_form,both,blurred,CF,0.39915185185185187,0.31851851851851853,0.48148148148148145,0.8148148148148148,17,135
Stable-order weighting,Upper 15%,color_form,both,blurred,CFD,0.008435185185185184,0.0,0.02962962962962963,0.0,17,135
Stable-order weighting,Upper 15%,color_form,both,blurred,F,0.08414444444444445,0.044444444444444446,0.13333333333333333,0.0,17,135
Stable-order weighting,Upper 15%,color_form,both,blurred,FD,0.0002518518518518519,0.0,0.007407407407407408,0.0,17,135
Stable-order weighting,Upper 15%,color_form,both,blurred,FDC,0.0006722222222222223,0.0,0.007407407407407408,0.0,17,135
Stable-order weighting,Upper 15%,color_form,both,blurred,FC,0.02844259259259259,0.007407407407407408,0.05925925925925926,0.014814814814814815,17,135
Stable-order weighting,Upper 15%,color_form,both,blurred,FCD,0.0005481481481481482,0.0,0.007407407407407408,0.0,17,135
Stable-order weighting,Upper 15%,dimension_color,both,blurred,D,0.001835185185185185,0.0,0.014814814814814815,0.0,17,135
Stable-order weighting,Upper 15%,dimension_color,both,blurred,DC,0.04164074074074074,0.014814814814814815,0.08148148148148149,0.022222222222222223,17,135
Stable-order weighting,Upper 15%,dimension_color,both,blurred,DCF,0.2867666666666667,0.21481481481481482,0.362962962962963,0.5333333333333333,17,135
Stable-order weighting,Upper 15%,dimension_color,both,blurred,DF,0.22924074074074077,0.15555555555555556,0.3037037037037037,0.05925925925925926,17,135
Stable-order weighting,Upper 15%,dimension_color,both,blurred,DFC,0.04122037037037037,0.014814814814814815,0.07425925925925993,0.007407407407407408,17,135
Stable-order weighting,Upper 15%,dimension_color,both,blurred,C,0.02220185185185185,0.0,0.05185185185185185,0.0,17,135
Stable-order weighting,Upper 15%,dimension_color,both,blurred,CD,0.0002759259259259259,0.0,0.007407407407407408,0.0,17,135
Stable-order weighting,Upper 15%,dimension_color,both,blurred,CDF,0.010216666666666667,0.0,0.02962962962962963,0.007407407407407408,17,135
Stable-order weighting,Upper 15%,dimension_color,both,blurred,CF,0.2603833333333333,0.18518518518518517,0.3333333333333333,0.2740740740740741,17,135
Stable-order weighting,Upper 15%,dimension_color,both,blurred,CFD,0.006383333333333333,0.0,0.022222222222222223,0.0,17,135
Stable-order weighting,Upper 15%,dimension_color,both,blurred,F,0.07418703703703704,0.02962962962962963,0.11851851851851852,0.0962962962962963,17,135
Stable-order weighting,Upper 15%,dimension_color,both,blurred,FD,0.00027037037037037036,0.0,0.007407407407407408,0.0,17,135
Stable-order weighting,Upper 15%,dimension_color,both,blurred,FDC,0.0010481481481481483,0.0,0.007407407407407408,0.0,17,135
Stable-order weighting,Upper 15%,dimension_color,both,blurred,FC,0.023681481481481484,0.0,0.05185185185185185,0.0,17,135
Stable-order weighting,Upper 15%,dimension_color,both,blurred,FCD,0.0006481481481481482,0.0,0.007407407407407408,0.0,17,135
Stable-order weighting,Upper 15%,color_form,first,blurred,D,0.002235185185185185,0.0,0.014814814814814815,0.007407407407407408,17,135
Stable-order weighting,Upper 15%,color_form,first,blurred,DC,0.11288888888888889,0.06666666666666667,0.17037037037037037,0.014814814814814815,17,135
Stable-order weighting,Upper 15%,color_form,first,blurred,DCF,0.05608703703703703,0.022222222222222223,0.0962962962962963,0.1259259259259259,17,135
Stable-order weighting,Upper 15%,color_form,first,blurred,DF,0.006588888888888889,0.0,0.022222222222222223,0.0,17,135
Stable-order weighting,Upper 15%,color_form,first,blurred,DFC,0.002844444444444444,0.0,0.014814814814814815,0.0,17,135
Stable-order weighting,Upper 15%,color_form,first,blurred,C,0.6929259259259258,0.6148148148148148,0.7703703703703704,0.4,17,135
Stable-order weighting,Upper 15%,color_form,first,blurred,CD,0.0008870370370370371,0.0,0.007407407407407408,0.0,17,135
Stable-order weighting,Upper 15%,color_form,first,blurred,CDF,0.007172222222222222,0.0,0.022222222222222223,0.0,17,135
Stable-order weighting,Upper 15%,color_form,first,blurred,CF,0.1088925925925926,0.05925925925925926,0.16296296296296298,0.45185185185185184,17,135
Stable-order weighting,Upper 15%,color_form,first,blurred,CFD,0.0031537037037037033,0.0,0.014814814814814815,0.0,17,135
Stable-order weighting,Upper 15%,color_form,first,blurred,F,0.003522222222222222,0.0,0.014814814814814815,0.0,17,135
Stable-order weighting,Upper 15%,color_form,first,blurred,FD,0.00017777777777777776,0.0,0.0,0.0,17,135
Stable-order weighting,Upper 15%,color_form,first,blurred,FDC,0.00023333333333333333,0.0,0.007407407407407408,0.0,17,135
Stable-order weighting,Upper 15%,color_form,first,blurred,FC,0.0021703703703703702,0.0,0.014814814814814815,0.0,17,135
Stable-order weighting,Upper 15%,color_form,first,blurred,FCD,0.0002203703703703704,0.0,0.007407407407407408,0.0,17,135
Stable-order weighting,Upper 15%,dimension_form,first,blurred,D,0.015151162790697673,0.0,0.03875968992248062,0.0,17,129
Stable-order weighting,Upper 15%,dimension_form,first,blurred,DC,0.10077325581395348,0.05426356589147287,0.15503875968992248,0.03875968992248062,17,129
Stable-order weighting,Upper 15%,dimension_form,first,blurred,DCF,0.45290310077519375,0.3643410852713178,0.5426356589147286,0.4806201550387597,17,129
Stable-order weighting,Upper 15%,dimension_form,first,blurred,DF,0.11207364341085271,0.06201550387596899,0.17054263565891473,0.1937984496124031,17,129
Stable-order weighting,Upper 15%,dimension_form,first,blurred,DFC,0.028976744186046514,0.007751937984496124,0.06201550387596899,0.015503875968992248,17,129
Stable-order weighting,Upper 15%,dimension_form,first,blurred,C,0.034813953488372094,0.007751937984496124,0.06976744186046512,0.08527131782945736,17,129
Stable-order weighting,Upper 15%,dimension_form,first,blurred,CD,0.0005775193798449612,0.0,0.007751937984496124,0.0,17,129
Stable-order weighting,Upper 15%,dimension_form,first,blurred,CDF,0.031244186046511628,0.007751937984496124,0.06201550387596899,0.0,17,129
Stable-order weighting,Upper 15%,dimension_form,first,blurred,CF,0.19012015503875968,0.12403100775193798,0.26356589147286824,0.18604651162790697,17,129
Stable-order weighting,Upper 15%,dimension_form,first,blurred,CFD,0.00537015503875969,0.0,0.023255813953488372,0.0,17,129
Stable-order weighting,Upper 15%,dimension_form,first,blurred,F,0.018164728682170544,0.0,0.046511627906976744,0.0,17,129
Stable-order weighting,Upper 15%,dimension_form,first,blurred,FD,0.0002248062015503876,0.0,0.007751937984496124,0.0,17,129
Stable-order weighting,Upper 15%,dimension_form,first,blurred,FDC,0.0006802325581395349,0.0,0.007751937984496124,0.0,17,129
Stable-order weighting,Upper 15%,dimension_form,first,blurred,FC,0.00860077519379845,0.0,0.023255813953488372,0.0,17,129
Stable-order weighting,Upper 15%,dimension_form,first,blurred,FCD,0.00032558139534883724,0.0,0.007751937984496124,0.0,17,129
Stable-order weighting,Upper 15%,dimension_color,first,blurred,D,0.012162878787878787,0.0,0.03787878787878788,0.0,17,132
Stable-order weighting,Upper 15%,dimension_color,first,blurred,DC,0.029808712121212118,0.007575757575757576,0.06060606060606061,0.03787878787878788,17,132
Stable-order weighting,Upper 15%,dimension_color,first,blurred,DCF,0.23531818181818182,0.16666666666666666,0.3106060606060606,0.5075757575757576,17,132
Stable-order weighting,Upper 15%,dimension_color,first,blurred,DF,0.49878409090909087,0.4090909090909091,0.5833333333333334,0.3484848484848485,17,132
Stable-order weighting,Upper 15%,dimension_color,first,blurred,DFC,0.06580113636363635,0.030303030303030304,0.11363636363636363,0.007575757575757576,17,132
Stable-order weighting,Upper 15%,dimension_color,first,blurred,C,0.006348484848484848,0.0,0.022727272727272728,0.0,17,132
Stable-order weighting,Upper 15%,dimension_color,first,blurred,CD,0.00023106060606060605,0.0,0.007575757575757576,0.0,17,132
Stable-order weighting,Upper 15%,dimension_color,first,blurred,CDF,0.00462310606060606,0.0,0.015151515151515152,0.0,17,132
Stable-order weighting,Upper 15%,dimension_color,first,blurred,CF,0.07397916666666665,0.030303030303030304,0.12121212121212122,0.07575757575757576,17,132
Stable-order weighting,Upper 15%,dimension_color,first,blurred,CFD,0.0021553030303030304,0.0,0.015151515151515152,0.0,17,132
Stable-order weighting,Upper 15%,dimension_color,first,blurred,F,0.0556155303030303,0.022727272727272728,0.09848484848484848,0.022727272727272728,17,132
Stable-order weighting,Upper 15%,dimension_color,first,blurred,FD,0.0003541666666666667,0.0,0.007575757575757576,0.0,17,132
Stable-order weighting,Upper 15%,dimension_color,first,blurred,FDC,0.0015454545454545454,0.0,0.007575757575757576,0.0,17,132
Stable-order weighting,Upper 15%,dimension_color,first,blurred,FC,0.012793560606060605,0.0,0.03787878787878788,0.0,17,132
Stable-order weighting,Upper 15%,dimension_color,first,blurred,FCD,0.00047916666666666675,0.0,0.007575757575757576,0.0,17,132
Stable-order weighting,Upper 15%,dimension_form,second,blurred,D,0.0007833333333333335,0.0,0.007407407407407408,0.0,17,135
Stable-order weighting,Upper 15%,dimension_form,second,blurred,DC,0.017379629629629634,0.0,0.044444444444444446,0.0,17,135
Stable-order weighting,Upper 15%,dimension_form,second,blurred,DCF,0.1404148148148148,0.08148148148148149,0.2,0.05925925925925926,17,135
Stable-order weighting,Upper 15%,dimension_form,second,blurred,DF,0.08941666666666666,0.044444444444444446,0.14074074074074075,0.0,17,135
Stable-order weighting,Upper 15%,dimension_form,second,blurred,DFC,0.0178,0.0,0.044444444444444446,0.0,17,135
Stable-order weighting,Upper 15%,dimension_form,second,blurred,C,0.02182037037037037,0.0,0.05185185185185185,0.014814814814814815,17,135
Stable-order weighting,Upper 15%,dimension_form,second,blurred,CD,0.0002777777777777778,0.0,0.007407407407407408,0.0,17,135
Stable-order weighting,Upper 15%,dimension_form,second,blurred,CDF,0.006027777777777778,0.0,0.022222222222222223,0.0,17,135
Stable-order weighting,Upper 15%,dimension_form,second,blurred,CF,0.3306462962962963,0.2518518518518518,0.4074074074074074,0.43703703703703706,17,135
Stable-order weighting,Upper 15%,dimension_form,second,blurred,CFD,0.00767037037037037,0.0,0.022222222222222223,0.0,17,135
Stable-order weighting,Upper 15%,dimension_form,second,blurred,F,0.3442222222222222,0.26666666666666666,0.4222222222222222,0.4740740740740741,17,135
Stable-order weighting,Upper 15%,dimension_form,second,blurred,FD,0.0002185185185185185,0.0,0.007407407407407408,0.0,17,135
Stable-order weighting,Upper 15%,dimension_form,second,blurred,FDC,0.0005129629629629631,0.0,0.007407407407407408,0.0,17,135
Stable-order weighting,Upper 15%,dimension_form,second,blurred,FC,0.02223148148148148,0.0,0.05185185185185185,0.014814814814814815,17,135
Stable-order weighting,Upper 15%,dimension_form,second,blurred,FCD,0.0005777777777777778,0.0,0.007407407407407408,0.0,17,135
