parameter,combination,relevant_property,sharpness,category,Lower 15%,Upper 15%,upper_minus_lower,absolute_gap,observed_upper_minus_lower,tail_difference_residual,absolute_tail_difference_residual
Pragmatic optimality,color_form,both,blurred,C,0.025412037037037035,0.09783680555555556,0.07242476851851852,0.07242476851851852,0.013888888888888888,-0.05853587962962963,0.05853587962962963
Pragmatic optimality,color_form,both,blurred,CD,0.0014675925925925926,0.0015138888888888888,4.629629629629623e-05,4.629629629629623e-05,0.0,-4.629629629629623e-05,4.629629629629623e-05
Pragmatic optimality,color_form,both,blurred,CDF,0.0175,0.02026388888888889,0.0027638888888888886,0.0027638888888888886,0.05555555555555555,0.05279166666666667,0.05279166666666667
Pragmatic optimality,color_form,both,blurred,CF,0.37130555555555556,0.4108159722222222,0.03951041666666666,0.03951041666666666,0.3194444444444444,0.27993402777777776,0.27993402777777776
Pragmatic optimality,color_form,both,blurred,CFD,0.016907407407407406,0.027468750000000004,0.010561342592592598,0.010561342592592598,-0.037037037037037035,-0.047598379629629636,0.047598379629629636
Pragmatic optimality,color_form,both,blurred,D,0.0017222222222222224,0.0059340277777777785,0.004211805555555556,0.004211805555555556,0.013888888888888888,0.009677083333333333,0.009677083333333333
Pragmatic optimality,color_form,both,blurred,DC,0.028828703703703704,0.03225,0.0034212962962962973,0.0034212962962962973,-0.023148148148148147,-0.026569444444444444,0.026569444444444444
Pragmatic optimality,color_form,both,blurred,DCF,0.18185185185185185,0.08664583333333332,-0.09520601851851852,0.09520601851851852,-0.027777777777777776,0.06742824074074075,0.06742824074074075
Pragmatic optimality,color_form,both,blurred,DF,0.11057870370370369,0.08478819444444445,-0.025790509259259242,0.025790509259259242,0.009259259259259259,0.0350497685185185,0.0350497685185185
Pragmatic optimality,color_form,both,blurred,DFC,0.057222222222222216,0.01398263888888889,-0.043239583333333324,0.043239583333333324,-0.09259259259259259,-0.04935300925925926,0.04935300925925926
Pragmatic optimality,color_form,both,blurred,F,0.0645185185185185,0.1703298611111111,0.10581134259259259,0.10581134259259259,0.013888888888888888,-0.0919224537037037,0.0919224537037037
Pragmatic optimality,color_form,both,blurred,FC,0.10821296296296294,0.043659722222222225,-0.06455324074074072,0.06455324074074072,-0.22685185185185183,-0.1622986111111111,0.1622986111111111
Pragmatic optimality,color_form,both,blurred,FCD,0.005236111111111111,0.0027222222222222222,-0.0025138888888888884,0.0025138888888888884,0.0,0.0025138888888888884,0.0025138888888888884
Pragmatic optimality,color_form,both,blurred,FD,0.0021157407407407405,0.0008298611111111111,-0.0012858796296296294,0.0012858796296296294,-0.018518518518518517,-0.017232638888888888,0.017232638888888888
Pragmatic optimality,color_form,both,blurred,FDC,0.007120370370370371,0.0009583333333333334,-0.006162037037037037,0.006162037037037037,0.0,0.006162037037037037,0.006162037037037037
Pragmatic optimality,color_form,both,sharp,C,0.033262626262626264,0.15633950617283948,0.12307687991021321,0.12307687991021321,0.0,-0.12307687991021321,0.12307687991021321
Pragmatic optimality,color_form,both,sharp,CD,0.001234848484848485,0.0007345679012345679,-0.000500280583613917,0.000500280583613917,0.0,0.000500280583613917,0.000500280583613917
Pragmatic optimality,color_form,both,sharp,CDF,0.019535353535353538,0.004108024691358025,-0.015427328843995513,0.015427328843995513,0.0,0.015427328843995513,0.015427328843995513
Pragmatic optimality,color_form,both,sharp,CF,0.4243333333333334,0.3220648148148148,-0.10226851851851859,0.10226851851851859,0.23905723905723897,0.34132575757575756,0.34132575757575756
Pragmatic optimality,color_form,both,sharp,CFD,0.019290404040404042,0.002012345679012346,-0.017278058361391697,0.017278058361391697,0.0,0.017278058361391697,0.017278058361391697
Pragmatic optimality,color_form,both,sharp,D,0.001941919191919192,0.007922839506172839,0.005980920314253647,0.005980920314253647,0.012345679012345678,0.006364758698092031,0.006364758698092031
Pragmatic optimality,color_form,both,sharp,DC,0.025704545454545456,0.030117283950617284,0.004412738496071829,0.004412738496071829,0.037037037037037035,0.032624298540965206,0.032624298540965206
Pragmatic optimality,color_form,both,sharp,DCF,0.14087121212121212,0.062080246913580245,-0.07879096520763187,0.07879096520763187,-0.12682379349046016,-0.04803282828282829,0.04803282828282829
Pragmatic optimality,color_form,both,sharp,DF,0.09077777777777778,0.08253395061728395,-0.008243827160493822,0.008243827160493822,0.02918069584736251,0.03742452300785633,0.03742452300785633
Pragmatic optimality,color_form,both,sharp,DFC,0.048368686868686867,0.013182098765432098,-0.03518658810325477,0.03518658810325477,-0.07856341189674523,-0.04337682379349046,0.04337682379349046
Pragmatic optimality,color_form,both,sharp,F,0.07941666666666666,0.2718858024691358,0.19246913580246913,0.19246913580246913,0.0,-0.19246913580246913,0.19246913580246913
Pragmatic optimality,color_form,both,sharp,FC,0.10376262626262626,0.045398148148148146,-0.05836447811447812,0.05836447811447812,-0.11223344556677892,-0.0538689674523008,0.0538689674523008
Pragmatic optimality,color_form,both,sharp,FCD,0.004275252525252526,0.0004228395061728395,-0.0038524130190796865,0.0038524130190796865,0.0,0.0038524130190796865,0.0038524130190796865
Pragmatic optimality,color_form,both,sharp,FD,0.001558080808080808,0.0006172839506172839,-0.0009407968574635242,0.0009407968574635242,0.0,0.0009407968574635242,0.0009407968574635242
Pragmatic optimality,color_form,both,sharp,FDC,0.005666666666666667,0.0005802469135802468,-0.0050864197530864205,0.0050864197530864205,0.0,0.0050864197530864205,0.0050864197530864205
Pragmatic optimality,color_form,first,blurred,C,0.6708472222222222,0.8670138888888889,0.1961666666666667,0.1961666666666667,0.5231481481481481,0.32698148148148143,0.32698148148148143
Pragmatic optimality,color_form,first,blurred,CD,0.005097222222222222,0.005128472222222223,3.1250000000000895e-05,3.1250000000000895e-05,0.0,-3.1250000000000895e-05,3.1250000000000895e-05
Pragmatic optimality,color_form,first,blurred,CDF,0.005375,0.007642361111111111,0.0022673611111111115,0.0022673611111111115,0.05555555555555555,0.053288194444444444,0.053288194444444444
Pragmatic optimality,color_form,first,blurred,CF,0.08185185185185184,0.05990625,-0.02194560185185184,0.02194560185185184,-0.12037037037037035,-0.0984247685185185,0.0984247685185185
Pragmatic optimality,color_form,first,blurred,CFD,0.0031990740740740734,0.004798611111111112,0.0015995370370370386,0.0015995370370370386,0.0,-0.0015995370370370386,0.0015995370370370386
Pragmatic optimality,color_form,first,blurred,D,0.0026018518518518517,0.003104166666666667,0.0005023148148148152,0.0005023148148148152,-0.018518518518518517,-0.019020833333333334,0.019020833333333334
Pragmatic optimality,color_form,first,blurred,DC,0.14043518518518516,0.03476736111111112,-0.10566782407407405,0.10566782407407405,0.009259259259259259,0.1149270833333333,0.1149270833333333
Pragmatic optimality,color_form,first,blurred,DCF,0.045685185185185176,0.0090625,-0.036622685185185175,0.036622685185185175,-0.17129629629629628,-0.1346736111111111,0.1346736111111111
Pragmatic optimality,color_form,first,blurred,DF,0.01014814814814815,0.0017534722222222218,-0.008394675925925927,0.008394675925925927,0.0,0.008394675925925927,0.008394675925925927
Pragmatic optimality,color_form,first,blurred,DFC,0.011328703703703702,0.00071875,-0.010609953703703701,0.010609953703703701,-0.09259259259259259,-0.08198263888888889,0.08198263888888889
Pragmatic optimality,color_form,first,blurred,F,0.0047638888888888896,0.0035277777777777777,-0.0012361111111111119,0.0012361111111111119,0.0,0.0012361111111111119,0.0012361111111111119
Pragmatic optimality,color_form,first,blurred,FC,0.01620833333333333,0.001857638888888889,-0.014350694444444442,0.014350694444444442,-0.16666666666666666,-0.1523159722222222,0.1523159722222222
Pragmatic optimality,color_form,first,blurred,FCD,0.0009074074074074074,0.0002534722222222222,-0.0006539351851851852,0.0006539351851851852,0.0,0.0006539351851851852,0.0006539351851851852
Pragmatic optimality,color_form,first,blurred,FD,0.00032870370370370367,0.00021527777777777775,-0.00011342592592592592,0.00011342592592592592,0.0,0.00011342592592592592,0.00011342592592592592
Pragmatic optimality,color_form,first,blurred,FDC,0.0012222222222222224,0.00025,-0.0009722222222222224,0.0009722222222222224,-0.018518518518518517,-0.017546296296296296,0.017546296296296296
Pragmatic optimality,color_form,first,sharp,C,0.7384141414141413,0.9014382716049384,0.1630241301907971,0.1630241301907971,0.654320987654321,0.4912968574635239,0.4912968574635239
Pragmatic optimality,color_form,first,sharp,CD,0.004835858585858587,0.0014290123456790122,-0.0034068462401795744,0.0034068462401795744,0.0,0.0034068462401795744,0.0034068462401795744
Pragmatic optimality,color_form,first,sharp,CDF,0.006386363636363637,0.0010833333333333333,-0.005303030303030304,0.005303030303030304,-0.020202020202020204,-0.0148989898989899,0.0148989898989899
Pragmatic optimality,color_form,first,sharp,CF,0.0838080808080808,0.02149074074074074,-0.06231734006734006,0.06231734006734006,-0.35353535353535354,-0.29121801346801346,0.29121801346801346
Pragmatic optimality,color_form,first,sharp,CFD,0.004184343434343435,0.00038271604938271603,-0.0038016273849607184,0.0038016273849607184,0.0,0.0038016273849607184,0.0038016273849607184
Pragmatic optimality,color_form,first,sharp,D,0.0031313131313131315,0.004728395061728394,0.0015970819304152624,0.0015970819304152624,0.0022446689113355765,0.0006475869809203141,0.0006475869809203141
Pragmatic optimality,color_form,first,sharp,DC,0.09808838383838384,0.052975308641975305,-0.04511307519640853,0.04511307519640853,-0.010101010101010102,0.03501206509539843,0.03501206509539843
Pragmatic optimality,color_form,first,sharp,DCF,0.027171717171717173,0.007512345679012345,-0.01965937149270483,0.01965937149270483,-0.10101010101010101,-0.08135072951739618,0.08135072951739618
Pragmatic optimality,color_form,first,sharp,DF,0.006598484848484848,0.0024382716049382715,-0.004160213243546576,0.004160213243546576,-0.04040404040404041,-0.03624382716049383,0.03624382716049383
Pragmatic optimality,color_form,first,sharp,DFC,0.007618686868686869,0.0009074074074074073,-0.006711279461279462,0.006711279461279462,-0.04040404040404041,-0.03369276094276095,0.03369276094276095
Pragmatic optimality,color_form,first,sharp,F,0.004994949494949496,0.0034907407407407404,-0.0015042087542087553,0.0015042087542087553,0.0,0.0015042087542087553,0.0015042087542087553
Pragmatic optimality,color_form,first,sharp,FC,0.012845959595959596,0.0015925925925925925,-0.011253367003367005,0.011253367003367005,-0.09090909090909091,-0.07965572390572391,0.07965572390572391
Pragmatic optimality,color_form,first,sharp,FCD,0.0006843434343434344,0.00018209876543209873,-0.0005022446689113356,0.0005022446689113356,0.0,0.0005022446689113356,0.0005022446689113356
Pragmatic optimality,color_form,first,sharp,FD,0.00027272727272727274,0.00017592592592592592,-9.680134680134682e-05,9.680134680134682e-05,0.0,9.680134680134682e-05,9.680134680134682e-05
Pragmatic optimality,color_form,first,sharp,FDC,0.0009646464646464647,0.0001728395061728395,-0.0007918069584736253,0.0007918069584736253,0.0,0.0007918069584736253,0.0007918069584736253
Pragmatic optimality,color_form,second,blurred,C,0.0059722222222222225,0.010631944444444446,0.004659722222222223,0.004659722222222223,0.0,-0.004659722222222223,0.004659722222222223
Pragmatic optimality,color_form,second,blurred,CD,0.0004583333333333334,0.0002743055555555556,-0.0001840277777777778,0.0001840277777777778,0.0,0.0001840277777777778,0.0001840277777777778
Pragmatic optimality,color_form,second,blurred,CDF,0.005736111111111111,0.0021180555555555553,-0.0036180555555555558,0.0036180555555555558,0.0,0.0036180555555555558,0.0036180555555555558
Pragmatic optimality,color_form,second,blurred,CF,0.1497453703703704,0.07809375,-0.07165162037037039,0.07165162037037039,-0.09259259259259259,-0.0209409722222222,0.0209409722222222
Pragmatic optimality,color_form,second,blurred,CFD,0.005712962962962963,0.006378472222222223,0.0006655092592592598,0.0006655092592592598,-0.018518518518518517,-0.01918402777777778,0.01918402777777778
Pragmatic optimality,color_form,second,blurred,D,0.000800925925925926,0.002111111111111111,0.001310185185185185,0.001310185185185185,0.0,-0.001310185185185185,0.001310185185185185
Pragmatic optimality,color_form,second,blurred,DC,0.00797222222222222,0.005027777777777778,-0.002944444444444443,0.002944444444444443,0.0,0.002944444444444443,0.002944444444444443
Pragmatic optimality,color_form,second,blurred,DCF,0.09057870370370369,0.01950347222222222,-0.07107523148148147,0.07107523148148147,-0.1388888888888889,-0.06781365740740743,0.06781365740740743
Pragmatic optimality,color_form,second,blurred,DF,0.1546435185185185,0.08303819444444445,-0.07160532407407406,0.07160532407407406,0.0,0.07160532407407406,0.07160532407407406
Pragmatic optimality,color_form,second,blurred,DFC,0.03935648148148148,0.010361111111111111,-0.028995370370370366,0.028995370370370366,-0.09259259259259259,-0.06359722222222222,0.06359722222222222
Pragmatic optimality,color_form,second,blurred,F,0.4686296296296296,0.746125,0.2774953703703704,0.2774953703703704,0.6018518518518519,0.32435648148148144,0.32435648148148144
Pragmatic optimality,color_form,second,blurred,FC,0.06062499999999999,0.030732638888888893,-0.0298923611111111,0.0298923611111111,-0.25925925925925924,-0.22936689814814815,0.22936689814814815
Pragmatic optimality,color_form,second,blurred,FCD,0.0031759259259259262,0.003010416666666667,-0.00016550925925925934,0.00016550925925925934,0.0,0.00016550925925925934,0.00016550925925925934
Pragmatic optimality,color_form,second,blurred,FD,0.0024027777777777776,0.0011631944444444443,-0.0012395833333333332,0.0012395833333333332,0.0,0.0012395833333333332,0.0012395833333333332
Pragmatic optimality,color_form,second,blurred,FDC,0.004189814814814815,0.0014305555555555554,-0.002759259259259259,0.002759259259259259,0.0,0.002759259259259259,0.002759259259259259
Pragmatic optimality,color_form,second,sharp,C,0.006570707070707071,0.01174074074074074,0.00517003367003367,0.00517003367003367,0.0,-0.00517003367003367,0.00517003367003367
Pragmatic optimality,color_form,second,sharp,CD,0.000351010101010101,0.0002932098765432099,-5.780022446689114e-05,5.780022446689114e-05,0.0,5.780022446689114e-05,5.780022446689114e-05
Pragmatic optimality,color_form,second,sharp,CDF,0.005972222222222223,0.0006851851851851852,-0.005287037037037038,0.005287037037037038,-0.010101010101010102,-0.004813973063973064,0.004813973063973064
Pragmatic optimality,color_form,second,sharp,CF,0.13604040404040404,0.03206172839506174,-0.1039786756453423,0.1039786756453423,-0.3108866442199776,-0.20690796857463528,0.20690796857463528
Pragmatic optimality,color_form,second,sharp,CFD,0.00581060606060606,0.0004290123456790123,-0.005381593714927048,0.005381593714927048,0.0,0.005381593714927048,0.005381593714927048
Pragmatic optimality,color_form,second,sharp,D,0.0013005050505050506,0.003419753086419753,0.0021192480359147024,0.0021192480359147024,0.0,-0.0021192480359147024,0.0021192480359147024
Pragmatic optimality,color_form,second,sharp,DC,0.008184343434343435,0.005833333333333333,-0.002351010101010102,0.002351010101010102,0.0,0.002351010101010102,0.002351010101010102
Pragmatic optimality,color_form,second,sharp,DCF,0.07437121212121213,0.01285185185185185,-0.06151936026936028,0.06151936026936028,-0.08080808080808081,-0.019288720538720536,0.019288720538720536
Pragmatic optimality,color_form,second,sharp,DF,0.14499747474747474,0.0896358024691358,-0.055361672278338936,0.055361672278338936,0.0022446689113355765,0.05760634118967451,0.05760634118967451
Pragmatic optimality,color_form,second,sharp,DFC,0.03819949494949495,0.00653395061728395,-0.031665544332211,0.031665544332211,-0.030303030303030304,0.0013625140291806948,0.0013625140291806948
Pragmatic optimality,color_form,second,sharp,F,0.5147247474747475,0.8247376543209877,0.31001290684624017,0.31001290684624017,0.5308641975308642,0.22085129068462406,0.22085129068462406
Pragmatic optimality,color_form,second,sharp,FC,0.05398989898989899,0.010358024691358023,-0.04363187429854097,0.04363187429854097,-0.08080808080808081,-0.037176206509539844,0.037176206509539844
Pragmatic optimality,color_form,second,sharp,FCD,0.0028156565656565656,0.0002993827160493827,-0.0025162738496071826,0.0025162738496071826,0.0,0.0025162738496071826,0.0025162738496071826
Pragmatic optimality,color_form,second,sharp,FD,0.0021111111111111118,0.000632716049382716,-0.0014783950617283958,0.0014783950617283958,0.0,0.0014783950617283958,0.0014783950617283958
Pragmatic optimality,color_form,second,sharp,FDC,0.00456060606060606,0.00048765432098765433,-0.004072951739618406,0.004072951739618406,-0.020202020202020204,-0.016129068462401797,0.016129068462401797
Pragmatic optimality,dimension_color,both,blurred,C,0.01999074074074074,0.06867708333333335,0.04868634259259261,0.04868634259259261,0.0,-0.04868634259259261,0.04868634259259261
Pragmatic optimality,dimension_color,both,blurred,CD,0.0013055555555555555,0.0020625,0.0007569444444444446,0.0007569444444444446,0.0,-0.0007569444444444446,0.0007569444444444446
Pragmatic optimality,dimension_color,both,blurred,CDF,0.019055555555555555,0.030854166666666672,0.011798611111111117,0.011798611111111117,0.2175925925925926,0.20579398148148148,0.20579398148148148
Pragmatic optimality,dimension_color,both,blurred,CF,0.3024074074074074,0.2938090277777778,-0.008598379629629616,0.008598379629629616,-0.032407407407407385,-0.02380902777777777,0.02380902777777777
Pragmatic optimality,dimension_color,both,blurred,CFD,0.015949074074074074,0.02206944444444445,0.006120370370370377,0.006120370370370377,0.0,-0.006120370370370377,0.006120370370370377
Pragmatic optimality,dimension_color,both,blurred,D,0.0017037037037037038,0.007697916666666667,0.005994212962962963,0.005994212962962963,0.0,-0.005994212962962963,0.005994212962962963
Pragmatic optimality,dimension_color,both,blurred,DC,0.027625,0.04148263888888889,0.013857638888888888,0.013857638888888888,0.07407407407407407,0.060216435185185185,0.060216435185185185
Pragmatic optimality,dimension_color,both,blurred,DCF,0.20978703703703702,0.13565972222222222,-0.0741273148148148,0.0741273148148148,0.041666666666666685,0.11579398148148148,0.11579398148148148
Pragmatic optimality,dimension_color,both,blurred,DF,0.14560185185185184,0.1450625,-0.0005393518518518325,0.0005393518518518325,0.027777777777777776,0.02831712962962961,0.02831712962962961
Pragmatic optimality,dimension_color,both,blurred,DFC,0.068625,0.022000000000000002,-0.046625,0.046625,-0.25925925925925924,-0.21263425925925925,0.21263425925925925
Pragmatic optimality,dimension_color,both,blurred,F,0.0725787037037037,0.17703125,0.1044525462962963,0.1044525462962963,0.09722222222222224,-0.007230324074074063,0.007230324074074063
Pragmatic optimality,dimension_color,both,blurred,FC,0.09932407407407406,0.04630902777777777,-0.053015046296296296,0.053015046296296296,-0.14814814814814814,-0.09513310185185184,0.09513310185185184
Pragmatic optimality,dimension_color,both,blurred,FCD,0.005569444444444445,0.003982638888888888,-0.0015868055555555566,0.0015868055555555566,0.0,0.0015868055555555566,0.0015868055555555566
Pragmatic optimality,dimension_color,both,blurred,FD,0.002587962962962963,0.001357638888888889,-0.001230324074074074,0.001230324074074074,0.0,0.001230324074074074,0.001230324074074074
Pragmatic optimality,dimension_color,both,blurred,FDC,0.007888888888888888,0.0019444444444444444,-0.005944444444444443,0.005944444444444443,-0.018518518518518517,-0.012574074074074074,0.012574074074074074
Pragmatic optimality,dimension_color,both,sharp,C,0.021151515151515154,0.08027777777777777,0.05912626262626261,0.05912626262626261,0.0,-0.05912626262626261,0.05912626262626261
Pragmatic optimality,dimension_color,both,sharp,CD,0.001186868686868687,0.001441358024691358,0.000254489337822671,0.000254489337822671,0.024691358024691357,0.024436868686868687,0.024436868686868687
Pragmatic optimality,dimension_color,both,sharp,CDF,0.02385858585858586,0.013533950617283949,-0.010324635241301911,0.010324635241301911,-0.010101010101010102,0.00022362514029180929,0.00022362514029180929
Pragmatic optimality,dimension_color,both,sharp,CF,0.27573989898989903,0.13191358024691358,-0.14382631874298546,0.14382631874298546,-0.22446689113355783,-0.08064057239057237,0.08064057239057237
Pragmatic optimality,dimension_color,both,sharp,CFD,0.01633080808080808,0.002194444444444444,-0.014136363636363638,0.014136363636363638,0.0,0.014136363636363638,0.014136363636363638
Pragmatic optimality,dimension_color,both,sharp,D,0.0026262626262626263,0.018864197530864196,0.01623793490460157,0.01623793490460157,0.0,-0.01623793490460157,0.01623793490460157
Pragmatic optimality,dimension_color,both,sharp,DC,0.03317171717171718,0.07399074074074073,0.04081902356902355,0.04081902356902355,0.40852974186307517,0.3677107182940516,0.3677107182940516
Pragmatic optimality,dimension_color,both,sharp,DCF,0.20979040404040405,0.17748456790123457,-0.032305836139169486,0.032305836139169486,-0.08754208754208753,-0.055236251402918046,0.055236251402918046
Pragmatic optimality,dimension_color,both,sharp,DF,0.1666010101010101,0.23551234567901236,0.06891133557800225,0.06891133557800225,0.10213243546576879,0.033221099887766545,0.033221099887766545
Pragmatic optimality,dimension_color,both,sharp,DFC,0.07459848484848484,0.03145679012345679,-0.04314169472502805,0.04314169472502805,-0.12121212121212122,-0.07807042648709317,0.07807042648709317
Pragmatic optimality,dimension_color,both,sharp,F,0.08023232323232324,0.20450925925925925,0.12427693602693601,0.12427693602693601,-0.011223344556677894,-0.1355002805836139,0.1355002805836139
Pragmatic optimality,dimension_color,both,sharp,FC,0.08008080808080809,0.025435185185185182,-0.0546456228956229,0.0546456228956229,-0.08080808080808081,-0.026162457912457915,0.026162457912457915
Pragmatic optimality,dimension_color,both,sharp,FCD,0.004494949494949494,0.0006265432098765431,-0.0038684062850729514,0.0038684062850729514,0.0,0.0038684062850729514,0.0038684062850729514
Pragmatic optimality,dimension_color,both,sharp,FD,0.0023409090909090914,0.0012376543209876543,-0.001103254769921437,0.001103254769921437,0.0,0.001103254769921437,0.001103254769921437
Pragmatic optimality,dimension_color,both,sharp,FDC,0.007795454545454546,0.0015216049382716051,-0.006273849607182941,0.006273849607182941,0.0,0.006273849607182941,0.006273849607182941
Pragmatic optimality,dimension_color,first,blurred,C,0.010952830188679248,0.016528985507246376,0.005576155318567129,0.005576155318567129,0.0,-0.005576155318567129,0.005576155318567129
Pragmatic optimality,dimension_color,first,blurred,CD,0.0012028301886792456,0.0009347826086956523,-0.00026804757998359337,0.00026804757998359337,-0.018867924528301886,-0.018599876948318293,0.018599876948318293
Pragmatic optimality,dimension_color,first,blurred,CDF,0.01597641509433962,0.012971014492753624,-0.0030054006015859964,0.0030054006015859964,0.2130161334427126,0.2160215340442986,0.2160215340442986
Pragmatic optimality,dimension_color,first,blurred,CF,0.16250943396226417,0.0756159420289855,-0.08689349193327867,0.08689349193327867,-0.1873120043751709,-0.10041851244189223,0.10041851244189223
Pragmatic optimality,dimension_color,first,blurred,CFD,0.011599056603773585,0.006239130434782608,-0.005359926168990977,0.005359926168990977,0.0,0.005359926168990977,0.005359926168990977
Pragmatic optimality,dimension_color,first,blurred,D,0.016141509433962264,0.06818115942028985,0.05203964998632758,0.05203964998632758,0.2463768115942029,0.19433716160787534,0.19433716160787534
Pragmatic optimality,dimension_color,first,blurred,DC,0.024127358490566034,0.036221014492753625,0.012093656002187592,0.012093656002187592,0.02461033634126333,0.012516680339075738,0.012516680339075738
Pragmatic optimality,dimension_color,first,blurred,DCF,0.19724528301886793,0.13403623188405797,-0.06320905113480996,0.06320905113480996,-0.13945857260049221,-0.07624952146568226,0.07624952146568226
Pragmatic optimality,dimension_color,first,blurred,DF,0.299561320754717,0.4242536231884058,0.12469230243368884,0.12469230243368884,0.2100082034454471,0.08531590101175826,0.08531590101175826
Pragmatic optimality,dimension_color,first,blurred,DFC,0.08257075471698112,0.05664492753623189,-0.025925827180749234,0.025925827180749234,-0.2641509433962264,-0.23822511621547718,0.23822511621547718
Pragmatic optimality,dimension_color,first,blurred,F,0.0832877358490566,0.12801086956521737,0.04472313371616077,0.04472313371616077,0.010117582718074926,-0.03460555099808584,0.03460555099808584
Pragmatic optimality,dimension_color,first,blurred,FC,0.07207547169811321,0.026199275362318843,-0.045876196335794366,0.045876196335794366,-0.07547169811320754,-0.02959550177741318,0.02959550177741318
Pragmatic optimality,dimension_color,first,blurred,FCD,0.006000000000000001,0.0027681159420289854,-0.0032318840579710155,0.0032318840579710155,-0.018867924528301886,-0.015636040470330872,0.015636040470330872
Pragmatic optimality,dimension_color,first,blurred,FD,0.006146226415094339,0.005108695652173912,-0.0010375307629204274,0.0010375307629204274,0.0,0.0010375307629204274,0.0010375307629204274
Pragmatic optimality,dimension_color,first,blurred,FDC,0.01060377358490566,0.006286231884057971,-0.00431754170084769,0.00431754170084769,0.0,0.00431754170084769,0.00431754170084769
Pragmatic optimality,dimension_color,first,sharp,C,0.007545918367346939,0.00814506172839506,0.000599143361048121,0.000599143361048121,0.0,-0.000599143361048121,0.000599143361048121
Pragmatic optimality,dimension_color,first,sharp,CD,0.0009005102040816327,0.00037037037037037035,-0.0005301398337112624,0.0005301398337112624,0.0,0.0005301398337112624,0.0005301398337112624
Pragmatic optimality,dimension_color,first,sharp,CDF,0.015270408163265307,0.0017932098765432098,-0.013477198286722097,0.013477198286722097,-0.030612244897959183,-0.017135046611237086,0.017135046611237086
Pragmatic optimality,dimension_color,first,sharp,CF,0.07756632653061223,0.010617283950617284,-0.06694904257999494,0.06694904257999494,-0.2835726883345931,-0.21662364575459814,0.21662364575459814
Pragmatic optimality,dimension_color,first,sharp,CFD,0.0072499999999999995,0.0004290123456790123,-0.006820987654320987,0.006820987654320987,0.0,0.006820987654320987,0.006820987654320987
Pragmatic optimality,dimension_color,first,sharp,D,0.14774744897959186,0.41190123456790123,0.2641537855883094,0.2641537855883094,0.5330057949105568,0.2688520093222474,0.2688520093222474
Pragmatic optimality,dimension_color,first,sharp,DC,0.03350765306122449,0.032858024691358026,-0.0006496283698664632,0.0006496283698664632,0.03111615016376921,0.03176577853363567,0.03176577853363567
Pragmatic optimality,dimension_color,first,sharp,DCF,0.19643367346938778,0.07571604938271605,-0.12071762408667173,0.12071762408667173,-0.11766187956664148,0.003055744520030254,0.003055744520030254
Pragmatic optimality,dimension_color,first,sharp,DF,0.3162755102040816,0.3540586419753086,0.037783131771226997,0.037783131771226997,-0.06991685563114136,-0.10769998740236836,0.10769998740236836
Pragmatic optimality,dimension_color,first,sharp,DFC,0.08707653061224489,0.033324074074074075,-0.05375245653817082,0.05375245653817082,-0.061224489795918366,-0.0074720332577475485,0.0074720332577475485
Pragmatic optimality,dimension_color,first,sharp,F,0.059869897959183675,0.06491358024691357,0.005043682287729896,0.005043682287729896,0.03968253968253968,0.034638857394809784,0.034638857394809784
Pragmatic optimality,dimension_color,first,sharp,FC,0.032683673469387754,0.003515432098765432,-0.029168241370622322,0.029168241370622322,-0.04081632653061224,-0.01164808515998992,0.01164808515998992
Pragmatic optimality,dimension_color,first,sharp,FCD,0.003563775510204081,0.00032098765432098765,-0.0032427878558830936,0.0032427878558830936,0.0,0.0032427878558830936,0.0032427878558830936
Pragmatic optimality,dimension_color,first,sharp,FD,0.004834183673469388,0.0010925925925925925,-0.003741591080876795,0.003741591080876795,0.0,0.003741591080876795,0.003741591080876795
Pragmatic optimality,dimension_color,first,sharp,FDC,0.009474489795918367,0.0009444444444444444,-0.008530045351473923,0.008530045351473923,0.0,0.008530045351473923,0.008530045351473923
Pragmatic optimality,dimension_color,second,blurred,C,0.5822962962962963,0.8495243055555556,0.26722800925925927,0.26722800925925927,0.4305555555555556,0.1633275462962963,0.1633275462962963
Pragmatic optimality,dimension_color,second,blurred,CD,0.003087962962962963,0.002232638888888889,-0.0008553240740740739,0.0008553240740740739,0.0,0.0008553240740740739,0.0008553240740740739
Pragmatic optimality,dimension_color,second,blurred,CDF,0.004810185185185185,0.0037187500000000003,-0.0010914351851851844,0.0010914351851851844,0.041666666666666664,0.042758101851851846,0.042758101851851846
Pragmatic optimality,dimension_color,second,blurred,CF,0.13064814814814815,0.08759375,-0.043054398148148154,0.043054398148148154,-0.04629629629629628,-0.0032418981481481257,0.0032418981481481257
Pragmatic optimality,dimension_color,second,blurred,CFD,0.004796296296296296,0.007145833333333334,0.002349537037037038,0.002349537037037038,0.0,-0.002349537037037038,0.002349537037037038
Pragmatic optimality,dimension_color,second,blurred,D,0.0027685185185185182,0.0028055555555555555,3.703703703703725e-05,3.703703703703725e-05,0.0,-3.703703703703725e-05,3.703703703703725e-05
Pragmatic optimality,dimension_color,second,blurred,DC,0.10195833333333332,0.017059027777777777,-0.08489930555555554,0.08489930555555554,0.0,0.08489930555555554,0.08489930555555554
Pragmatic optimality,dimension_color,second,blurred,DCF,0.06794444444444445,0.005784722222222222,-0.06215972222222223,0.06215972222222223,-0.11574074074074073,-0.0535810185185185,0.0535810185185185
Pragmatic optimality,dimension_color,second,blurred,DF,0.029,0.0029375,-0.026062500000000002,0.026062500000000002,0.0,0.026062500000000002,0.026062500000000002
Pragmatic optimality,dimension_color,second,blurred,DFC,0.020263888888888887,0.0007569444444444444,-0.01950694444444444,0.01950694444444444,-0.14814814814814814,-0.1286412037037037,0.1286412037037037
Pragmatic optimality,dimension_color,second,blurred,F,0.01565277777777778,0.013784722222222223,-0.0018680555555555568,0.0018680555555555568,0.023148148148148147,0.025016203703703704,0.025016203703703704
Pragmatic optimality,dimension_color,second,blurred,FC,0.033125,0.00565625,-0.02746875,0.02746875,-0.18518518518518517,-0.1577164351851852,0.1577164351851852
Pragmatic optimality,dimension_color,second,blurred,FCD,0.0013333333333333333,0.000548611111111111,-0.0007847222222222222,0.0007847222222222222,0.0,0.0007847222222222222,0.0007847222222222222
Pragmatic optimality,dimension_color,second,blurred,FD,0.000462962962962963,0.00021875,-0.000244212962962963,0.000244212962962963,0.0,0.000244212962962963,0.000244212962962963
Pragmatic optimality,dimension_color,second,blurred,FDC,0.001851851851851852,0.0002326388888888889,-0.001619212962962963,0.001619212962962963,0.0,0.001619212962962963,0.001619212962962963
Pragmatic optimality,dimension_color,second,sharp,C,0.6397146464646464,0.9091759259259259,0.2694612794612795,0.2694612794612795,0.6161616161616161,0.3467003367003366,0.3467003367003366
Pragmatic optimality,dimension_color,second,sharp,CD,0.003446969696969697,0.0012623456790123455,-0.0021846240179573513,0.0021846240179573513,0.0,0.0021846240179573513,0.0021846240179573513
Pragmatic optimality,dimension_color,second,sharp,CDF,0.006580808080808081,0.0009351851851851852,-0.0056456228956228965,0.0056456228956228965,-0.010101010101010102,-0.004455387205387205,0.004455387205387205
Pragmatic optimality,dimension_color,second,sharp,CF,0.1115530303030303,0.03577777777777777,-0.07577525252525254,0.07577525252525254,-0.41414141414141414,-0.3383661616161616,0.3383661616161616
Pragmatic optimality,dimension_color,second,sharp,CFD,0.004997474747474747,0.0006018518518518519,-0.004395622895622895,0.004395622895622895,0.0,0.004395622895622895,0.004395622895622895
Pragmatic optimality,dimension_color,second,sharp,D,0.0045,0.005040123456790124,0.000540123456790124,0.000540123456790124,0.0,-0.000540123456790124,0.000540123456790124
Pragmatic optimality,dimension_color,second,sharp,DC,0.0990959595959596,0.023117283950617285,-0.07597867564534232,0.07597867564534232,-0.010101010101010102,0.06587766554433222,0.06587766554433222
Pragmatic optimality,dimension_color,second,sharp,DCF,0.04791161616161616,0.0035493827160493823,-0.04436223344556678,0.04436223344556678,-0.010101010101010102,0.034261223344556675,0.034261223344556675
Pragmatic optimality,dimension_color,second,sharp,DF,0.022555555555555558,0.003537037037037037,-0.01901851851851852,0.01901851851851852,0.0,0.01901851851851852,0.01901851851851852
Pragmatic optimality,dimension_color,second,sharp,DFC,0.015813131313131314,0.0005802469135802469,-0.015232884399551066,0.015232884399551066,-0.030303030303030304,-0.015070145903479238,0.015070145903479238
Pragmatic optimality,dimension_color,second,sharp,F,0.015815656565656568,0.01254938271604938,-0.0032662738496071868,0.0032662738496071868,-0.04040404040404041,-0.037137766554433224,0.037137766554433224
Pragmatic optimality,dimension_color,second,sharp,FC,0.024659090909090915,0.0031604938271604936,-0.021498597081930422,0.021498597081930422,-0.10101010101010101,-0.07951150392817058,0.07951150392817058
Pragmatic optimality,dimension_color,second,sharp,FCD,0.001186868686868687,0.0001944444444444444,-0.0009924242424242426,0.0009924242424242426,0.0,0.0009924242424242426,0.0009924242424242426
Pragmatic optimality,dimension_color,second,sharp,FD,0.0004393939393939394,0.00027469135802469136,-0.00016470258136924807,0.00016470258136924807,0.0,0.00016470258136924807,0.00016470258136924807
Pragmatic optimality,dimension_color,second,sharp,FDC,0.0017297979797979799,0.00024382716049382714,-0.0014859708193041528,0.0014859708193041528,0.0,0.0014859708193041528,0.0014859708193041528
Pragmatic optimality,dimension_form,both,blurred,C,0.031600961538461536,0.11506690140845072,0.08346593986998918,0.08346593986998918,-0.019230769230769232,-0.10269670910075841,0.10269670910075841
Pragmatic optimality,dimension_form,both,blurred,CD,0.0017836538461538463,0.002992957746478873,0.0012093039003250269,0.0012093039003250269,-0.019230769230769232,-0.02044007313109426,0.02044007313109426
Pragmatic optimality,dimension_form,both,blurred,CDF,0.02369230769230769,0.044693661971830986,0.021001354279523297,0.021001354279523297,0.22535211267605634,0.20435075839653305,0.20435075839653305
Pragmatic optimality,dimension_form,both,blurred,CF,0.3712932692307692,0.42286267605633804,0.05156940682556882,0.05156940682556882,-0.17578548212351025,-0.22735488894907907,0.22735488894907907
Pragmatic optimality,dimension_form,both,blurred,CFD,0.018423076923076924,0.029066901408450703,0.010643824485373779,0.010643824485373779,-0.019230769230769232,-0.02987459371614301,0.02987459371614301
Pragmatic optimality,dimension_form,both,blurred,D,0.0015336538461538463,0.00652112676056338,0.004987472914409534,0.004987472914409534,0.014084507042253521,0.009097034127843988,0.009097034127843988
Pragmatic optimality,dimension_form,both,blurred,DC,0.03684615384615385,0.045313380281690144,0.008467226435536296,0.008467226435536296,0.028169014084507043,0.019701787648970747,0.019701787648970747
Pragmatic optimality,dimension_form,both,blurred,DCF,0.21540865384615385,0.10832746478873238,-0.10708118905742146,0.10708118905742146,-0.07963163596966415,0.027449553087757317,0.027449553087757317
Pragmatic optimality,dimension_form,both,blurred,DF,0.08421153846153846,0.07495774647887324,-0.009253791982665224,0.009253791982665224,0.4160346695557963,0.42528846153846156,0.42528846153846156
Pragmatic optimality,dimension_form,both,blurred,DFC,0.062245192307692314,0.012651408450704225,-0.04959378385698809,0.04959378385698809,-0.3076923076923077,-0.2580985238353196,0.2580985238353196
Pragmatic optimality,dimension_form,both,blurred,F,0.04483653846153847,0.10399295774647888,0.059156419284940406,0.059156419284940406,0.014084507042253521,-0.04507191224268688,0.04507191224268688
Pragmatic optimality,dimension_form,both,blurred,FC,0.09457692307692309,0.03026056338028169,-0.0643163596966414,0.0643163596966414,-0.057692307692307696,0.006624052004333705,0.006624052004333705
Pragmatic optimality,dimension_form,both,blurred,FCD,0.0047692307692307695,0.001852112676056338,-0.0029171180931744315,0.0029171180931744315,-0.019230769230769232,-0.016313651137594802,0.016313651137594802
Pragmatic optimality,dimension_form,both,blurred,FD,0.0016394230769230772,0.0005704225352112677,-0.0010690005417118096,0.0010690005417118096,0.0,0.0010690005417118096,0.0010690005417118096
Pragmatic optimality,dimension_form,both,blurred,FDC,0.007139423076923078,0.000869718309859155,-0.006269704767063923,0.006269704767063923,0.0,0.006269704767063923,0.006269704767063923
Pragmatic optimality,dimension_form,both,sharp,C,0.03412626262626263,0.13800617283950617,0.10387991021324354,0.10387991021324354,0.14478114478114476,0.04090123456790122,0.04090123456790122
Pragmatic optimality,dimension_form,both,sharp,CD,0.001984848484848485,0.0022222222222222222,0.00023737373737373708,0.00023737373737373708,0.0,-0.00023737373737373708,0.00023737373737373708
Pragmatic optimality,dimension_form,both,sharp,CDF,0.031621212121212126,0.015,-0.016621212121212127,0.016621212121212127,-0.020202020202020204,-0.003580808080808077,0.003580808080808077
Pragmatic optimality,dimension_form,both,sharp,CF,0.3332020202020202,0.21712962962962962,-0.1160723905723906,0.1160723905723906,-0.1548821548821549,-0.038809764309764294,0.038809764309764294
Pragmatic optimality,dimension_form,both,sharp,CFD,0.019366161616161618,0.0032253086419753085,-0.01614085297418631,0.01614085297418631,-0.010101010101010102,0.006039842873176207,0.006039842873176207
Pragmatic optimality,dimension_form,both,sharp,D,0.0027853535353535353,0.018827160493827162,0.016041806958473626,0.016041806958473626,0.0,-0.016041806958473626,0.016041806958473626
Pragmatic optimality,dimension_form,both,sharp,DC,0.04604040404040404,0.0874753086419753,0.04143490460157125,0.04143490460157125,0.13804713804713803,0.09661223344556677,0.09661223344556677
Pragmatic optimality,dimension_form,both,sharp,DCF,0.21840151515151512,0.13887345679012345,-0.07952805836139168,0.07952805836139168,-0.10549943883277216,-0.02597138047138048,0.02597138047138048
Pragmatic optimality,dimension_form,both,sharp,DF,0.10472222222222223,0.18123148148148147,0.07650925925925924,0.07650925925925924,0.13243546576879905,0.05592620650953982,0.05592620650953982
Pragmatic optimality,dimension_form,both,sharp,DFC,0.06832575757575758,0.026077160493827158,-0.04224859708193042,0.04224859708193042,-0.04826038159371493,-0.00601178451178451,0.00601178451178451
Pragmatic optimality,dimension_form,both,sharp,F,0.05200757575757576,0.14346913580246912,0.09146156004489336,0.09146156004489336,-0.007856341189674525,-0.09931790123456789,0.09931790123456789
Pragmatic optimality,dimension_form,both,sharp,FC,0.07481313131313132,0.025839506172839505,-0.04897362514029181,0.04897362514029181,-0.058361391694725026,-0.009387766554433213,0.009387766554433213
Pragmatic optimality,dimension_form,both,sharp,FCD,0.003954545454545455,0.0005462962962962962,-0.003408249158249159,0.003408249158249159,0.0,0.003408249158249159,0.003408249158249159
Pragmatic optimality,dimension_form,both,sharp,FD,0.0016262626262626262,0.0008672839506172839,-0.0007589786756453423,0.0007589786756453423,0.0,0.0007589786756453423,0.0007589786756453423
Pragmatic optimality,dimension_form,both,sharp,FDC,0.007022727272727273,0.0012098765432098765,-0.005812850729517397,0.005812850729517397,-0.010101010101010102,-0.004288159371492705,0.004288159371492705
Pragmatic optimality,dimension_form,first,blurred,C,0.04036057692307692,0.0936691176470588,0.05330854072398188,0.05330854072398188,0.08936651583710407,0.03605797511312219,0.03605797511312219
Pragmatic optimality,dimension_form,first,blurred,CD,0.0041009615384615394,0.005617647058823529,0.0015166855203619899,0.0015166855203619899,0.0,-0.0015166855203619899,0.0015166855203619899
Pragmatic optimality,dimension_form,first,blurred,CDF,0.03974519230769231,0.08476470588235294,0.04501951357466063,0.04501951357466063,0.16176470588235295,0.11674519230769231,0.11674519230769231
Pragmatic optimality,dimension_form,first,blurred,CF,0.27129326923076924,0.19972426470588234,-0.0715690045248869,0.0715690045248869,-0.23868778280542985,-0.16711877828054295,0.16711877828054295
Pragmatic optimality,dimension_form,first,blurred,CFD,0.018326923076923077,0.015033088235294118,-0.00329383484162896,0.00329383484162896,0.0,0.00329383484162896,0.00329383484162896
Pragmatic optimality,dimension_form,first,blurred,D,0.015937499999999997,0.07298897058823531,0.057051470588235315,0.057051470588235315,0.27941176470588236,0.22236029411764704,0.22236029411764704
Pragmatic optimality,dimension_form,first,blurred,DC,0.07187019230769232,0.10513970588235293,0.03326951357466061,0.03326951357466061,0.014705882352941176,-0.018563631221719435,0.018563631221719435
Pragmatic optimality,dimension_form,first,blurred,DCF,0.2723125,0.23735661764705884,-0.03495588235294117,0.03495588235294117,-0.09841628959276019,-0.06346040723981902,0.06346040723981902
Pragmatic optimality,dimension_form,first,blurred,DF,0.08377884615384616,0.10210294117647058,0.018324095022624415,0.018324095022624415,0.16176470588235295,0.14344061085972853,0.14344061085972853
Pragmatic optimality,dimension_form,first,blurred,DFC,0.07085576923076922,0.022095588235294117,-0.048760180995475105,0.048760180995475105,-0.23076923076923078,-0.18200904977375568,0.18200904977375568
Pragmatic optimality,dimension_form,first,blurred,F,0.027634615384615382,0.04414338235294117,0.01650876696832579,0.01650876696832579,-0.019230769230769232,-0.03573953619909502,0.03573953619909502
Pragmatic optimality,dimension_form,first,blurred,FC,0.0678125,0.014415441176470587,-0.05339705882352941,0.05339705882352941,-0.11990950226244343,-0.06651244343891402,0.06651244343891402
Pragmatic optimality,dimension_form,first,blurred,FCD,0.005471153846153847,0.0011948529411764705,-0.004276300904977376,0.004276300904977376,0.0,0.004276300904977376,0.004276300904977376
Pragmatic optimality,dimension_form,first,blurred,FD,0.00175,0.0006544117647058822,-0.0010955882352941177,0.0010955882352941177,0.0,0.0010955882352941177,0.0010955882352941177
Pragmatic optimality,dimension_form,first,blurred,FDC,0.00875,0.0010992647058823528,-0.007650735294117648,0.007650735294117648,0.0,0.007650735294117648,0.007650735294117648
Pragmatic optimality,dimension_form,first,sharp,C,0.0304515306122449,0.056046296296296295,0.025594765684051394,0.025594765684051394,0.057949105568153185,0.03235433988410179,0.03235433988410179
Pragmatic optimality,dimension_form,first,sharp,CD,0.0037653061224489797,0.0020030864197530863,-0.0017622197026958934,0.0017622197026958934,0.0,0.0017622197026958934,0.0017622197026958934
Pragmatic optimality,dimension_form,first,sharp,CDF,0.043385204081632656,0.012808641975308642,-0.030576562106324014,0.030576562106324014,0.0,0.030576562106324014,0.030576562106324014
Pragmatic optimality,dimension_form,first,sharp,CF,0.12551020408163266,0.03782407407407408,-0.08768613000755858,0.08768613000755858,-0.23255228017132779,-0.1448661501637692,0.1448661501637692
Pragmatic optimality,dimension_form,first,sharp,CFD,0.011198979591836735,0.0010987654320987654,-0.010100214159737969,0.010100214159737969,0.0,0.010100214159737969,0.010100214159737969
Pragmatic optimality,dimension_form,first,sharp,D,0.16383673469387755,0.4540154320987655,0.29017869740488794,0.29017869740488794,0.490047871000252,0.19986917359536405,0.19986917359536405
Pragmatic optimality,dimension_form,first,sharp,DC,0.09945408163265305,0.12983024691358025,0.030376165280927195,0.030376165280927195,0.004787100025195265,-0.02558906525573193,0.02558906525573193
Pragmatic optimality,dimension_form,first,sharp,DCF,0.2932755102040816,0.17766975308641972,-0.11560575711766188,0.11560575711766188,-0.015117157974300827,0.10048859914336106,0.10048859914336106
Pragmatic optimality,dimension_form,first,sharp,DF,0.0958188775510204,0.07979938271604937,-0.016019494834971032,0.016019494834971032,-0.09297052154195012,-0.07695102670697909,0.07695102670697909
Pragmatic optimality,dimension_form,first,sharp,DFC,0.07016071428571427,0.022654320987654318,-0.04750639329805995,0.04750639329805995,-0.1326530612244898,-0.08514666792642986,0.08514666792642986
Pragmatic optimality,dimension_form,first,sharp,F,0.02061734693877551,0.02049691358024691,-0.00012043335852859882,0.00012043335852859882,-0.008062484252960442,-0.007942050894431844,0.007942050894431844
Pragmatic optimality,dimension_form,first,sharp,FC,0.030880102040816326,0.0044104938271604935,-0.02646960821365583,0.02646960821365583,-0.061224489795918366,-0.03475488158226253,0.03475488158226253
Pragmatic optimality,dimension_form,first,sharp,FCD,0.00311734693877551,0.00032407407407407406,-0.0027932728647014357,0.0027932728647014357,0.0,0.0027932728647014357,0.0027932728647014357
Pragmatic optimality,dimension_form,first,sharp,FD,0.0014336734693877551,0.000345679012345679,-0.0010879944570420762,0.0010879944570420762,0.0,0.0010879944570420762,0.0010879944570420762
Pragmatic optimality,dimension_form,first,sharp,FDC,0.00709438775510204,0.0006728395061728395,-0.0064215482489292,0.0064215482489292,-0.01020408163265306,-0.0037825333837238602,0.0037825333837238602
Pragmatic optimality,dimension_form,second,blurred,C,0.015138888888888887,0.046725694444444445,0.031586805555555555,0.031586805555555555,0.06944444444444445,0.03785763888888889,0.03785763888888889
Pragmatic optimality,dimension_form,second,blurred,CD,0.0006851851851851852,0.0007361111111111112,5.092592592592605e-05,5.092592592592605e-05,0.0,-5.092592592592605e-05,5.092592592592605e-05
Pragmatic optimality,dimension_form,second,blurred,CDF,0.00988888888888889,0.009368055555555557,-0.0005208333333333332,0.0005208333333333332,0.0,0.0005208333333333332,0.0005208333333333332
Pragmatic optimality,dimension_form,second,blurred,CF,0.27155092592592595,0.30725347222222216,0.03570254629629621,0.03570254629629621,-0.12962962962962962,-0.16533217592592583,0.16533217592592583
Pragmatic optimality,dimension_form,second,blurred,CFD,0.010004629629629629,0.022944444444444448,0.012939814814814819,0.012939814814814819,0.0,-0.012939814814814819,0.012939814814814819
Pragmatic optimality,dimension_form,second,blurred,D,0.0008564814814814814,0.0014583333333333334,0.000601851851851852,0.000601851851851852,0.0,-0.000601851851851852,0.000601851851851852
Pragmatic optimality,dimension_form,second,blurred,DC,0.015333333333333332,0.006590277777777778,-0.008743055555555554,0.008743055555555554,0.0,0.008743055555555554,0.008743055555555554
Pragmatic optimality,dimension_form,second,blurred,DCF,0.1335787037037037,0.021489583333333336,-0.11208912037037036,0.11208912037037036,-0.07407407407407407,0.03801504629629629,0.03801504629629629
Pragmatic optimality,dimension_form,second,blurred,DF,0.08885648148148147,0.019729166666666673,-0.0691273148148148,0.0691273148148148,0.0,0.0691273148148148,0.0691273148148148
Pragmatic optimality,dimension_form,second,blurred,DFC,0.044273148148148145,0.0032256944444444447,-0.0410474537037037,0.0410474537037037,-0.1111111111111111,-0.07006365740740741,0.07006365740740741
Pragmatic optimality,dimension_form,second,blurred,F,0.32222685185185185,0.5307881944444445,0.20856134259259262,0.20856134259259262,0.4305555555555555,0.2219942129629629,0.2219942129629629
Pragmatic optimality,dimension_form,second,blurred,FC,0.07876851851851852,0.026847222222222224,-0.05192129629629629,0.05192129629629629,-0.18518518518518517,-0.13326388888888888,0.13326388888888888
Pragmatic optimality,dimension_form,second,blurred,FCD,0.0032175925925925926,0.002048611111111111,-0.0011689814814814818,0.0011689814814814818,0.0,0.0011689814814814818,0.0011689814814814818
Pragmatic optimality,dimension_form,second,blurred,FD,0.0011666666666666665,0.00035069444444444444,-0.0008159722222222221,0.0008159722222222221,0.0,0.0008159722222222221,0.0008159722222222221
Pragmatic optimality,dimension_form,second,blurred,FDC,0.004453703703703704,0.0004444444444444444,-0.004009259259259259,0.004009259259259259,0.0,0.004009259259259259,0.004009259259259259
Pragmatic optimality,dimension_form,second,sharp,C,0.017709595959595963,0.056067901234567896,0.03835830527497193,0.03835830527497193,0.15712682379349044,0.11876851851851851,0.11876851851851851
Pragmatic optimality,dimension_form,second,sharp,CD,0.000744949494949495,0.0005123456790123457,-0.0002326038159371493,0.0002326038159371493,0.0,0.0002326038159371493,0.0002326038159371493
Pragmatic optimality,dimension_form,second,sharp,CDF,0.012805555555555558,0.002753086419753086,-0.010052469135802471,0.010052469135802471,0.0,0.010052469135802471,0.010052469135802471
Pragmatic optimality,dimension_form,second,sharp,CF,0.27096969696969697,0.1639691358024691,-0.10700056116722786,0.10700056116722786,-0.36924803591470257,-0.2622474747474747,0.2622474747474747
Pragmatic optimality,dimension_form,second,sharp,CFD,0.012381313131313132,0.0019969135802469134,-0.01038439955106622,0.01038439955106622,0.0,0.01038439955106622,0.01038439955106622
Pragmatic optimality,dimension_form,second,sharp,D,0.0012474747474747476,0.002929012345679012,0.0016815375982042642,0.0016815375982042642,0.0,-0.0016815375982042642,0.0016815375982042642
Pragmatic optimality,dimension_form,second,sharp,DC,0.01695707070707071,0.00858641975308642,-0.00837065095398429,0.00837065095398429,0.0,0.00837065095398429,0.00837065095398429
Pragmatic optimality,dimension_form,second,sharp,DCF,0.11323737373737375,0.015157407407407406,-0.09807996632996634,0.09807996632996634,-0.020202020202020204,0.07787794612794613,0.07787794612794613
Pragmatic optimality,dimension_form,second,sharp,DF,0.07825757575757575,0.028679012345679013,-0.04957856341189673,0.04957856341189673,0.0,0.04957856341189673,0.04957856341189673
Pragmatic optimality,dimension_form,second,sharp,DFC,0.04097727272727272,0.002685185185185185,-0.03829208754208754,0.03829208754208754,-0.050505050505050504,-0.012212962962962967,0.012212962962962967
Pragmatic optimality,dimension_form,second,sharp,F,0.3588308080808081,0.6969938271604937,0.33816301907968566,0.33816301907968566,0.38383838383838387,0.04567536475869821,0.04567536475869821
Pragmatic optimality,dimension_form,second,sharp,FC,0.06756060606060604,0.018503086419753085,-0.04905751964085296,0.04905751964085296,-0.09090909090909091,-0.04185157126823795,0.04185157126823795
Pragmatic optimality,dimension_form,second,sharp,FCD,0.0028434343434343436,0.0003425925925925926,-0.002500841750841751,0.002500841750841751,0.0,0.002500841750841751,0.002500841750841751
Pragmatic optimality,dimension_form,second,sharp,FD,0.0011767676767676768,0.00040432098765432096,-0.0007724466891133559,0.0007724466891133559,0.0,0.0007724466891133559,0.0007724466891133559
Pragmatic optimality,dimension_form,second,sharp,FDC,0.004300505050505051,0.00041975308641975306,-0.003880751964085298,0.003880751964085298,-0.010101010101010102,-0.006220258136924804,0.006220258136924804
Stable-order weighting,color_form,both,blurred,C,0.06697685185185184,0.02732638888888889,-0.03965046296296296,0.03965046296296296,-0.037037037037037035,0.002613425925925922,0.002613425925925922
Stable-order weighting,color_form,both,blurred,CD,0.0032638888888888887,0.0003142361111111111,-0.0029496527777777776,0.0029496527777777776,0.0,0.0029496527777777776,0.0029496527777777776
Stable-order weighting,color_form,both,blurred,CDF,0.029851851851851848,0.012085069444444447,-0.0177667824074074,0.0177667824074074,-0.05555555555555555,-0.03778877314814815,0.03778877314814815
Stable-order weighting,color_form,both,blurred,CF,0.45282870370370376,0.40822569444444445,-0.04460300925925931,0.04460300925925931,0.20833333333333326,0.25293634259259257,0.25293634259259257
Stable-order weighting,color_form,both,blurred,CFD,0.03879166666666666,0.010064236111111112,-0.02872743055555555,0.02872743055555555,-0.011574074074074073,0.017153356481481478,0.017153356481481478
Stable-order weighting,color_form,both,blurred,D,0.004074074074074074,0.0013975694444444443,-0.0026765046296296294,0.0026765046296296294,0.0,0.0026765046296296294,0.0026765046296296294
Stable-order weighting,color_form,both,blurred,DC,0.01398611111111111,0.034944444444444445,0.020958333333333336,0.020958333333333336,0.013888888888888888,-0.007069444444444448,0.007069444444444448
Stable-order weighting,color_form,both,blurred,DCF,0.061504629629629624,0.2463697916666667,0.18486516203703707,0.18486516203703707,0.12731481481481483,-0.05755034722222224,0.05755034722222224
Stable-order weighting,color_form,both,blurred,DF,0.035013888888888886,0.1373940972222222,0.10238020833333332,0.10238020833333332,0.020833333333333332,-0.08154687499999999,0.08154687499999999
Stable-order weighting,color_form,both,blurred,DFC,0.017916666666666668,0.030890625,0.012973958333333334,0.012973958333333334,0.034722222222222224,0.02174826388888889,0.02174826388888889
Stable-order weighting,color_form,both,blurred,F,0.137037037037037,0.06083159722222222,-0.07620543981481478,0.07620543981481478,-0.037037037037037035,0.03916840277777775,0.03916840277777775
Stable-order weighting,color_form,both,blurred,FC,0.12216666666666666,0.028276041666666665,-0.09389062499999999,0.09389062499999999,-0.24537037037037035,-0.15147974537037034,0.15147974537037034
Stable-order weighting,color_form,both,blurred,FCD,0.007578703703703704,0.0007065972222222222,-0.006872106481481482,0.006872106481481482,0.0,0.006872106481481482,0.006872106481481482
Stable-order weighting,color_form,both,blurred,FD,0.002976851851851852,0.00029166666666666664,-0.0026851851851851854,0.0026851851851851854,-0.018518518518518517,-0.01583333333333333,0.01583333333333333
Stable-order weighting,color_form,both,blurred,FDC,0.0060324074074074065,0.0008819444444444444,-0.005150462962962962,0.005150462962962962,0.0,0.005150462962962962,0.005150462962962962
Stable-order weighting,color_form,both,sharp,C,0.07601010101010101,0.021527777777777778,-0.054482323232323236,0.054482323232323236,0.0,0.054482323232323236,0.054482323232323236
Stable-order weighting,color_form,both,sharp,CD,0.002103535353535354,0.0003055555555555556,-0.0017979797979797982,0.0017979797979797982,0.0,0.0017979797979797982,0.0017979797979797982
Stable-order weighting,color_form,both,sharp,CDF,0.02236868686868687,0.012861111111111111,-0.00950757575757576,0.00950757575757576,-0.010101010101010102,-0.000593434343434342,0.000593434343434342
Stable-order weighting,color_form,both,sharp,CF,0.43004040404040406,0.4155,-0.014540404040404076,0.014540404040404076,-0.19191919191919193,-0.17737878787878786,0.17737878787878786
Stable-order weighting,color_form,both,sharp,CFD,0.027565656565656568,0.008777777777777778,-0.01878787878787879,0.01878787878787879,0.0,0.01878787878787879,0.01878787878787879
Stable-order weighting,color_form,both,sharp,D,0.004747474747474748,0.0012222222222222224,-0.003525252525252525,0.003525252525252525,-0.010101010101010102,-0.006575757575757577,0.006575757575757577
Stable-order weighting,color_form,both,sharp,DC,0.01746969696969697,0.034472222222222224,0.017002525252525255,0.017002525252525255,0.0,-0.017002525252525255,0.017002525252525255
Stable-order weighting,color_form,both,sharp,DCF,0.06594949494949497,0.27869444444444447,0.2127449494949495,0.2127449494949495,0.4343434343434343,0.22159848484848482,0.22159848484848482
Stable-order weighting,color_form,both,sharp,DF,0.04892929292929293,0.13697222222222225,0.08804292929292931,0.08804292929292931,-0.010101010101010102,-0.09814393939393941,0.09814393939393941
Stable-order weighting,color_form,both,sharp,DFC,0.024224747474747475,0.021111111111111115,-0.00311363636363636,0.00311363636363636,-0.010101010101010102,-0.006987373737373742,0.006987373737373742
Stable-order weighting,color_form,both,sharp,F,0.15312121212121213,0.04727777777777778,-0.10584343434343435,0.10584343434343435,0.0,0.10584343434343435,0.10584343434343435
Stable-order weighting,color_form,both,sharp,FC,0.11376262626262627,0.02002777777777778,-0.09373484848484849,0.09373484848484849,-0.20202020202020202,-0.10828535353535353,0.10828535353535353
Stable-order weighting,color_form,both,sharp,FCD,0.006123737373737373,0.0005277777777777778,-0.005595959595959595,0.005595959595959595,0.0,0.005595959595959595,0.005595959595959595
Stable-order weighting,color_form,both,sharp,FD,0.0023484848484848484,0.0001388888888888889,-0.0022095959595959595,0.0022095959595959595,0.0,0.0022095959595959595,0.0022095959595959595
Stable-order weighting,color_form,both,sharp,FDC,0.0052348484848484846,0.0005833333333333333,-0.004651515151515151,0.004651515151515151,0.0,0.004651515151515151,0.004651515151515151
Stable-order weighting,color_form,first,blurred,C,0.8593796296296295,0.6587291666666667,-0.20065046296296285,0.20065046296296285,-0.2824074074074074,-0.08175694444444453,0.08175694444444453
Stable-order weighting,color_form,first,blurred,CD,0.010333333333333332,0.0011579861111111112,-0.00917534722222222,0.00917534722222222,0.0,0.00917534722222222,0.00917534722222222
Stable-order weighting,color_form,first,blurred,CDF,0.008143518518518517,0.0077239583333333335,-0.0004195601851851834,0.0004195601851851834,-0.07407407407407407,-0.07365451388888888,0.07365451388888888
Stable-order weighting,color_form,first,blurred,CF,0.06533796296296296,0.12434722222222223,0.059009259259259275,0.059009259259259275,0.3587962962962963,0.299787037037037,0.299787037037037
Stable-order weighting,color_form,first,blurred,CFD,0.006092592592592591,0.003465277777777778,-0.0026273148148148132,0.0026273148148148132,0.0,0.0026273148148148132,0.0026273148148148132
Stable-order weighting,color_form,first,blurred,D,0.0033472222222222224,0.0022482638888888895,-0.0010989583333333329,0.0010989583333333329,0.006944444444444444,0.008043402777777778,0.008043402777777778
Stable-order weighting,color_form,first,blurred,DC,0.02085648148148148,0.11984375,0.09898726851851852,0.09898726851851852,0.013888888888888888,-0.08509837962962963,0.08509837962962963
Stable-order weighting,color_form,first,blurred,DCF,0.0058009259259259255,0.06135763888888889,0.05555671296296297,0.05555671296296297,0.12731481481481483,0.07175810185185186,0.07175810185185186
Stable-order weighting,color_form,first,blurred,DF,0.0011805555555555554,0.008560763888888889,0.007380208333333333,0.007380208333333333,0.0,-0.007380208333333333,0.007380208333333333
Stable-order weighting,color_form,first,blurred,DFC,0.0018611111111111111,0.00459375,0.0027326388888888886,0.0027326388888888886,0.034722222222222224,0.031989583333333335,0.031989583333333335
Stable-order weighting,color_form,first,blurred,F,0.004416666666666667,0.0039965277777777785,-0.0004201388888888883,0.0004201388888888883,0.0,0.0004201388888888883,0.0004201388888888883
Stable-order weighting,color_form,first,blurred,FC,0.011222222222222222,0.0031892361111111114,-0.00803298611111111,0.00803298611111111,-0.16666666666666666,-0.15863368055555555,0.15863368055555555
Stable-order weighting,color_form,first,blurred,FCD,0.0008472222222222221,0.0002760416666666666,-0.0005711805555555555,0.0005711805555555555,0.0,0.0005711805555555555,0.0005711805555555555
Stable-order weighting,color_form,first,blurred,FD,0.00028240740740740743,0.0002170138888888889,-6.539351851851853e-05,6.539351851851853e-05,0.0,6.539351851851853e-05,6.539351851851853e-05
Stable-order weighting,color_form,first,blurred,FDC,0.0008981481481481481,0.0002934027777777778,-0.0006047453703703703,0.0006047453703703703,-0.018518518518518517,-0.017913773148148147,0.017913773148148147
Stable-order weighting,color_form,first,sharp,C,0.8506085858585859,0.6826388888888889,-0.167969696969697,0.167969696969697,-0.17171717171717177,-0.003747474747474777,0.003747474747474777
Stable-order weighting,color_form,first,sharp,CD,0.00692929292929293,0.0011111111111111111,-0.005818181818181819,0.005818181818181819,0.0,0.005818181818181819,0.005818181818181819
Stable-order weighting,color_form,first,sharp,CDF,0.006146464646464647,0.008222222222222221,0.0020757575757575737,0.0020757575757575737,-0.04040404040404041,-0.04247979797979798,0.04247979797979798
Stable-order weighting,color_form,first,sharp,CF,0.06165656565656565,0.15136111111111114,0.08970454545454548,0.08970454545454548,-0.08080808080808083,-0.1705126262626263,0.1705126262626263
Stable-order weighting,color_form,first,sharp,CFD,0.0052348484848484846,0.0035,-0.0017348484848484845,0.0017348484848484845,0.0,0.0017348484848484845,0.0017348484848484845
Stable-order weighting,color_form,first,sharp,D,0.0036060606060606066,0.00225,-0.0013560606060606067,0.0013560606060606067,-0.020202020202020204,-0.018845959595959597,0.018845959595959597
Stable-order weighting,color_form,first,sharp,DC,0.03564646464646464,0.08241666666666665,0.04677020202020201,0.04677020202020201,0.20202020202020202,0.15525,0.15525
Stable-order weighting,color_form,first,sharp,DCF,0.008507575757575757,0.05461111111111112,0.04610353535353536,0.04610353535353536,0.2121212121212121,0.16601767676767673,0.16601767676767673
Stable-order weighting,color_form,first,sharp,DF,0.002181818181818182,0.005527777777777778,0.0033459595959595963,0.0033459595959595963,-0.010101010101010102,-0.013446969696969699,0.013446969696969699
Stable-order weighting,color_form,first,sharp,DFC,0.00267929292929293,0.0010277777777777776,-0.0016515151515151525,0.0016515151515151525,0.0,0.0016515151515151525,0.0016515151515151525
Stable-order weighting,color_form,first,sharp,F,0.004851010101010101,0.004388888888888888,-0.0004621212121212123,0.0004621212121212123,0.0,0.0004621212121212123,0.0004621212121212123
Stable-order weighting,color_form,first,sharp,FC,0.010224747474747473,0.0021944444444444446,-0.008030303030303028,0.008030303030303028,-0.09090909090909091,-0.08287878787878789,0.08287878787878789
Stable-order weighting,color_form,first,sharp,FCD,0.0007601010101010102,0.0003055555555555556,-0.0004545454545454546,0.0004545454545454546,0.0,0.0004545454545454546,0.0004545454545454546
Stable-order weighting,color_form,first,sharp,FD,0.0002777777777777778,0.0002222222222222222,-5.555555555555557e-05,5.555555555555557e-05,0.0,5.555555555555557e-05,5.555555555555557e-05
Stable-order weighting,color_form,first,sharp,FDC,0.0006893939393939394,0.0002222222222222222,-0.00046717171717171725,0.00046717171717171725,0.0,0.00046717171717171725,0.00046717171717171725
Stable-order weighting,color_form,second,blurred,C,0.009810185185185186,0.005909722222222223,-0.0039004629629629623,0.0039004629629629623,0.0,0.0039004629629629623,0.0039004629629629623
Stable-order weighting,color_form,second,blurred,CD,0.00048148148148148144,0.00024131944444444445,-0.000240162037037037,0.000240162037037037,0.0,0.000240162037037037,0.000240162037037037
Stable-order weighting,color_form,second,blurred,CDF,0.005324074074074073,0.002295138888888889,-0.003028935185185184,0.003028935185185184,0.0,0.003028935185185184,0.003028935185185184
Stable-order weighting,color_form,second,blurred,CF,0.10962037037037035,0.1269236111111111,0.017303240740740758,0.017303240740740758,0.3564814814814815,0.33917824074074077,0.33917824074074077
Stable-order weighting,color_form,second,blurred,CFD,0.0095,0.0030364583333333333,-0.006463541666666666,0.006463541666666666,-0.018518518518518517,-0.012054976851851851,0.012054976851851851
Stable-order weighting,color_form,second,blurred,D,0.0015324074074074075,0.0008506944444444444,-0.0006817129629629631,0.0006817129629629631,0.0,0.0006817129629629631,0.0006817129629629631
Stable-order weighting,color_form,second,blurred,DC,0.003046296296296296,0.011482638888888891,0.008436342592592596,0.008436342592592596,0.0,-0.008436342592592596,0.008436342592592596
Stable-order weighting,color_form,second,blurred,DCF,0.017555555555555557,0.0986388888888889,0.08108333333333334,0.08108333333333334,0.13194444444444445,0.05086111111111111,0.05086111111111111
Stable-order weighting,color_form,second,blurred,DF,0.0423287037037037,0.2303420138888889,0.1880133101851852,0.1880133101851852,0.041666666666666664,-0.14634664351851853,0.14634664351851853
Stable-order weighting,color_form,second,blurred,DFC,0.012736111111111111,0.03660243055555556,0.023866319444444447,0.023866319444444447,0.034722222222222224,0.010855902777777777,0.010855902777777777
Stable-order weighting,color_form,second,blurred,F,0.7094305555555556,0.4552100694444445,-0.2542204861111111,0.2542204861111111,-0.3958333333333333,-0.14161284722222223,0.14161284722222223
Stable-order weighting,color_form,second,blurred,FC,0.06519907407407408,0.02610590277777778,-0.039093171296296296,0.039093171296296296,-0.15046296296296297,-0.11136979166666666,0.11136979166666666
Stable-order weighting,color_form,second,blurred,FCD,0.005759259259259259,0.0007743055555555555,-0.004984953703703703,0.004984953703703703,0.0,0.004984953703703703,0.004984953703703703
Stable-order weighting,color_form,second,blurred,FD,0.0035740740740740746,0.0003402777777777778,-0.0032337962962962967,0.0032337962962962967,0.0,0.0032337962962962967,0.0032337962962962967
Stable-order weighting,color_form,second,blurred,FDC,0.004101851851851851,0.0012465277777777776,-0.0028553240740740735,0.0028553240740740735,0.0,0.0028553240740740735,0.0028553240740740735
Stable-order weighting,color_form,second,sharp,C,0.008982323232323234,0.004666666666666666,-0.004315656565656568,0.004315656565656568,0.0,0.004315656565656568,0.004315656565656568
Stable-order weighting,color_form,second,sharp,CD,0.0004343434343434344,0.0001944444444444444,-0.00023989898989898998,0.00023989898989898998,0.0,0.00023989898989898998,0.00023989898989898998
Stable-order weighting,color_form,second,sharp,CDF,0.005161616161616161,0.0020555555555555553,-0.003106060606060606,0.003106060606060606,0.0,0.003106060606060606,0.003106060606060606
Stable-order weighting,color_form,second,sharp,CF,0.1031388888888889,0.10897222222222223,0.005833333333333329,0.005833333333333329,-0.25252525252525254,-0.25835858585858584,0.25835858585858584
Stable-order weighting,color_form,second,sharp,CFD,0.0068838383838383845,0.0025833333333333333,-0.004300505050505051,0.004300505050505051,0.0,0.004300505050505051,0.004300505050505051
Stable-order weighting,color_form,second,sharp,D,0.0022601010101010103,0.0009999999999999998,-0.0012601010101010105,0.0012601010101010105,0.0,0.0012601010101010105,0.0012601010101010105
Stable-order weighting,color_form,second,sharp,DC,0.004522727272727274,0.014222222222222221,0.009699494949494947,0.009699494949494947,0.0,-0.009699494949494947,0.009699494949494947
Stable-order weighting,color_form,second,sharp,DCF,0.027737373737373738,0.11900000000000001,0.09126262626262627,0.09126262626262627,0.0,-0.09126262626262627,0.09126262626262627
Stable-order weighting,color_form,second,sharp,DF,0.06596969696969697,0.30680555555555555,0.2408358585858586,0.2408358585858586,0.4242424242424242,0.1834065656565656,0.1834065656565656
Stable-order weighting,color_form,second,sharp,DFC,0.018161616161616167,0.04455555555555556,0.02639393939393939,0.02639393939393939,0.0,-0.02639393939393939,0.02639393939393939
Stable-order weighting,color_form,second,sharp,F,0.6917474747474748,0.37294444444444447,-0.3188030303030303,0.3188030303030303,-0.11111111111111116,0.20769191919191915,0.20769191919191915
Stable-order weighting,color_form,second,sharp,FC,0.05347979797979798,0.02036111111111111,-0.03311868686868687,0.03311868686868687,-0.06060606060606061,-0.02748737373737374,0.02748737373737374
Stable-order weighting,color_form,second,sharp,FCD,0.004083333333333334,0.0006111111111111112,-0.0034722222222222225,0.0034722222222222225,0.0,0.0034722222222222225,0.0034722222222222225
Stable-order weighting,color_form,second,sharp,FD,0.0031313131313131315,0.0003333333333333333,-0.002797979797979798,0.002797979797979798,0.0,0.002797979797979798,0.002797979797979798
Stable-order weighting,color_form,second,sharp,FDC,0.004305555555555556,0.0016944444444444444,-0.002611111111111112,0.002611111111111112,0.0,0.002611111111111112,0.002611111111111112
Stable-order weighting,dimension_color,both,blurred,C,0.05593981481481481,0.017743055555555557,-0.03819675925925925,0.03819675925925925,-0.05555555555555555,-0.017358796296296303,0.017358796296296303
Stable-order weighting,dimension_color,both,blurred,CD,0.003875,0.00035416666666666664,-0.0035208333333333333,0.0035208333333333333,0.0,0.0035208333333333333,0.0035208333333333333
Stable-order weighting,dimension_color,both,blurred,CDF,0.041361111111111105,0.012100694444444447,-0.029260416666666657,0.029260416666666657,-0.1597222222222222,-0.13046180555555556,0.13046180555555556
Stable-order weighting,dimension_color,both,blurred,CF,0.3717037037037037,0.2777413194444444,-0.09396238425925929,0.09396238425925929,0.10416666666666666,0.19812905092592595,0.19812905092592595
Stable-order weighting,dimension_color,both,blurred,CFD,0.03497222222222222,0.007258680555555556,-0.02771354166666666,0.02771354166666666,-0.018518518518518517,0.009195023148148143,0.009195023148148143
Stable-order weighting,dimension_color,both,blurred,D,0.005287037037037036,0.001673611111111111,-0.0036134259259259253,0.0036134259259259253,0.0,0.0036134259259259253,0.0036134259259259253
Stable-order weighting,dimension_color,both,blurred,DC,0.017314814814814818,0.04022222222222223,0.02290740740740741,0.02290740740740741,-0.004629629629629629,-0.02753703703703704,0.02753703703703704
Stable-order weighting,dimension_color,both,blurred,DCF,0.0803611111111111,0.29400868055555557,0.21364756944444446,0.21364756944444446,0.400462962962963,0.18681539351851856,0.18681539351851856
Stable-order weighting,dimension_color,both,blurred,DF,0.057083333333333326,0.21719965277777778,0.16011631944444446,0.16011631944444446,0.004629629629629629,-0.15548668981481484,0.15548668981481484
Stable-order weighting,dimension_color,both,blurred,DFC,0.025546296296296293,0.044355902777777775,0.018809606481481483,0.018809606481481483,0.011574074074074077,-0.007235532407407406,0.007235532407407406
Stable-order weighting,dimension_color,both,blurred,F,0.16167592592592592,0.058953125,-0.10272280092592592,0.10272280092592592,-0.07870370370370369,0.02401909722222223,0.02401909722222223
Stable-order weighting,dimension_color,both,blurred,FC,0.12292592592592592,0.02620659722222222,-0.0967193287037037,0.0967193287037037,-0.18518518518518517,-0.08846585648148148,0.08846585648148148
Stable-order weighting,dimension_color,both,blurred,FCD,0.009731481481481482,0.0007447916666666665,-0.008986689814814815,0.008986689814814815,0.0,0.008986689814814815,0.008986689814814815
Stable-order weighting,dimension_color,both,blurred,FD,0.0042592592592592595,0.0002725694444444444,-0.003986689814814815,0.003986689814814815,0.0,0.003986689814814815,0.003986689814814815
Stable-order weighting,dimension_color,both,blurred,FDC,0.007962962962962963,0.0011649305555555553,-0.006798032407407408,0.006798032407407408,-0.018518518518518517,-0.011720486111111109,0.011720486111111109
Stable-order weighting,dimension_color,both,sharp,C,0.05131818181818181,0.01186111111111111,-0.039457070707070704,0.039457070707070704,0.0,0.039457070707070704,0.039457070707070704
Stable-order weighting,dimension_color,both,sharp,CD,0.002712121212121213,0.00025,-0.0024621212121212132,0.0024621212121212132,-0.020202020202020204,-0.01773989898989899,0.01773989898989899
Stable-order weighting,dimension_color,both,sharp,CDF,0.034101010101010104,0.01388888888888889,-0.020212121212121216,0.020212121212121216,-0.08080808080808081,-0.0605959595959596,0.0605959595959596
Stable-order weighting,dimension_color,both,sharp,CF,0.29013888888888884,0.18097222222222223,-0.1091666666666666,0.1091666666666666,-0.25252525252525254,-0.14335858585858594,0.14335858585858594
Stable-order weighting,dimension_color,both,sharp,CFD,0.0241919191919192,0.004694444444444445,-0.019497474747474753,0.019497474747474753,-0.020202020202020204,-0.0007045454545454508,0.0007045454545454508
Stable-order weighting,dimension_color,both,sharp,D,0.00980808080808081,0.0019999999999999996,-0.007808080808080809,0.007808080808080809,0.0,0.007808080808080809,0.007808080808080809
Stable-order weighting,dimension_color,both,sharp,DC,0.03216919191919192,0.04847222222222223,0.016303030303030312,0.016303030303030312,0.020202020202020193,0.003898989898989881,0.003898989898989881
Stable-order weighting,dimension_color,both,sharp,DCF,0.12975252525252526,0.3955,0.26574747474747473,0.26574747474747473,0.6262626262626263,0.36051515151515157,0.36051515151515157
Stable-order weighting,dimension_color,both,sharp,DF,0.11396212121212122,0.25172222222222224,0.137760101010101,0.137760101010101,-0.04040404040404041,-0.1781641414141414,0.1781641414141414
Stable-order weighting,dimension_color,both,sharp,DFC,0.045825757575757575,0.04030555555555556,-0.0055202020202020155,0.0055202020202020155,-0.050505050505050504,-0.04498484848484849,0.04498484848484849
Stable-order weighting,dimension_color,both,sharp,F,0.15337121212121213,0.035027777777777776,-0.11834343434343436,0.11834343434343436,-0.09090909090909091,0.02743434343434345,0.02743434343434345
Stable-order weighting,dimension_color,both,sharp,FC,0.0931439393939394,0.013583333333333334,-0.07956060606060607,0.07956060606060607,-0.08080808080808081,-0.0012474747474747472,0.0012474747474747472
Stable-order weighting,dimension_color,both,sharp,FCD,0.006926767676767677,0.0006388888888888888,-0.0062878787878787885,0.0062878787878787885,-0.010101010101010102,-0.0038131313131313134,0.0038131313131313134
Stable-order weighting,dimension_color,both,sharp,FD,0.004262626262626263,0.00016666666666666666,-0.0040959595959595965,0.0040959595959595965,0.0,0.0040959595959595965,0.0040959595959595965
Stable-order weighting,dimension_color,both,sharp,FDC,0.008315656565656568,0.0009166666666666668,-0.0073989898989899015,0.0073989898989899015,0.0,0.0073989898989899015,0.0073989898989899015
Stable-order weighting,dimension_color,first,blurred,C,0.023650943396226417,0.005937500000000001,-0.017713443396226415,0.017713443396226415,-0.03773584905660377,-0.020022405660377357,0.020022405660377357
Stable-order weighting,dimension_color,first,blurred,CD,0.0023254716981132074,0.0002535714285714286,-0.002071900269541779,0.002071900269541779,-0.018867924528301886,-0.016796024258760107,0.016796024258760107
Stable-order weighting,dimension_color,first,blurred,CDF,0.0245188679245283,0.005533928571428572,-0.01898493935309973,0.01898493935309973,-0.22641509433962265,-0.20743015498652292,0.20743015498652292
Stable-order weighting,dimension_color,first,blurred,CF,0.16114622641509435,0.08684285714285712,-0.07430336927223723,0.07430336927223723,-0.026954177897574122,0.047349191374663105,0.047349191374663105
Stable-order weighting,dimension_color,first,blurred,CFD,0.01612264150943396,0.0025625,-0.01356014150943396,0.01356014150943396,0.0,0.01356014150943396,0.01356014150943396
Stable-order weighting,dimension_color,first,blurred,D,0.06539150943396226,0.010971428571428573,-0.05442008086253368,0.05442008086253368,-0.07547169811320754,-0.021051617250673865,0.021051617250673865
Stable-order weighting,dimension_color,first,blurred,DC,0.021051886792452828,0.03150714285714285,0.010455256064690024,0.010455256064690024,0.014285714285714285,0.0038304582210242615,0.0038304582210242615
Stable-order weighting,dimension_color,first,blurred,DCF,0.10570283018867922,0.24777857142857143,0.1420757412398922,0.1420757412398922,0.505121293800539,0.36304555256064686,0.36304555256064686
Stable-order weighting,dimension_color,first,blurred,DF,0.21200943396226415,0.47156964285714287,0.25956020889487874,0.25956020889487874,0.11994609164420483,-0.1396141172506739,0.1396141172506739
Stable-order weighting,dimension_color,first,blurred,DFC,0.05898584905660377,0.07188928571428571,0.012903436657681941,0.012903436657681941,0.0005390835579514794,-0.012364353099730462,0.012364353099730462
Stable-order weighting,dimension_color,first,blurred,F,0.18444339622641512,0.04623571428571428,-0.13820768194070082,0.13820768194070082,-0.02803234501347709,0.11017533692722373,0.11017533692722373
Stable-order weighting,dimension_color,first,blurred,FC,0.08716509433962263,0.01583392857142857,-0.07133116576819407,0.07133116576819407,-0.1509433962264151,-0.07961223045822102,0.07961223045822102
Stable-order weighting,dimension_color,first,blurred,FCD,0.00861320754716981,0.0006053571428571428,-0.008007850404312667,0.008007850404312667,-0.03773584905660377,-0.029727998652291105,0.029727998652291105
Stable-order weighting,dimension_color,first,blurred,FD,0.013693396226415093,0.00046964285714285717,-0.013223753369272236,0.013223753369272236,-0.018867924528301886,-0.0056441711590296505,0.0056441711590296505
Stable-order weighting,dimension_color,first,blurred,FDC,0.015179245283018868,0.0020089285714285712,-0.013170316711590297,0.013170316711590297,-0.018867924528301886,-0.005697607816711589,0.005697607816711589
Stable-order weighting,dimension_color,first,sharp,C,0.01117091836734694,0.0024999999999999996,-0.00867091836734694,0.00867091836734694,0.0,0.00867091836734694,0.00867091836734694
Stable-order weighting,dimension_color,first,sharp,CD,0.001375,0.0003333333333333333,-0.0010416666666666667,0.0010416666666666667,0.0,0.0010416666666666667,0.0010416666666666667
Stable-order weighting,dimension_color,first,sharp,CDF,0.01700510204081633,0.0036944444444444438,-0.013310657596371886,0.013310657596371886,-0.05102040816326531,-0.03770975056689342,0.03770975056689342
Stable-order weighting,dimension_color,first,sharp,CF,0.07352295918367346,0.025638888888888888,-0.04788407029478457,0.04788407029478457,-0.30612244897959184,-0.25823837868480726,0.25823837868480726
Stable-order weighting,dimension_color,first,sharp,CFD,0.009168367346938775,0.0010277777777777776,-0.008140589569160996,0.008140589569160996,-0.01020408163265306,-0.002063492063492064,0.002063492063492064
Stable-order weighting,dimension_color,first,sharp,D,0.32057142857142856,0.05397222222222223,-0.2665992063492063,0.2665992063492063,-0.32653061224489793,-0.059931405895691625,0.059931405895691625
Stable-order weighting,dimension_color,first,sharp,DC,0.02514030612244898,0.03583333333333333,0.010693027210884349,0.010693027210884349,0.21201814058956914,0.20132511337868478,0.20132511337868478
Stable-order weighting,dimension_color,first,sharp,DCF,0.10826275510204081,0.2909722222222223,0.1827094671201815,0.1827094671201815,0.373015873015873,0.19030640589569153,0.19030640589569153
Stable-order weighting,dimension_color,first,sharp,DF,0.2221173469387755,0.4814166666666666,0.2592993197278911,0.2592993197278911,0.24149659863945577,-0.017802721088435336,0.017802721088435336
Stable-order weighting,dimension_color,first,sharp,DFC,0.06120663265306123,0.07927777777777778,0.018071145124716553,0.018071145124716553,-0.02040816326530612,-0.03847930839002267,0.03847930839002267
Stable-order weighting,dimension_color,first,sharp,F,0.08970408163265307,0.018555555555555558,-0.07114852607709751,0.07114852607709751,-0.07142857142857142,-0.0002800453514739121,0.0002800453514739121
Stable-order weighting,dimension_color,first,sharp,FC,0.03692857142857143,0.004777777777777777,-0.03215079365079365,0.03215079365079365,-0.030612244897959183,0.001538548752834469,0.001538548752834469
Stable-order weighting,dimension_color,first,sharp,FCD,0.004829081632653061,0.0002777777777777777,-0.004551303854875283,0.004551303854875283,0.0,0.004551303854875283,0.004551303854875283
Stable-order weighting,dimension_color,first,sharp,FD,0.00810969387755102,0.0003333333333333334,-0.007776360544217688,0.007776360544217688,-0.01020408163265306,-0.0024277210884353726,0.0024277210884353726
Stable-order weighting,dimension_color,first,sharp,FDC,0.010887755102040817,0.001388888888888889,-0.009498866213151928,0.009498866213151928,0.0,0.009498866213151928,0.009498866213151928
Stable-order weighting,dimension_color,second,blurred,C,0.8025046296296297,0.602390625,-0.2001140046296297,0.2001140046296297,-0.19675925925925924,0.003354745370370449,0.003354745370370449
Stable-order weighting,dimension_color,second,blurred,CD,0.005222222222222223,0.0006284722222222222,-0.004593750000000001,0.004593750000000001,0.0,0.004593750000000001,0.004593750000000001
Stable-order weighting,dimension_color,second,blurred,CDF,0.005162037037037036,0.0038246527777777775,-0.0013373842592592586,0.0013373842592592586,-0.05555555555555555,-0.054218171296296296,0.054218171296296296
Stable-order weighting,dimension_color,second,blurred,CF,0.10226851851851851,0.1573385416666667,0.055070023148148184,0.055070023148148184,0.3125,0.2574299768518518,0.2574299768518518
Stable-order weighting,dimension_color,second,blurred,CFD,0.009717592592592592,0.003890625,-0.005826967592592592,0.005826967592592592,0.0,0.005826967592592592,0.005826967592592592
Stable-order weighting,dimension_color,second,blurred,D,0.003050925925925926,0.002684027777777778,-0.0003668981481481483,0.0003668981481481483,0.0,0.0003668981481481483,0.0003668981481481483
Stable-order weighting,dimension_color,second,blurred,DC,0.01573611111111111,0.10026909722222221,0.0845329861111111,0.0845329861111111,0.0,-0.0845329861111111,0.0845329861111111
Stable-order weighting,dimension_color,second,blurred,DCF,0.0062037037037037035,0.06861805555555556,0.06241435185185185,0.06241435185185185,0.09027777777777778,0.027863425925925923,0.027863425925925923
Stable-order weighting,dimension_color,second,blurred,DF,0.0031342592592592594,0.0279375,0.02480324074074074,0.02480324074074074,0.0,-0.02480324074074074,0.02480324074074074
Stable-order weighting,dimension_color,second,blurred,DFC,0.003162037037037037,0.008883680555555558,0.005721643518518521,0.005721643518518521,0.05555555555555555,0.049833912037037034,0.049833912037037034
Stable-order weighting,dimension_color,second,blurred,F,0.016379629629629626,0.013973958333333336,-0.0024056712962962894,0.0024056712962962894,-0.039351851851851846,-0.036946180555555555,0.036946180555555555
Stable-order weighting,dimension_color,second,blurred,FC,0.024324074074074074,0.008598958333333333,-0.01572511574074074,0.01572511574074074,-0.16666666666666666,-0.15094155092592593,0.15094155092592593
Stable-order weighting,dimension_color,second,blurred,FCD,0.0014351851851851852,0.000390625,-0.0010445601851851853,0.0010445601851851853,0.0,0.0010445601851851853,0.0010445601851851853
Stable-order weighting,dimension_color,second,blurred,FD,0.00043981481481481476,0.00020659722222222222,-0.00023321759259259254,0.00023321759259259254,0.0,0.00023321759259259254,0.00023321759259259254
Stable-order weighting,dimension_color,second,blurred,FDC,0.0012592592592592592,0.00036458333333333324,-0.0008946759259259259,0.0008946759259259259,0.0,0.0008946759259259259,0.0008946759259259259
Stable-order weighting,dimension_color,second,sharp,C,0.7861363636363637,0.5584722222222223,-0.22766414141414149,0.22766414141414149,0.030303030303030276,0.25796717171717176,0.25796717171717176
Stable-order weighting,dimension_color,second,sharp,CD,0.00534848484848485,0.0007777777777777778,-0.004570707070707072,0.004570707070707072,0.0,0.004570707070707072,0.004570707070707072
Stable-order weighting,dimension_color,second,sharp,CDF,0.005770202020202021,0.005388888888888889,-0.0003813131313131317,0.0003813131313131317,-0.010101010101010102,-0.00971969696969697,0.00971969696969697
Stable-order weighting,dimension_color,second,sharp,CF,0.08536111111111111,0.1436666666666667,0.05830555555555558,0.05830555555555558,0.101010101010101,0.04270454545454541,0.04270454545454541
Stable-order weighting,dimension_color,second,sharp,CFD,0.006474747474747475,0.0034722222222222225,-0.0030025252525252527,0.0030025252525252527,0.0,0.0030025252525252527,0.0030025252525252527
Stable-order weighting,dimension_color,second,sharp,D,0.005169191919191919,0.0035277777777777777,-0.0016414141414141411,0.0016414141414141411,0.0,0.0016414141414141411,0.0016414141414141411
Stable-order weighting,dimension_color,second,sharp,DC,0.03753787878787879,0.13444444444444445,0.09690656565656566,0.09690656565656566,0.0,-0.09690656565656566,0.09690656565656566
Stable-order weighting,dimension_color,second,sharp,DCF,0.014739898989898992,0.093,0.078260101010101,0.078260101010101,0.0,-0.078260101010101,0.078260101010101
Stable-order weighting,dimension_color,second,sharp,DF,0.007287878787878789,0.033944444444444444,0.026656565656565656,0.026656565656565656,0.0,-0.026656565656565656,0.026656565656565656
Stable-order weighting,dimension_color,second,sharp,DFC,0.005714646464646466,0.005694444444444445,-2.0202020202021026e-05,2.0202020202021026e-05,0.0,2.0202020202021026e-05,2.0202020202021026e-05
Stable-order weighting,dimension_color,second,sharp,F,0.016439393939393938,0.012055555555555555,-0.004383838383838382,0.004383838383838382,-0.020202020202020204,-0.01581818181818182,0.01581818181818182
Stable-order weighting,dimension_color,second,sharp,FC,0.02086616161616162,0.004833333333333333,-0.016032828282828288,0.016032828282828288,-0.10101010101010101,-0.08497727272727272,0.08497727272727272
Stable-order weighting,dimension_color,second,sharp,FCD,0.0013737373737373738,0.00025,-0.0011237373737373738,0.0011237373737373738,0.0,0.0011237373737373738,0.0011237373737373738
Stable-order weighting,dimension_color,second,sharp,FD,0.0004848484848484849,0.0002222222222222222,-0.0002626262626262627,0.0002626262626262627,0.0,0.0002626262626262627,0.0002626262626262627
Stable-order weighting,dimension_color,second,sharp,FDC,0.0012954545454545456,0.00025,-0.0010454545454545456,0.0010454545454545456,0.0,0.0010454545454545456,0.0010454545454545456
Stable-order weighting,dimension_form,both,blurred,C,0.08246226415094339,0.028638297872340422,-0.05382396627860297,0.05382396627860297,-0.03773584905660377,0.016088117221999196,0.016088117221999196
Stable-order weighting,dimension_form,both,blurred,CD,0.00554245283018868,0.00037588652482269504,-0.005166566305365985,0.005166566305365985,-0.018867924528301886,-0.013701358222935901,0.013701358222935901
Stable-order weighting,dimension_form,both,blurred,CDF,0.0555377358490566,0.020629432624113476,-0.03490830322494312,0.03490830322494312,-0.2570587448146661,-0.222150441589723,0.222150441589723
Stable-order weighting,dimension_form,both,blurred,CF,0.47225,0.39763475177304963,-0.07461524822695037,0.07461524822695037,-0.009099424595209404,0.06551582363174097,0.06551582363174097
Stable-order weighting,dimension_form,both,blurred,CFD,0.04348584905660377,0.010684397163120569,-0.0328014518934832,0.0328014518934832,-0.011775725946741603,0.021025725946741597,0.021025725946741597
Stable-order weighting,dimension_form,both,blurred,D,0.004330188679245283,0.0014113475177304964,-0.0029188411615147865,0.0029188411615147865,0.0,0.0029188411615147865,0.0029188411615147865
Stable-order weighting,dimension_form,both,blurred,DC,0.018117924528301885,0.04680851063829788,0.028690586109995992,0.028690586109995992,0.0070921985815602835,-0.02159838752843571,0.02159838752843571
Stable-order weighting,dimension_form,both,blurred,DCF,0.06894811320754718,0.30273581560283686,0.23378770239528968,0.23378770239528968,0.4894955171952362,0.25570781479994653,0.25570781479994653
Stable-order weighting,dimension_form,both,blurred,DF,0.027094339622641506,0.1062127659574468,0.0791184263348053,0.0791184263348053,0.09019135554663454,0.011072929211829244,0.011072929211829244
Stable-order weighting,dimension_form,both,blurred,DFC,0.01845754716981132,0.029813829787234042,0.011356282617422723,0.011356282617422723,-0.08243008162719122,-0.09378636424461394,0.09378636424461394
Stable-order weighting,dimension_form,both,blurred,F,0.08878773584905658,0.03443971631205674,-0.054348019536999845,0.054348019536999845,-0.05660377358490566,-0.002255754047905817,0.002255754047905817
Stable-order weighting,dimension_form,both,blurred,FC,0.10056603773584905,0.01898404255319149,-0.08158199518265756,0.08158199518265756,-0.11320754716981132,-0.03162555198715376,0.03162555198715376
Stable-order weighting,dimension_form,both,blurred,FCD,0.006537735849056604,0.0005602836879432624,-0.005977452161113342,0.005977452161113342,0.0,0.005977452161113342,0.005977452161113342
Stable-order weighting,dimension_form,both,blurred,FD,0.0020613207547169814,0.0002553191489361702,-0.0018060016057808112,0.0018060016057808112,0.0,0.0018060016057808112,0.0018060016057808112
Stable-order weighting,dimension_form,both,blurred,FDC,0.0058207547169811325,0.0008156028368794326,-0.0050051518801017,0.0050051518801017,0.0,0.0050051518801017,0.0050051518801017
Stable-order weighting,dimension_form,both,sharp,C,0.08263888888888889,0.02027777777777778,-0.0623611111111111,0.0623611111111111,0.010101010101010097,0.0724621212121212,0.0724621212121212
Stable-order weighting,dimension_form,both,sharp,CD,0.004505050505050505,0.00044444444444444447,-0.0040606060606060606,0.0040606060606060606,0.0,0.0040606060606060606,0.0040606060606060606
Stable-order weighting,dimension_form,both,sharp,CDF,0.04311616161616162,0.02525,-0.01786616161616162,0.01786616161616162,-0.1111111111111111,-0.09324494949494949,0.09324494949494949
Stable-order weighting,dimension_form,both,sharp,CF,0.3668484848484848,0.29147222222222224,-0.07537626262626257,0.07537626262626257,-0.01010101010101011,0.06527525252525246,0.06527525252525246
Stable-order weighting,dimension_form,both,sharp,CFD,0.029626262626262626,0.0075,-0.022126262626262626,0.022126262626262626,0.0,0.022126262626262626,0.022126262626262626
Stable-order weighting,dimension_form,both,sharp,D,0.009194444444444446,0.0016111111111111111,-0.007583333333333335,0.007583333333333335,0.0,0.007583333333333335,0.007583333333333335
Stable-order weighting,dimension_form,both,sharp,DC,0.038520202020202024,0.051833333333333335,0.013313131313131311,0.013313131313131311,-0.050505050505050504,-0.06381818181818182,0.06381818181818182
Stable-order weighting,dimension_form,both,sharp,DCF,0.11917929292929293,0.41233333333333333,0.2931540404040404,0.2931540404040404,0.3939393939393939,0.1007853535353535,0.1007853535353535
Stable-order weighting,dimension_form,both,sharp,DF,0.07157575757575758,0.13094444444444445,0.05936868686868686,0.05936868686868686,-0.09090909090909091,-0.1502777777777778,0.1502777777777778
Stable-order weighting,dimension_form,both,sharp,DFC,0.038414141414141414,0.021388888888888884,-0.01702525252525253,0.01702525252525253,-0.020202020202020204,-0.0031767676767676736,0.0031767676767676736
Stable-order weighting,dimension_form,both,sharp,F,0.09770959595959595,0.024694444444444442,-0.0730151515151515,0.0730151515151515,-0.020202020202020204,0.0528131313131313,0.0528131313131313
Stable-order weighting,dimension_form,both,sharp,FC,0.08376515151515151,0.010972222222222222,-0.0727929292929293,0.0727929292929293,-0.0707070707070707,0.0020858585858585937,0.0020858585858585937
Stable-order weighting,dimension_form,both,sharp,FCD,0.005696969696969697,0.0005555555555555556,-0.005141414141414141,0.005141414141414141,-0.020202020202020204,-0.015060606060606063,0.015060606060606063
Stable-order weighting,dimension_form,both,sharp,FD,0.002590909090909091,0.00025,-0.0023409090909090914,0.0023409090909090914,-0.010101010101010102,-0.0077601010101010105,0.0077601010101010105
Stable-order weighting,dimension_form,both,sharp,FDC,0.0066186868686868685,0.0004722222222222222,-0.0061464646464646465,0.0061464646464646465,0.0,0.0061464646464646465,0.0061464646464646465
Stable-order weighting,dimension_form,first,blurred,C,0.09722549019607843,0.02577536231884058,-0.07145012787723785,0.07145012787723785,-0.08439897698209718,-0.012948849104859328,0.012948849104859328
Stable-order weighting,dimension_form,first,blurred,CD,0.011794117647058823,0.000572463768115942,-0.011221653878942882,0.011221653878942882,0.0,0.011221653878942882,0.011221653878942882
Stable-order weighting,dimension_form,first,blurred,CDF,0.10193137254901961,0.03602536231884058,-0.06590601023017903,0.06590601023017903,-0.1568627450980392,-0.09095673486786018,0.09095673486786018
Stable-order weighting,dimension_form,first,blurred,CF,0.30047549019607844,0.22470652173913044,-0.075768968456948,0.075768968456948,-0.0012787723785165905,0.07449019607843141,0.07449019607843141
Stable-order weighting,dimension_form,first,blurred,CFD,0.03038725490196078,0.006699275362318842,-0.023687979539641937,0.023687979539641937,0.0,0.023687979539641937,0.023687979539641937
Stable-order weighting,dimension_form,first,blurred,D,0.059,0.01227898550724638,-0.04672101449275362,0.04672101449275362,-0.11764705882352941,-0.07092604433077579,0.07092604433077579
Stable-order weighting,dimension_form,first,blurred,DC,0.04677450980392157,0.08176992753623187,0.034995417732310304,0.034995417732310304,0.014492753623188406,-0.020502664109121896,0.020502664109121896
Stable-order weighting,dimension_form,first,blurred,DCF,0.14415196078431372,0.4499673913043478,0.3058154305200341,0.3058154305200341,0.4855072463768116,0.17969181585677746,0.17969181585677746
Stable-order weighting,dimension_form,first,blurred,DF,0.03963725490196078,0.10376086956521739,0.06412361466325661,0.06412361466325661,0.04475703324808185,-0.019366581415174763,0.019366581415174763
Stable-order weighting,dimension_form,first,blurred,DFC,0.02864705882352941,0.03182608695652173,0.0031790281329923224,0.0031790281329923224,-0.027706734867860183,-0.030885763000852506,0.030885763000852506
Stable-order weighting,dimension_form,first,blurred,F,0.05336764705882353,0.01583876811594203,-0.0375288789428815,0.0375288789428815,-0.0196078431372549,0.017921035805626595,0.017921035805626595
Stable-order weighting,dimension_form,first,blurred,FC,0.06977450980392158,0.009342391304347825,-0.06043211849957376,0.06043211849957376,-0.13725490196078433,-0.07682278346121058,0.07682278346121058
Stable-order weighting,dimension_form,first,blurred,FCD,0.006524509803921569,0.00040942028985507253,-0.006115089514066496,0.006115089514066496,0.0,0.006115089514066496,0.006115089514066496
Stable-order weighting,dimension_form,first,blurred,FD,0.0024215686274509803,0.00023188405797101454,-0.0021896845694799657,0.0021896845694799657,0.0,0.0021896845694799657,0.0021896845694799657
Stable-order weighting,dimension_form,first,blurred,FDC,0.007887254901960784,0.0007952898550724637,-0.00709196504688832,0.00709196504688832,0.0,0.00709196504688832,0.00709196504688832
Stable-order weighting,dimension_form,first,sharp,C,0.048651515151515154,0.00975,-0.03890151515151515,0.03890151515151515,-0.050505050505050504,-0.011603535353535352,0.011603535353535352
Stable-order weighting,dimension_form,first,sharp,CD,0.0069191919191919195,0.0003888888888888889,-0.00653030303030303,0.00653030303030303,0.0,0.00653030303030303,0.00653030303030303
Stable-order weighting,dimension_form,first,sharp,CDF,0.05713383838383839,0.02425,-0.03288383838383839,0.03288383838383839,-0.06060606060606061,-0.027722222222222218,0.027722222222222218
Stable-order weighting,dimension_form,first,sharp,CF,0.11799747474747475,0.057305555555555554,-0.0606919191919192,0.0606919191919192,-0.26262626262626265,-0.20193434343434347,0.20193434343434347
Stable-order weighting,dimension_form,first,sharp,CFD,0.014002525252525252,0.00175,-0.012252525252525253,0.012252525252525253,0.0,0.012252525252525253,0.012252525252525253
Stable-order weighting,dimension_form,first,sharp,D,0.3419090909090909,0.06841666666666668,-0.2734924242424242,0.2734924242424242,-0.2828282828282828,-0.009335858585858614,0.009335858585858614
Stable-order weighting,dimension_form,first,sharp,DC,0.07265909090909091,0.08480555555555555,0.012146464646464641,0.012146464646464641,0.20202020202020202,0.18987373737373736,0.18987373737373736
Stable-order weighting,dimension_form,first,sharp,DCF,0.16900252525252524,0.6125,0.4434974747474748,0.4434974747474748,0.3737373737373737,-0.0697601010101011,0.0697601010101011
Stable-order weighting,dimension_form,first,sharp,DF,0.05853030303030303,0.11041666666666668,0.05188636363636365,0.05188636363636365,0.2525252525252525,0.20063888888888884,0.20063888888888884
Stable-order weighting,dimension_form,first,sharp,DFC,0.04097979797979798,0.01911111111111111,-0.021868686868686867,0.021868686868686867,-0.04040404040404041,-0.01853535353535354,0.01853535353535354
Stable-order weighting,dimension_form,first,sharp,F,0.028590909090909094,0.007611111111111111,-0.020979797979797984,0.020979797979797984,-0.030303030303030304,-0.00932323232323232,0.00932323232323232
Stable-order weighting,dimension_form,first,sharp,FC,0.03088383838383839,0.002638888888888889,-0.0282449494949495,0.0282449494949495,-0.06060606060606061,-0.032361111111111104,0.032361111111111104
Stable-order weighting,dimension_form,first,sharp,FCD,0.003936868686868687,0.0003888888888888888,-0.0035479797979797987,0.0035479797979797987,-0.010101010101010102,-0.006553030303030304,0.006553030303030304
Stable-order weighting,dimension_form,first,sharp,FD,0.0020984848484848486,0.0002777777777777778,-0.0018207070707070708,0.0018207070707070708,-0.010101010101010102,-0.00828030303030303,0.00828030303030303
Stable-order weighting,dimension_form,first,sharp,FDC,0.006704545454545455,0.0003888888888888888,-0.006315656565656566,0.006315656565656566,-0.020202020202020204,-0.013886363636363638,0.013886363636363638
Stable-order weighting,dimension_form,second,blurred,C,0.0320787037037037,0.017680555555555554,-0.014398148148148146,0.014398148148148146,-0.004629629629629629,0.009768518518518517,0.009768518518518517
Stable-order weighting,dimension_form,second,blurred,CD,0.0012592592592592592,0.0002777777777777778,-0.0009814814814814814,0.0009814814814814814,0.0,0.0009814814814814814,0.0009814814814814814
Stable-order weighting,dimension_form,second,blurred,CDF,0.013268518518518518,0.007067708333333334,-0.006200810185185184,0.006200810185185184,0.0,0.006200810185185184,0.006200810185185184
Stable-order weighting,dimension_form,second,blurred,CF,0.30736574074074074,0.33913888888888893,0.03177314814814819,0.03177314814814819,0.41435185185185186,0.38257870370370367,0.38257870370370367
Stable-order weighting,dimension_form,second,blurred,CFD,0.029560185185185182,0.00829513888888889,-0.021265046296296292,0.021265046296296292,0.0,0.021265046296296292,0.021265046296296292
Stable-order weighting,dimension_form,second,blurred,D,0.0012453703703703702,0.0007847222222222221,-0.00046064814814814807,0.00046064814814814807,0.0,0.00046064814814814807,0.00046064814814814807
Stable-order weighting,dimension_form,second,blurred,DC,0.003708333333333333,0.019296875,0.015588541666666669,0.015588541666666669,0.0,-0.015588541666666669,0.015588541666666669
Stable-order weighting,dimension_form,second,blurred,DCF,0.019125,0.15190104166666668,0.13277604166666668,0.13277604166666668,0.0625,-0.07027604166666668,0.07027604166666668
Stable-order weighting,dimension_form,second,blurred,DF,0.013208333333333332,0.09986111111111111,0.08665277777777777,0.08665277777777777,0.0,-0.08665277777777777,0.08665277777777777
Stable-order weighting,dimension_form,second,blurred,DFC,0.00825925925925926,0.023203125,0.014943865740740742,0.014943865740740742,0.041666666666666664,0.026722800925925924,0.026722800925925924
Stable-order weighting,dimension_form,second,blurred,F,0.4864907407407408,0.30692708333333335,-0.17956365740740743,0.17956365740740743,-0.3611111111111111,-0.18154745370370368,0.18154745370370368
Stable-order weighting,dimension_form,second,blurred,FC,0.0749398148148148,0.024052083333333335,-0.05088773148148147,0.05088773148148147,-0.15277777777777776,-0.10189004629629629,0.10189004629629629
Stable-order weighting,dimension_form,second,blurred,FCD,0.0047546296296296295,0.0006336805555555556,-0.004120949074074074,0.004120949074074074,0.0,0.004120949074074074,0.004120949074074074
Stable-order weighting,dimension_form,second,blurred,FD,0.0013425925925925925,0.00019444444444444446,-0.0011481481481481481,0.0011481481481481481,0.0,0.0011481481481481481,0.0011481481481481481
Stable-order weighting,dimension_form,second,blurred,FDC,0.0033935185185185184,0.0006857638888888889,-0.0027077546296296294,0.0027077546296296294,0.0,0.0027077546296296294,0.0027077546296296294
Stable-order weighting,dimension_form,second,sharp,C,0.033145408163265305,0.015027777777777779,-0.018117630385487526,0.018117630385487526,-0.02040816326530612,-0.0022905328798185944,0.0022905328798185944
Stable-order weighting,dimension_form,second,sharp,CD,0.0011862244897959183,0.0004444444444444444,-0.0007417800453514739,0.0007417800453514739,0.0,0.0007417800453514739,0.0007417800453514739
Stable-order weighting,dimension_form,second,sharp,CDF,0.012857142857142857,0.010527777777777778,-0.0023293650793650787,0.0023293650793650787,-0.02040816326530612,-0.01807879818594104,0.01807879818594104
Stable-order weighting,dimension_form,second,sharp,CF,0.25140306122448974,0.31872222222222224,0.0673191609977325,0.0673191609977325,-0.044217687074829926,-0.11153684807256242,0.11153684807256242
Stable-order weighting,dimension_form,second,sharp,CFD,0.017454081632653065,0.007055555555555555,-0.01039852607709751,0.01039852607709751,0.0,0.01039852607709751,0.01039852607709751
Stable-order weighting,dimension_form,second,sharp,D,0.001877551020408163,0.0009444444444444444,-0.0009331065759637187,0.0009331065759637187,0.0,0.0009331065759637187,0.0009331065759637187
Stable-order weighting,dimension_form,second,sharp,DC,0.00799234693877551,0.025944444444444444,0.017952097505668934,0.017952097505668934,0.0,-0.017952097505668934,0.017952097505668934
Stable-order weighting,dimension_form,second,sharp,DCF,0.03941836734693878,0.20480555555555557,0.1653871882086168,0.1653871882086168,0.0,-0.1653871882086168,0.1653871882086168
Stable-order weighting,dimension_form,second,sharp,DF,0.030668367346938775,0.12377777777777779,0.09310941043083902,0.09310941043083902,0.0,-0.09310941043083902,0.09310941043083902
Stable-order weighting,dimension_form,second,sharp,DFC,0.016747448979591836,0.01988888888888889,0.0031414399092970537,0.0031414399092970537,0.0,-0.0031414399092970537,0.0031414399092970537
Stable-order weighting,dimension_form,second,sharp,F,0.5111530612244898,0.2545,-0.2566530612244898,0.2566530612244898,0.1360544217687074,0.3927074829931972,0.3927074829931972
Stable-order weighting,dimension_form,second,sharp,FC,0.06701275510204081,0.01686111111111111,-0.0501516439909297,0.0501516439909297,-0.05102040816326531,-0.0008687641723356052,0.0008687641723356052
Stable-order weighting,dimension_form,second,sharp,FCD,0.004038265306122449,0.0007777777777777776,-0.0032604875283446712,0.0032604875283446712,0.0,0.0032604875283446712,0.0032604875283446712
Stable-order weighting,dimension_form,second,sharp,FD,0.001566326530612245,0.00025,-0.001316326530612245,0.001316326530612245,0.0,0.001316326530612245,0.001316326530612245
Stable-order weighting,dimension_form,second,sharp,FDC,0.003479591836734693,0.0004722222222222222,-0.0030073696145124706,0.0030073696145124706,0.0,0.0030073696145124706,0.0030073696145124706
Successive-choice contribution,color_form,both,blurred,C,0.0853827160493827,0.02663657407407407,-0.058746141975308634,0.058746141975308634,0.0,0.058746141975308634,0.058746141975308634
Successive-choice contribution,color_form,both,blurred,CD,0.000904320987654321,0.0007916666666666665,-0.00011265432098765443,0.00011265432098765443,0.0,0.00011265432098765443,0.00011265432098765443
Successive-choice contribution,color_form,both,blurred,CDF,0.0075246913580246915,0.02074074074074074,0.013216049382716049,0.013216049382716049,0.027777777777777776,0.014561728395061728,0.014561728395061728
Successive-choice contribution,color_form,both,blurred,CF,0.3298765432098766,0.46530787037037036,0.13543132716049378,0.13543132716049378,0.27469135802469136,0.13926003086419758,0.13926003086419758
Successive-choice contribution,color_form,both,blurred,CFD,0.004388888888888888,0.02488657407407407,0.02049768518518518,0.02049768518518518,-0.012345679012345678,-0.03284336419753086,0.03284336419753086
Successive-choice contribution,color_form,both,blurred,D,0.0036080246913580247,0.0017337962962962962,-0.0018742283950617285,0.0018742283950617285,0.0,0.0018742283950617285,0.0018742283950617285
Successive-choice contribution,color_form,both,blurred,DC,0.03287037037037037,0.027625,-0.005245370370370369,0.005245370370370369,-0.012345679012345678,-0.007100308641975309,0.007100308641975309
Successive-choice contribution,color_form,both,blurred,DCF,0.1082962962962963,0.22371064814814814,0.11541435185185185,0.11541435185185185,0.05864197530864197,-0.05677237654320988,0.05677237654320988
Successive-choice contribution,color_form,both,blurred,DF,0.10793518518518519,0.10594444444444445,-0.0019907407407407374,0.0019907407407407374,-0.015432098765432098,-0.01344135802469136,0.01344135802469136
Successive-choice contribution,color_form,both,blurred,DFC,0.041978395061728395,0.016863425925925924,-0.02511496913580247,0.02511496913580247,-0.06172839506172839,-0.036613425925925924,0.036613425925925924
Successive-choice contribution,color_form,both,blurred,F,0.17514506172839503,0.05530555555555555,-0.11983950617283948,0.11983950617283948,-0.012345679012345678,0.1074938271604938,0.1074938271604938
Successive-choice contribution,color_form,both,blurred,FC,0.09400308641975309,0.027175925925925923,-0.06682716049382717,0.06682716049382717,-0.24691358024691357,-0.1800864197530864,0.1800864197530864
Successive-choice contribution,color_form,both,blurred,FCD,0.0022222222222222222,0.0019398148148148148,-0.00028240740740740743,0.00028240740740740743,0.0,0.00028240740740740743,0.00028240740740740743
Successive-choice contribution,color_form,both,blurred,FD,0.0013672839506172838,0.0005115740740740741,-0.0008557098765432097,0.0008557098765432097,0.0,0.0008557098765432097,0.0008557098765432097
Successive-choice contribution,color_form,both,blurred,FDC,0.004496913580246914,0.0008263888888888889,-0.003670524691358025,0.003670524691358025,0.0,0.003670524691358025,0.003670524691358025
Successive-choice contribution,color_form,both,sharp,C,0.07965972222222223,0.0353,-0.04435972222222223,0.04435972222222223,0.0,0.04435972222222223,0.04435972222222223
Successive-choice contribution,color_form,both,sharp,CD,0.000625,0.0011555555555555555,0.0005305555555555555,0.0005305555555555555,0.0,-0.0005305555555555555,0.0005305555555555555
Successive-choice contribution,color_form,both,sharp,CDF,0.006954861111111111,0.025627777777777777,0.018672916666666664,0.018672916666666664,0.022222222222222223,0.003549305555555559,0.003549305555555559
Successive-choice contribution,color_form,both,sharp,CF,0.3446979166666666,0.5536055555555555,0.20890763888888886,0.20890763888888886,0.6000000000000001,0.39109236111111123,0.39109236111111123
Successive-choice contribution,color_form,both,sharp,CFD,0.003236111111111111,0.03986111111111111,0.036625,0.036625,0.0,-0.036625,0.036625
Successive-choice contribution,color_form,both,sharp,D,0.00346875,0.001966666666666667,-0.0015020833333333331,0.0015020833333333331,-0.013888888888888888,-0.012386805555555555,0.012386805555555555
Successive-choice contribution,color_form,both,sharp,DC,0.03224305555555556,0.017611111111111112,-0.014631944444444447,0.014631944444444447,0.0,0.014631944444444447,0.014631944444444447
Successive-choice contribution,color_form,both,sharp,DCF,0.11324305555555557,0.12345,0.010206944444444435,0.010206944444444435,-0.2555555555555556,-0.2657625,0.2657625
Successive-choice contribution,color_form,both,sharp,DF,0.10653125,0.05908888888888888,-0.047442361111111116,0.047442361111111116,-0.08333333333333333,-0.03589097222222221,0.03589097222222221
Successive-choice contribution,color_form,both,sharp,DFC,0.04730555555555556,0.012272222222222223,-0.03503333333333333,0.03503333333333333,-0.1111111111111111,-0.07607777777777777,0.07607777777777777
Successive-choice contribution,color_form,both,sharp,F,0.1624861111111111,0.07950555555555555,-0.08298055555555556,0.08298055555555556,0.0,0.08298055555555556,0.08298055555555556
Successive-choice contribution,color_form,both,sharp,FC,0.09439930555555558,0.04495,-0.04944930555555558,0.04944930555555558,-0.15833333333333333,-0.10888402777777775,0.10888402777777775
Successive-choice contribution,color_form,both,sharp,FCD,0.0011006944444444445,0.004022222222222222,0.0029215277777777777,0.0029215277777777777,0.0,-0.0029215277777777777,0.0029215277777777777
Successive-choice contribution,color_form,both,sharp,FD,0.0008645833333333333,0.0005111111111111111,-0.00035347222222222225,0.00035347222222222225,0.0,0.00035347222222222225,0.00035347222222222225
Successive-choice contribution,color_form,both,sharp,FDC,0.003184027777777778,0.0010722222222222225,-0.002111805555555555,0.002111805555555555,0.0,0.002111805555555555,0.002111805555555555
Successive-choice contribution,color_form,first,blurred,C,0.8132839506172839,0.6978125,-0.11547145061728392,0.11547145061728392,-0.6234567901234568,-0.5079853395061729,0.5079853395061729
Successive-choice contribution,color_form,first,blurred,CD,0.0026049382716049384,0.003710648148148148,0.0011057098765432094,0.0011057098765432094,0.0,-0.0011057098765432094,0.0011057098765432094
Successive-choice contribution,color_form,first,blurred,CDF,0.0015833333333333333,0.012155092592592592,0.01057175925925926,0.01057175925925926,0.037037037037037035,0.026465277777777775,0.026465277777777775
Successive-choice contribution,color_form,first,blurred,CF,0.03735802469135802,0.14213657407407407,0.10477854938271605,0.10477854938271605,0.6975308641975309,0.5927523148148148,0.5927523148148148
Successive-choice contribution,color_form,first,blurred,CFD,0.0008641975308641975,0.006157407407407407,0.005293209876543209,0.005293209876543209,0.0,-0.005293209876543209,0.005293209876543209
Successive-choice contribution,color_form,first,blurred,D,0.0026481481481481477,0.002747685185185185,9.95370370370373e-05,9.95370370370373e-05,0.0,-9.95370370370373e-05,9.95370370370373e-05
Successive-choice contribution,color_form,first,blurred,DC,0.09275925925925925,0.07127777777777777,-0.021481481481481476,0.021481481481481476,-0.0030864197530864196,0.018395061728395057,0.018395061728395057
Successive-choice contribution,color_form,first,blurred,DCF,0.019342592592592592,0.051622685185185174,0.03228009259259258,0.03228009259259258,0.06481481481481481,0.03253472222222223,0.03253472222222223
Successive-choice contribution,color_form,first,blurred,DF,0.005898148148148148,0.004888888888888889,-0.0010092592592592592,0.0010092592592592592,0.0,0.0010092592592592592,0.0010092592592592592
Successive-choice contribution,color_form,first,blurred,DFC,0.006981481481481481,0.0009120370370370369,-0.006069444444444444,0.006069444444444444,-0.06172839506172839,-0.055658950617283945,0.055658950617283945
Successive-choice contribution,color_form,first,blurred,F,0.004416666666666666,0.003918981481481481,-0.0004976851851851852,0.0004976851851851852,0.0,0.0004976851851851852,0.0004976851851851852
Successive-choice contribution,color_form,first,blurred,FC,0.010574074074074073,0.0019212962962962964,-0.008652777777777777,0.008652777777777777,-0.1111111111111111,-0.10245833333333333,0.10245833333333333
Successive-choice contribution,color_form,first,blurred,FCD,0.0005493827160493827,0.00030092592592592595,-0.00024845679012345677,0.00024845679012345677,0.0,0.00024845679012345677,0.00024845679012345677
Successive-choice contribution,color_form,first,blurred,FD,0.00026234567901234563,0.00021527777777777775,-4.706790123456788e-05,4.706790123456788e-05,0.0,4.706790123456788e-05,4.706790123456788e-05
Successive-choice contribution,color_form,first,blurred,FDC,0.0008734567901234567,0.0002222222222222222,-0.0006512345679012345,0.0006512345679012345,0.0,0.0006512345679012345,0.0006512345679012345
Successive-choice contribution,color_form,first,sharp,C,0.7773819444444444,0.7699333333333334,-0.007448611111111059,0.007448611111111059,-0.4638888888888889,-0.45644027777777785,0.45644027777777785
Successive-choice contribution,color_form,first,sharp,CD,0.0016215277777777777,0.004361111111111111,0.002739583333333333,0.002739583333333333,0.0,-0.002739583333333333,0.002739583333333333
Successive-choice contribution,color_form,first,sharp,CDF,0.0014479166666666668,0.012388888888888889,0.010940972222222222,0.010940972222222222,0.061111111111111116,0.050170138888888896,0.050170138888888896
Successive-choice contribution,color_form,first,sharp,CF,0.041333333333333326,0.1406611111111111,0.09932777777777776,0.09932777777777776,0.513888888888889,0.41456111111111116,0.41456111111111116
Successive-choice contribution,color_form,first,sharp,CFD,0.0007291666666666667,0.009633333333333332,0.008904166666666666,0.008904166666666666,0.0,-0.008904166666666666,0.008904166666666666
Successive-choice contribution,color_form,first,sharp,D,0.003708333333333333,0.0022444444444444443,-0.0014638888888888887,0.0014638888888888887,-0.013888888888888888,-0.012424999999999999,0.012424999999999999
Successive-choice contribution,color_form,first,sharp,DC,0.11898958333333334,0.030888888888888886,-0.08810069444444446,0.08810069444444446,-0.013888888888888888,0.07421180555555557,0.07421180555555557
Successive-choice contribution,color_form,first,sharp,DCF,0.023034722222222224,0.01906111111111111,-0.003973611111111115,0.003973611111111115,0.019444444444444445,0.02341805555555556,0.02341805555555556
Successive-choice contribution,color_form,first,sharp,DF,0.0075763888888888895,0.0020666666666666663,-0.005509722222222223,0.005509722222222223,-0.027777777777777776,-0.022268055555555555,0.022268055555555555
Successive-choice contribution,color_form,first,sharp,DFC,0.008340277777777778,0.0005166666666666666,-0.007823611111111111,0.007823611111111111,-0.05555555555555555,-0.04773194444444444,0.04773194444444444
Successive-choice contribution,color_form,first,sharp,F,0.00434375,0.004516666666666666,0.00017291666666666584,0.00017291666666666584,0.0,-0.00017291666666666584,0.00017291666666666584
Successive-choice contribution,color_form,first,sharp,FC,0.0101875,0.0028555555555555556,-0.007331944444444445,0.007331944444444445,-0.01944444444444444,-0.012112499999999997,0.012112499999999997
Successive-choice contribution,color_form,first,sharp,FCD,0.000375,0.00045555555555555556,8.055555555555556e-05,8.055555555555556e-05,0.0,-8.055555555555556e-05,8.055555555555556e-05
Successive-choice contribution,color_form,first,sharp,FD,0.0002361111111111111,0.0001666666666666667,-6.94444444444444e-05,6.94444444444444e-05,0.0,6.94444444444444e-05,6.94444444444444e-05
Successive-choice contribution,color_form,first,sharp,FDC,0.0006944444444444445,0.00025,-0.00044444444444444447,0.00044444444444444447,0.0,0.00044444444444444447,0.00044444444444444447
Successive-choice contribution,color_form,second,blurred,C,0.009157407407407406,0.006497685185185185,-0.0026597222222222204,0.0026597222222222204,0.0,0.0026597222222222204,0.0026597222222222204
Successive-choice contribution,color_form,second,blurred,CD,0.0002962962962962963,0.0002962962962962963,0.0,0.0,0.0,0.0,0.0
Successive-choice contribution,color_form,second,blurred,CDF,0.0030493827160493823,0.0026712962962962957,-0.0003780864197530866,0.0003780864197530866,0.0,0.0003780864197530866,0.0003780864197530866
Successive-choice contribution,color_form,second,blurred,CF,0.08701851851851852,0.1317384259259259,0.04471990740740739,0.04471990740740739,0.5462962962962963,0.5015763888888889,0.5015763888888889
Successive-choice contribution,color_form,second,blurred,CFD,0.0018148148148148147,0.006560185185185185,0.00474537037037037,0.00474537037037037,0.0,-0.00474537037037037,0.00474537037037037
Successive-choice contribution,color_form,second,blurred,D,0.0010617283950617284,0.0009768518518518518,-8.487654320987661e-05,8.487654320987661e-05,0.0,8.487654320987661e-05,8.487654320987661e-05
Successive-choice contribution,color_form,second,blurred,DC,0.005345679012345679,0.010537037037037036,0.005191358024691357,0.005191358024691357,0.0,-0.005191358024691357,0.005191358024691357
Successive-choice contribution,color_form,second,blurred,DCF,0.04558950617283951,0.08279398148148147,0.03720447530864196,0.03720447530864196,0.06790123456790123,0.03069675925925927,0.03069675925925927
Successive-choice contribution,color_form,second,blurred,DF,0.095179012345679,0.20400231481481482,0.10882330246913581,0.10882330246913581,0.0,-0.10882330246913581,0.10882330246913581
Successive-choice contribution,color_form,second,blurred,DFC,0.020722222222222222,0.0314537037037037,0.010731481481481477,0.010731481481481477,-0.06172839506172839,-0.07245987654320987,0.07245987654320987
Successive-choice contribution,color_form,second,blurred,F,0.6910216049382716,0.4843726851851852,-0.20664891975308636,0.20664891975308636,-0.41049382716049376,-0.2038449074074074,0.2038449074074074
Successive-choice contribution,color_form,second,blurred,FC,0.03514506172839506,0.033400462962962965,-0.0017445987654320927,0.0017445987654320927,-0.1419753086419753,-0.1402307098765432,0.1402307098765432
Successive-choice contribution,color_form,second,blurred,FCD,0.001138888888888889,0.0023425925925925927,0.0012037037037037038,0.0012037037037037038,0.0,-0.0012037037037037038,0.0012037037037037038
Successive-choice contribution,color_form,second,blurred,FD,0.0013364197530864198,0.0007060185185185185,-0.0006304012345679013,0.0006304012345679013,0.0,0.0006304012345679013,0.0006304012345679013
Successive-choice contribution,color_form,second,blurred,FDC,0.0021234567901234564,0.001650462962962963,-0.0004729938271604934,0.0004729938271604934,0.0,0.0004729938271604934,0.0004729938271604934
Successive-choice contribution,color_form,second,sharp,C,0.008315972222222221,0.007516666666666666,-0.0007993055555555548,0.0007993055555555548,0.0,0.0007993055555555548,0.0007993055555555548
Successive-choice contribution,color_form,second,sharp,CD,0.0002534722222222222,0.0002222222222222222,-3.125e-05,3.125e-05,0.0,3.125e-05,3.125e-05
Successive-choice contribution,color_form,second,sharp,CDF,0.0031979166666666666,0.003855555555555555,0.0006576388888888886,0.0006576388888888886,0.008333333333333335,0.007675694444444447,0.007675694444444447
Successive-choice contribution,color_form,second,sharp,CF,0.09370486111111112,0.12524444444444444,0.031539583333333315,0.031539583333333315,0.4472222222222222,0.4156826388888889,0.4156826388888889
Successive-choice contribution,color_form,second,sharp,CFD,0.0014722222222222224,0.008955555555555555,0.007483333333333333,0.007483333333333333,0.0,-0.007483333333333333,0.007483333333333333
Successive-choice contribution,color_form,second,sharp,D,0.0019027777777777778,0.0013166666666666667,-0.000586111111111111,0.000586111111111111,0.0,0.000586111111111111,0.000586111111111111
Successive-choice contribution,color_form,second,sharp,DC,0.008166666666666668,0.007838888888888888,-0.00032777777777777926,0.00032777777777777926,0.0,0.00032777777777777926,0.00032777777777777926
Successive-choice contribution,color_form,second,sharp,DCF,0.06007291666666667,0.05741666666666666,-0.0026562500000000128,0.0026562500000000128,-0.002777777777777782,-0.00012152777777776902,0.00012152777777776902
Successive-choice contribution,color_form,second,sharp,DF,0.13775,0.1374111111111111,-0.00033888888888891633,0.00033888888888891633,-0.013888888888888888,-0.013549999999999972,0.013549999999999972
Successive-choice contribution,color_form,second,sharp,DFC,0.028243055555555556,0.028594444444444443,0.0003513888888888872,0.0003513888888888872,-0.041666666666666664,-0.04201805555555555,0.04201805555555555
Successive-choice contribution,color_form,second,sharp,F,0.6218680555555557,0.5706,-0.05126805555555569,0.05126805555555569,-0.31388888888888894,-0.26262083333333325,0.26262083333333325
Successive-choice contribution,color_form,second,sharp,FC,0.03153472222222223,0.04277222222222222,0.01123749999999999,0.01123749999999999,-0.041666666666666664,-0.052904166666666655,0.052904166666666655
Successive-choice contribution,color_form,second,sharp,FCD,0.00048611111111111115,0.003955555555555556,0.0034694444444444447,0.0034694444444444447,0.0,-0.0034694444444444447,0.0034694444444444447
Successive-choice contribution,color_form,second,sharp,FD,0.00090625,0.0013777777777777777,0.00047152777777777764,0.00047152777777777764,0.0,-0.00047152777777777764,0.00047152777777777764
Successive-choice contribution,color_form,second,sharp,FDC,0.002125,0.0029222222222222223,0.0007972222222222222,0.0007972222222222222,-0.041666666666666664,-0.042463888888888884,0.042463888888888884
Successive-choice contribution,dimension_color,both,blurred,C,0.051654320987654316,0.021518518518518517,-0.0301358024691358,0.0301358024691358,-0.012345679012345678,0.01779012345679012,0.01779012345679012
Successive-choice contribution,dimension_color,both,blurred,CD,0.0008549382716049382,0.0010439814814814815,0.0001890432098765433,0.0001890432098765433,-0.012345679012345678,-0.012534722222222221,0.012534722222222221
Successive-choice contribution,dimension_color,both,blurred,CDF,0.010805555555555554,0.02364351851851852,0.012837962962962964,0.012837962962962964,0.06172839506172839,0.048890432098765424,0.048890432098765424
Successive-choice contribution,dimension_color,both,blurred,CF,0.23753395061728394,0.3342453703703704,0.09671141975308645,0.09671141975308645,0.14506172839506176,0.048350308641975315,0.048350308641975315
Successive-choice contribution,dimension_color,both,blurred,CFD,0.0046635802469135795,0.018585648148148146,0.013922067901234566,0.013922067901234566,0.0,-0.013922067901234566,0.013922067901234566
Successive-choice contribution,dimension_color,both,blurred,D,0.0043055555555555555,0.002087962962962963,-0.0022175925925925926,0.0022175925925925926,0.0,0.0022175925925925926,0.0022175925925925926
Successive-choice contribution,dimension_color,both,blurred,DC,0.04705864197530864,0.032111111111111104,-0.014947530864197534,0.014947530864197534,-0.10185185185185185,-0.08690432098765431,0.08690432098765431
Successive-choice contribution,dimension_color,both,blurred,DCF,0.16126851851851853,0.262050925925926,0.10078240740740746,0.10078240740740746,0.32098765432098764,0.22020524691358018,0.22020524691358018
Successive-choice contribution,dimension_color,both,blurred,DF,0.18992283950617284,0.17102314814814815,-0.01889969135802469,0.01889969135802469,-0.06481481481481481,-0.04591512345679012,0.04591512345679012
Successive-choice contribution,dimension_color,both,blurred,DFC,0.05630864197530864,0.028046296296296295,-0.028262345679012344,0.028262345679012344,-0.1728395061728395,-0.14457716049382716,0.14457716049382716
Successive-choice contribution,dimension_color,both,blurred,F,0.15232716049382714,0.06798842592592592,-0.08433873456790121,0.08433873456790121,-0.015432098765432098,0.06890663580246911,0.06890663580246911
Successive-choice contribution,dimension_color,both,blurred,FC,0.07410802469135802,0.032826388888888884,-0.04128163580246914,0.04128163580246914,-0.13580246913580246,-0.09452083333333333,0.09452083333333333
Successive-choice contribution,dimension_color,both,blurred,FCD,0.002354938271604938,0.002724537037037037,0.00036959876543209884,0.00036959876543209884,0.0,-0.00036959876543209884,0.00036959876543209884
Successive-choice contribution,dimension_color,both,blurred,FD,0.0017253086419753085,0.0006874999999999999,-0.0010378086419753087,0.0010378086419753087,-0.012345679012345678,-0.01130787037037037,0.01130787037037037
Successive-choice contribution,dimension_color,both,blurred,FDC,0.005108024691358025,0.0014166666666666666,-0.003691358024691358,0.003691358024691358,0.0,0.003691358024691358,0.003691358024691358
Successive-choice contribution,dimension_color,both,sharp,C,0.037375,0.024888888888888884,-0.012486111111111114,0.012486111111111114,0.0,0.012486111111111114,0.012486111111111114
Successive-choice contribution,dimension_color,both,sharp,CD,0.0007881944444444444,0.0013666666666666666,0.0005784722222222222,0.0005784722222222222,0.0,-0.0005784722222222222,0.0005784722222222222
Successive-choice contribution,dimension_color,both,sharp,CDF,0.012215277777777778,0.03470555555555556,0.022490277777777783,0.022490277777777783,0.11944444444444444,0.09695416666666665,0.09695416666666665
Successive-choice contribution,dimension_color,both,sharp,CF,0.18102777777777776,0.31797777777777775,0.13695,0.13695,0.34444444444444444,0.20749444444444445,0.20749444444444445
Successive-choice contribution,dimension_color,both,sharp,CFD,0.0034479166666666664,0.025761111111111106,0.02231319444444444,0.02231319444444444,0.0,-0.02231319444444444,0.02231319444444444
Successive-choice contribution,dimension_color,both,sharp,D,0.00625,0.0034611111111111114,-0.002788888888888889,0.002788888888888889,0.0,0.002788888888888889,0.002788888888888889
Successive-choice contribution,dimension_color,both,sharp,DC,0.05393055555555555,0.031238888888888885,-0.022691666666666666,0.022691666666666666,-0.3194444444444444,-0.29675277777777775,0.29675277777777775
Successive-choice contribution,dimension_color,both,sharp,DCF,0.21143402777777778,0.22751666666666664,0.01608263888888886,0.01608263888888886,0.19444444444444442,0.17836180555555556,0.17836180555555556
Successive-choice contribution,dimension_color,both,sharp,DF,0.23422569444444447,0.1580388888888889,-0.07618680555555557,0.07618680555555557,-0.1638888888888889,-0.08770208333333332,0.08770208333333332
Successive-choice contribution,dimension_color,both,sharp,DFC,0.07958333333333334,0.033544444444444446,-0.04603888888888889,0.04603888888888889,-0.1388888888888889,-0.09285,0.09285
Successive-choice contribution,dimension_color,both,sharp,F,0.11907986111111112,0.08775,-0.03132986111111112,0.03132986111111112,0.005555555555555564,0.036885416666666684,0.036885416666666684
Successive-choice contribution,dimension_color,both,sharp,FC,0.05334722222222222,0.04516666666666666,-0.008180555555555559,0.008180555555555559,-0.041666666666666664,-0.033486111111111105,0.033486111111111105
Successive-choice contribution,dimension_color,both,sharp,FCD,0.0010729166666666665,0.004588888888888889,0.0035159722222222224,0.0035159722222222224,0.0,-0.0035159722222222224,0.0035159722222222224
Successive-choice contribution,dimension_color,both,sharp,FD,0.0012951388888888889,0.001388888888888889,9.375000000000008e-05,9.375000000000008e-05,0.0,-9.375000000000008e-05,9.375000000000008e-05
Successive-choice contribution,dimension_color,both,sharp,FDC,0.004927083333333333,0.002605555555555555,-0.002321527777777778,0.002321527777777778,0.0,0.002321527777777778,0.002321527777777778
Successive-choice contribution,dimension_color,first,blurred,C,0.01644375,0.007208333333333333,-0.009235416666666666,0.009235416666666666,0.0,0.009235416666666666,0.009235416666666666
Successive-choice contribution,dimension_color,first,blurred,CD,0.000709375,0.0005833333333333333,-0.00012604166666666677,0.00012604166666666677,0.0,0.00012604166666666677,0.00012604166666666677
Successive-choice contribution,dimension_color,first,blurred,CDF,0.00796875,0.01004861111111111,0.0020798611111111105,0.0020798611111111105,0.10185185185185185,0.09977199074074074,0.09977199074074074
Successive-choice contribution,dimension_color,first,blurred,CF,0.09490312499999999,0.10093055555555555,0.00602743055555556,0.00602743055555556,0.17546296296296296,0.16943553240740739,0.16943553240740739
Successive-choice contribution,dimension_color,first,blurred,CFD,0.004,0.00563425925925926,0.0016342592592592598,0.0016342592592592598,0.0,-0.0016342592592592598,0.0016342592592592598
Successive-choice contribution,dimension_color,first,blurred,D,0.037503125,0.020375,-0.017128124999999998,0.017128124999999998,-0.0375,-0.020371875,0.020371875
Successive-choice contribution,dimension_color,first,blurred,DC,0.035215625,0.029388888888888885,-0.005826736111111116,0.005826736111111116,-0.1125,-0.10667326388888888,0.10667326388888888
Successive-choice contribution,dimension_color,first,blurred,DCF,0.1420625,0.23491898148148146,0.09285648148148146,0.09285648148148146,0.48657407407407405,0.3937175925925926,0.3937175925925926
Successive-choice contribution,dimension_color,first,blurred,DF,0.41572187499999996,0.4300231481481481,0.014301273148148164,0.014301273148148164,-0.32314814814814813,-0.3374494212962963,0.3374494212962963
Successive-choice contribution,dimension_color,first,blurred,DFC,0.0668125,0.0689861111111111,0.0021736111111110984,0.0021736111111110984,-0.2,-0.2021736111111111,0.2021736111111111
Successive-choice contribution,dimension_color,first,blurred,F,0.12670625000000002,0.06035185185185185,-0.06635439814814817,0.06635439814814817,-0.015740740740740743,0.05061365740740743,0.05061365740740743
Successive-choice contribution,dimension_color,first,blurred,FC,0.040521875,0.022444444444444444,-0.018077430555555555,0.018077430555555555,-0.05,-0.03192256944444445,0.03192256944444445
Successive-choice contribution,dimension_color,first,blurred,FCD,0.002246875,0.0019421296296296298,-0.00030474537037037037,0.00030474537037037037,-0.0125,-0.01219525462962963,0.01219525462962963
Successive-choice contribution,dimension_color,first,blurred,FD,0.0032875,0.0027407407407407406,-0.0005467592592592594,0.0005467592592592594,-0.0125,-0.011953240740740742,0.011953240740740742
Successive-choice contribution,dimension_color,first,blurred,FDC,0.005896874999999999,0.004423611111111111,-0.0014732638888888885,0.0014732638888888885,0.0,0.0014732638888888885,0.0014732638888888885
Successive-choice contribution,dimension_color,first,sharp,C,0.007577464788732394,0.006605555555555556,-0.000971909233176838,0.000971909233176838,0.0,0.000971909233176838,0.000971909233176838
Successive-choice contribution,dimension_color,first,sharp,CD,0.0006021126760563381,0.0006277777777777778,2.5665101721439668e-05,2.5665101721439668e-05,0.0,-2.5665101721439668e-05,2.5665101721439668e-05
Successive-choice contribution,dimension_color,first,sharp,CDF,0.0065140845070422535,0.014661111111111111,0.008147026604068857,0.008147026604068857,0.16369327073552425,0.1555462441314554,0.1555462441314554
Successive-choice contribution,dimension_color,first,sharp,CF,0.04123591549295774,0.05314444444444444,0.011908528951486697,0.011908528951486697,0.17777777777777778,0.1658692488262911,0.1658692488262911
Successive-choice contribution,dimension_color,first,sharp,CFD,0.002183098591549296,0.005477777777777778,0.0032946791862284814,0.0032946791862284814,0.0,-0.0032946791862284814,0.0032946791862284814
Successive-choice contribution,dimension_color,first,sharp,D,0.22535211267605637,0.15973333333333334,-0.06561877934272303,0.06561877934272303,-0.22316118935837242,-0.1575424100156494,0.1575424100156494
Successive-choice contribution,dimension_color,first,sharp,DC,0.038679577464788735,0.03571666666666667,-0.0029629107981220676,0.0029629107981220676,-0.07042253521126761,-0.06745962441314554,0.06745962441314554
Successive-choice contribution,dimension_color,first,sharp,DCF,0.14994718309859156,0.2542277777777778,0.10428059467918621,0.10428059467918621,0.40438184663536775,0.30010125195618154,0.30010125195618154
Successive-choice contribution,dimension_color,first,sharp,DF,0.37540492957746485,0.32150555555555554,-0.05389937402190931,0.05389937402190931,-0.2513302034428795,-0.19743082942097018,0.19743082942097018
Successive-choice contribution,dimension_color,first,sharp,DFC,0.07258098591549296,0.07251666666666665,-6.43192488263139e-05,6.43192488263139e-05,-0.11267605633802817,-0.11261173708920186,0.11261173708920186
Successive-choice contribution,dimension_color,first,sharp,F,0.058573943661971835,0.04837777777777777,-0.010196165884194065,0.010196165884194065,-0.07417840375586855,-0.06398223787167448,0.06398223787167448
Successive-choice contribution,dimension_color,first,sharp,FC,0.014725352112676057,0.016605555555555554,0.0018802034428794974,0.0018802034428794974,-0.014084507042253521,-0.015964710485133017,0.015964710485133017
Successive-choice contribution,dimension_color,first,sharp,FCD,0.0008802816901408451,0.002261111111111111,0.0013808294209702657,0.0013808294209702657,0.0,-0.0013808294209702657,0.0013808294209702657
Successive-choice contribution,dimension_color,first,sharp,FD,0.0017288732394366197,0.002822222222222222,0.0010933489827856023,0.0010933489827856023,0.0,-0.0010933489827856023,0.0010933489827856023
Successive-choice contribution,dimension_color,first,sharp,FDC,0.004014084507042253,0.005716666666666667,0.0017025821596244137,0.0017025821596244137,0.0,-0.0017025821596244137,0.0017025821596244137
Successive-choice contribution,dimension_color,second,blurred,C,0.7662962962962963,0.6455532407407406,-0.12074305555555565,0.12074305555555565,-0.5987654320987654,-0.4780223765432098,0.4780223765432098
Successive-choice contribution,dimension_color,second,blurred,CD,0.0017037037037037038,0.0014513888888888888,-0.000252314814814815,0.000252314814814815,0.0,0.000252314814814815,0.000252314814814815
Successive-choice contribution,dimension_color,second,blurred,CDF,0.0022222222222222222,0.005324074074074075,0.0031018518518518526,0.0031018518518518526,0.018518518518518517,0.015416666666666665,0.015416666666666665
Successive-choice contribution,dimension_color,second,blurred,CF,0.07475925925925925,0.17266898148148146,0.09790972222222222,0.09790972222222222,0.7654320987654321,0.6675223765432099,0.6675223765432099
Successive-choice contribution,dimension_color,second,blurred,CFD,0.0013333333333333333,0.007854166666666666,0.0065208333333333325,0.0065208333333333325,0.0,-0.0065208333333333325,0.0065208333333333325
Successive-choice contribution,dimension_color,second,blurred,D,0.0028549382716049378,0.0027361111111111106,-0.00011882716049382716,0.00011882716049382716,0.0,0.00011882716049382716,0.00011882716049382716
Successive-choice contribution,dimension_color,second,blurred,DC,0.0574537037037037,0.06902777777777777,0.01157407407407407,0.01157407407407407,0.0,-0.01157407407407407,0.01157407407407407
Successive-choice contribution,dimension_color,second,blurred,DCF,0.027811728395061727,0.051620370370370365,0.023808641975308638,0.023808641975308638,0.043209876543209874,0.019401234567901236,0.019401234567901236
Successive-choice contribution,dimension_color,second,blurred,DF,0.015006172839506171,0.018886574074074073,0.003880401234567902,0.003880401234567902,0.0,-0.003880401234567902,0.003880401234567902
Successive-choice contribution,dimension_color,second,blurred,DFC,0.010901234567901234,0.003037037037037037,-0.007864197530864196,0.007864197530864196,-0.07407407407407407,-0.06620987654320987,0.06620987654320987
Successive-choice contribution,dimension_color,second,blurred,F,0.01605864197530864,0.013993055555555554,-0.0020655864197530877,0.0020655864197530877,-0.030864197530864196,-0.028798611111111108,0.028798611111111108
Successive-choice contribution,dimension_color,second,blurred,FC,0.021370370370370366,0.006817129629629629,-0.014553240740740738,0.014553240740740738,-0.12345679012345678,-0.10890354938271604,0.10890354938271604
Successive-choice contribution,dimension_color,second,blurred,FCD,0.0007006172839506172,0.0005370370370370369,-0.00016358024691358027,0.00016358024691358027,0.0,0.00016358024691358027,0.00016358024691358027
Successive-choice contribution,dimension_color,second,blurred,FD,0.000345679012345679,0.00021759259259259258,-0.00012808641975308642,0.00012808641975308642,0.0,0.00012808641975308642,0.00012808641975308642
Successive-choice contribution,dimension_color,second,blurred,FDC,0.0011820987654320987,0.0002754629629629629,-0.0009066358024691358,0.0009066358024691358,0.0,0.0009066358024691358,0.0009066358024691358
Successive-choice contribution,dimension_color,second,sharp,C,0.7174513888888889,0.6999055555555554,-0.017545833333333483,0.017545833333333483,-0.5777777777777777,-0.5602319444444442,0.5602319444444442
Successive-choice contribution,dimension_color,second,sharp,CD,0.0016527777777777778,0.003122222222222223,0.001469444444444445,0.001469444444444445,0.0,-0.001469444444444445,0.001469444444444445
Successive-choice contribution,dimension_color,second,sharp,CDF,0.00265625,0.00936111111111111,0.006704861111111109,0.006704861111111109,0.008333333333333335,0.0016284722222222256,0.0016284722222222256
Successive-choice contribution,dimension_color,second,sharp,CF,0.06749652777777777,0.14174444444444445,0.07424791666666668,0.07424791666666668,0.7,0.6257520833333333,0.6257520833333333
Successive-choice contribution,dimension_color,second,sharp,CFD,0.0011145833333333333,0.010805555555555558,0.009690972222222224,0.009690972222222224,0.0,-0.009690972222222224,0.009690972222222224
Successive-choice contribution,dimension_color,second,sharp,D,0.00475,0.004694444444444445,-5.555555555555522e-05,5.555555555555522e-05,0.0,5.555555555555522e-05,5.555555555555522e-05
Successive-choice contribution,dimension_color,second,sharp,DC,0.09608680555555556,0.05512222222222222,-0.04096458333333334,0.04096458333333334,-0.013888888888888888,0.02707569444444445,0.02707569444444445
Successive-choice contribution,dimension_color,second,sharp,DCF,0.03817708333333333,0.035777777777777776,-0.0023993055555555504,0.0023993055555555504,0.022222222222222223,0.024621527777777773,0.024621527777777773
Successive-choice contribution,dimension_color,second,sharp,DF,0.021652777777777778,0.011844444444444446,-0.009808333333333332,0.009808333333333332,0.0,0.009808333333333332,0.009808333333333332
Successive-choice contribution,dimension_color,second,sharp,DFC,0.015225694444444446,0.002655555555555555,-0.012570138888888891,0.012570138888888891,-0.041666666666666664,-0.029096527777777773,0.029096527777777773
Successive-choice contribution,dimension_color,second,sharp,F,0.014628472222222223,0.015066666666666666,0.00043819444444444244,0.00043819444444444244,-0.041666666666666664,-0.04210486111111111,0.04210486111111111
Successive-choice contribution,dimension_color,second,sharp,FC,0.017135416666666667,0.00848888888888889,-0.008646527777777777,0.008646527777777777,-0.05555555555555555,-0.04690902777777778,0.04690902777777778
Successive-choice contribution,dimension_color,second,sharp,FCD,0.00042708333333333324,0.0007666666666666666,0.00033958333333333334,0.00033958333333333334,0.0,-0.00033958333333333334,0.00033958333333333334
Successive-choice contribution,dimension_color,second,sharp,FD,0.0003055555555555556,0.0002,-0.0001055555555555556,0.0001055555555555556,0.0,0.0001055555555555556,0.0001055555555555556
Successive-choice contribution,dimension_color,second,sharp,FDC,0.0012395833333333332,0.00044444444444444447,-0.0007951388888888887,0.0007951388888888887,0.0,0.0007951388888888887,0.0007951388888888887
Successive-choice contribution,dimension_form,both,blurred,C,0.0863987341772152,0.031999999999999994,-0.05439873417721521,0.05439873417721521,-0.02531645569620253,0.02908227848101268,0.02908227848101268
Successive-choice contribution,dimension_form,both,blurred,CD,0.0011930379746835445,0.0014305555555555554,0.0002375175808720109,0.0002375175808720109,0.0,-0.0002375175808720109,0.0002375175808720109
Successive-choice contribution,dimension_form,both,blurred,CDF,0.011743670886075952,0.03990972222222222,0.028166051336146268,0.028166051336146268,0.12037037037037036,0.0922043190342241,0.0922043190342241
Successive-choice contribution,dimension_form,both,blurred,CF,0.31307278481012657,0.4704143518518519,0.1573415670417253,0.1573415670417253,0.08052039381153306,-0.07682117323019225,0.07682117323019225
Successive-choice contribution,dimension_form,both,blurred,CFD,0.0050917721518987345,0.025608796296296293,0.020517024144397558,0.020517024144397558,-0.012658227848101266,-0.03317525199249882,0.03317525199249882
Successive-choice contribution,dimension_form,both,blurred,D,0.004022151898734177,0.0017546296296296296,-0.002267522269104548,0.002267522269104548,0.0,0.002267522269104548,0.002267522269104548
Successive-choice contribution,dimension_form,both,blurred,DC,0.06496518987341773,0.03130555555555555,-0.03365963431786218,0.03365963431786218,-0.012658227848101266,0.021001406469760918,0.021001406469760918
Successive-choice contribution,dimension_form,both,blurred,DCF,0.1649746835443038,0.2579722222222222,0.0929975386779184,0.0929975386779184,0.4947257383966245,0.4017281997187061,0.4017281997187061
Successive-choice contribution,dimension_form,both,blurred,DF,0.11594303797468355,0.0733912037037037,-0.04255183427097986,0.04255183427097986,-0.3976793248945148,-0.35512749062353494,0.35512749062353494
Successive-choice contribution,dimension_form,both,blurred,DFC,0.05312341772151898,0.012039351851851851,-0.04108406586966713,0.04108406586966713,-0.21518987341772153,-0.17410580754805438,0.17410580754805438
Successive-choice contribution,dimension_form,both,blurred,F,0.09345569620253164,0.035141203703703695,-0.05831449249882794,0.05831449249882794,0.009259259259259259,0.06757375175808719,0.06757375175808719
Successive-choice contribution,dimension_form,both,blurred,FC,0.0779113924050633,0.01683796296296296,-0.06107342944210034,0.06107342944210034,-0.016057196436943273,0.04501623300515707,0.04501623300515707
Successive-choice contribution,dimension_form,both,blurred,FCD,0.0021202531645569617,0.0013611111111111111,-0.0007591420534458506,0.0007591420534458506,-0.012658227848101266,-0.011899085794655415,0.011899085794655415
Successive-choice contribution,dimension_form,both,blurred,FD,0.0010727848101265822,0.0003194444444444444,-0.0007533403656821377,0.0007533403656821377,-0.012658227848101266,-0.011904887482419128,0.011904887482419128
Successive-choice contribution,dimension_form,both,blurred,FDC,0.004911392405063292,0.0005138888888888888,-0.004397503516174402,0.004397503516174402,0.0,0.004397503516174402,0.004397503516174402
Successive-choice contribution,dimension_form,both,sharp,C,0.06355555555555556,0.037144444444444445,-0.026411111111111114,0.026411111111111114,-0.09722222222222222,-0.0708111111111111,0.0708111111111111
Successive-choice contribution,dimension_form,both,sharp,CD,0.0010833333333333333,0.0020944444444444443,0.001011111111111111,0.001011111111111111,0.0,-0.001011111111111111,0.001011111111111111
Successive-choice contribution,dimension_form,both,sharp,CDF,0.012618055555555558,0.05853333333333333,0.04591527777777778,0.04591527777777778,0.20833333333333331,0.16241805555555555,0.16241805555555555
Successive-choice contribution,dimension_form,both,sharp,CF,0.22364930555555554,0.4362166666666667,0.21256736111111116,0.21256736111111116,0.20277777777777778,-0.00978958333333338,0.00978958333333338
Successive-choice contribution,dimension_form,both,sharp,CFD,0.004118055555555555,0.034255555555555546,0.03013749999999999,0.03013749999999999,-0.013888888888888888,-0.04402638888888888,0.04402638888888888
Successive-choice contribution,dimension_form,both,sharp,D,0.0070729166666666675,0.0030833333333333333,-0.0039895833333333346,0.0039895833333333346,0.0,0.0039895833333333346,0.0039895833333333346
Successive-choice contribution,dimension_form,both,sharp,DC,0.07765625,0.03267777777777778,-0.04497847222222222,0.04497847222222222,-0.09722222222222222,-0.052243750000000005,0.052243750000000005
Successive-choice contribution,dimension_form,both,sharp,DCF,0.20197916666666668,0.23313333333333333,0.03115416666666665,0.03115416666666665,0.3638888888888889,0.3327347222222222,0.3327347222222222
Successive-choice contribution,dimension_form,both,sharp,DF,0.17569791666666665,0.06954999999999999,-0.10614791666666666,0.10614791666666666,-0.45,-0.34385208333333334,0.34385208333333334
Successive-choice contribution,dimension_form,both,sharp,DFC,0.08115972222222223,0.014805555555555556,-0.06635416666666667,0.06635416666666667,-0.06944444444444445,-0.003090277777777775,0.003090277777777775
Successive-choice contribution,dimension_form,both,sharp,F,0.08805555555555555,0.04762222222222222,-0.040433333333333335,0.040433333333333335,-0.027777777777777776,0.012655555555555559,0.012655555555555559
Successive-choice contribution,dimension_form,both,sharp,FC,0.056090277777777774,0.026299999999999997,-0.029790277777777777,0.029790277777777777,-0.005555555555555553,0.024234722222222223,0.024234722222222223
Successive-choice contribution,dimension_form,both,sharp,FCD,0.0012777777777777776,0.002811111111111111,0.0015333333333333334,0.0015333333333333334,0.0,-0.0015333333333333334,0.0015333333333333334
Successive-choice contribution,dimension_form,both,sharp,FD,0.0009895833333333332,0.0005666666666666666,-0.0004229166666666666,0.0004229166666666666,0.0,0.0004229166666666666,0.0004229166666666666
Successive-choice contribution,dimension_form,both,sharp,FDC,0.0049965277777777786,0.0012055555555555554,-0.0037909722222222234,0.0037909722222222234,-0.013888888888888888,-0.010097916666666665,0.010097916666666665
Successive-choice contribution,dimension_form,first,blurred,C,0.0751025641025641,0.03103009259259259,-0.04407247150997152,0.04407247150997152,-0.1225071225071225,-0.078434650997151,0.078434650997151
Successive-choice contribution,dimension_form,first,blurred,CD,0.0023525641025641023,0.002759259259259259,0.00040669515669515674,0.00040669515669515674,-0.01282051282051282,-0.013227207977207977,0.013227207977207977
Successive-choice contribution,dimension_form,first,blurred,CDF,0.014282051282051282,0.07338425925925926,0.05910220797720798,0.05910220797720798,0.08333333333333333,0.02423112535612535,0.02423112535612535
Successive-choice contribution,dimension_form,first,blurred,CF,0.16796794871794873,0.26547453703703705,0.09750658831908832,0.09750658831908832,0.2678062678062678,0.1702996794871795,0.1702996794871795
Successive-choice contribution,dimension_form,first,blurred,CFD,0.005294871794871794,0.013550925925925926,0.008256054131054132,0.008256054131054132,0.0,-0.008256054131054132,0.008256054131054132
Successive-choice contribution,dimension_form,first,blurred,D,0.03967948717948718,0.020465277777777777,-0.019214209401709405,0.019214209401709405,-0.05128205128205128,-0.032067841880341875,0.032067841880341875
Successive-choice contribution,dimension_form,first,blurred,DC,0.14285576923076923,0.05473379629629629,-0.08812197293447294,0.08812197293447294,-0.10256410256410256,-0.014442129629629624,0.014442129629629624
Successive-choice contribution,dimension_form,first,blurred,DCF,0.23736538461538464,0.4265879629629629,0.18922257834757827,0.18922257834757827,0.40313390313390307,0.2139113247863248,0.2139113247863248
Successive-choice contribution,dimension_form,first,blurred,DF,0.13651923076923078,0.0720787037037037,-0.06444052706552708,0.06444052706552708,-0.24715099715099714,-0.18271047008547006,0.18271047008547006
Successive-choice contribution,dimension_form,first,blurred,DFC,0.07767307692307691,0.011354166666666667,-0.06631891025641025,0.06631891025641025,-0.1282051282051282,-0.061886217948717945,0.061886217948717945
Successive-choice contribution,dimension_form,first,blurred,F,0.042054487179487184,0.018129629629629627,-0.023924857549857556,0.023924857549857556,-0.01282051282051282,0.011104344729344736,0.011104344729344736
Successive-choice contribution,dimension_form,first,blurred,FC,0.04868910256410256,0.00861574074074074,-0.040073361823361825,0.040073361823361825,-0.07692307692307693,-0.0368497150997151,0.0368497150997151
Successive-choice contribution,dimension_form,first,blurred,FCD,0.0028076923076923075,0.0008055555555555556,-0.002002136752136752,0.002002136752136752,0.0,0.002002136752136752,0.002002136752136752
Successive-choice contribution,dimension_form,first,blurred,FD,0.001092948717948718,0.00041203703703703704,-0.0006809116809116811,0.0006809116809116811,0.0,0.0006809116809116811,0.0006809116809116811
Successive-choice contribution,dimension_form,first,blurred,FDC,0.006262820512820512,0.0006180555555555556,-0.005644764957264957,0.005644764957264957,0.0,0.005644764957264957,0.005644764957264957
Successive-choice contribution,dimension_form,first,sharp,C,0.04081338028169015,0.02612777777777778,-0.014685602503912366,0.014685602503912366,-0.056338028169014086,-0.04165242566510172,0.04165242566510172
Successive-choice contribution,dimension_form,first,sharp,CD,0.0017922535211267606,0.003061111111111111,0.0012688575899843502,0.0012688575899843502,0.0,-0.0012688575899843502,0.0012688575899843502
Successive-choice contribution,dimension_form,first,sharp,CDF,0.01252112676056338,0.07965555555555554,0.06713442879499215,0.06713442879499215,0.1111111111111111,0.043976682316118954,0.043976682316118954
Successive-choice contribution,dimension_form,first,sharp,CF,0.07371478873239437,0.11105555555555555,0.037340766823161176,0.037340766823161176,0.26666666666666666,0.2293258998435055,0.2293258998435055
Successive-choice contribution,dimension_form,first,sharp,CFD,0.003443661971830986,0.009227777777777777,0.005784115805946791,0.005784115805946791,0.0,-0.005784115805946791,0.005784115805946791
Successive-choice contribution,dimension_form,first,sharp,D,0.24116901408450706,0.17422222222222222,-0.06694679186228483,0.06694679186228483,-0.1949921752738654,-0.12804538341158056,0.12804538341158056
Successive-choice contribution,dimension_form,first,sharp,DC,0.15281338028169014,0.06007777777777777,-0.09273560250391237,0.09273560250391237,-0.08450704225352113,0.008228560250391245,0.008228560250391245
Successive-choice contribution,dimension_form,first,sharp,DCF,0.22560915492957748,0.42985,0.20424084507042253,0.20424084507042253,0.40438184663536775,0.20014100156494521,0.20014100156494521
Successive-choice contribution,dimension_form,first,sharp,DF,0.12037676056338029,0.06338888888888888,-0.0569878716744914,0.0569878716744914,-0.2350547730829421,-0.1780669014084507,0.1780669014084507
Successive-choice contribution,dimension_form,first,sharp,DFC,0.08275704225352112,0.015033333333333333,-0.0677237089201878,0.0677237089201878,-0.15492957746478872,-0.08720586854460093,0.08720586854460093
Successive-choice contribution,dimension_form,first,sharp,F,0.019193661971830984,0.016716666666666668,-0.0024769953051643166,0.0024769953051643166,-0.028169014084507043,-0.025692018779342726,0.025692018779342726
Successive-choice contribution,dimension_form,first,sharp,FC,0.01937323943661972,0.008866666666666667,-0.010506572769953053,0.010506572769953053,0.0,0.010506572769953053,0.010506572769953053
Successive-choice contribution,dimension_form,first,sharp,FCD,0.0010774647887323945,0.000977777777777778,-9.968701095461655e-05,9.968701095461655e-05,0.0,9.968701095461655e-05,9.968701095461655e-05
Successive-choice contribution,dimension_form,first,sharp,FD,0.0008133802816901409,0.0006222222222222223,-0.00019115805946791863,0.00019115805946791863,0.0,0.00019115805946791863,0.00019115805946791863
Successive-choice contribution,dimension_form,first,sharp,FDC,0.00453169014084507,0.0011166666666666666,-0.003415023474178403,0.003415023474178403,-0.028169014084507043,-0.02475399061032864,0.02475399061032864
Successive-choice contribution,dimension_form,second,blurred,C,0.03221604938271605,0.020432870370370365,-0.011783179012345685,0.011783179012345685,-0.024691358024691357,-0.012908179012345672,0.012908179012345672
Successive-choice contribution,dimension_form,second,blurred,CD,0.0004814814814814815,0.0005370370370370369,5.5555555555555436e-05,5.5555555555555436e-05,0.0,-5.5555555555555436e-05,5.5555555555555436e-05
Successive-choice contribution,dimension_form,second,blurred,CDF,0.00508641975308642,0.010675925925925926,0.005589506172839506,0.005589506172839506,0.0,-0.005589506172839506,0.005589506172839506
Successive-choice contribution,dimension_form,second,blurred,CF,0.21560185185185185,0.39261805555555557,0.17701620370370372,0.17701620370370372,0.6018518518518519,0.4248356481481481,0.4248356481481481
Successive-choice contribution,dimension_form,second,blurred,CFD,0.002617283950617284,0.020849537037037038,0.018232253086419754,0.018232253086419754,0.0,-0.018232253086419754,0.018232253086419754
Successive-choice contribution,dimension_form,second,blurred,D,0.0011882716049382716,0.0008726851851851851,-0.00031558641975308653,0.00031558641975308653,0.0,0.00031558641975308653,0.00031558641975308653
Successive-choice contribution,dimension_form,second,blurred,DC,0.011787037037037037,0.014840277777777775,0.0030532407407407383,0.0030532407407407383,-0.012345679012345678,-0.015398919753086417,0.015398919753086417
Successive-choice contribution,dimension_form,second,blurred,DCF,0.06032098765432098,0.12045138888888889,0.06013040123456791,0.06013040123456791,0.05555555555555555,-0.004574845679012354,0.004574845679012354
Successive-choice contribution,dimension_form,second,blurred,DF,0.0546358024691358,0.07328240740740741,0.01864660493827161,0.01864660493827161,0.0,-0.01864660493827161,0.01864660493827161
Successive-choice contribution,dimension_form,second,blurred,DFC,0.023725308641975307,0.01130324074074074,-0.012422067901234566,0.012422067901234566,-0.07407407407407407,-0.0616520061728395,0.0616520061728395
Successive-choice contribution,dimension_form,second,blurred,F,0.5299320987654321,0.30856018518518524,-0.22137191358024688,0.22137191358024688,-0.4197530864197531,-0.19838117283950624,0.19838117283950624
Successive-choice contribution,dimension_form,second,blurred,FC,0.05752469135802468,0.02331944444444444,-0.03420524691358024,0.03420524691358024,-0.12654320987654322,-0.09233796296296298,0.09233796296296298
Successive-choice contribution,dimension_form,second,blurred,FCD,0.0012777777777777776,0.001599537037037037,0.00032175925925925926,0.00032175925925925926,0.0,-0.00032175925925925926,0.00032175925925925926
Successive-choice contribution,dimension_form,second,blurred,FD,0.0007962962962962962,0.0002361111111111111,-0.0005601851851851852,0.0005601851851851852,0.0,0.0005601851851851852,0.0005601851851851852
Successive-choice contribution,dimension_form,second,blurred,FDC,0.002808641975308642,0.0004212962962962963,-0.002387345679012346,0.002387345679012346,0.0,0.002387345679012346,0.002387345679012346
Successive-choice contribution,dimension_form,second,sharp,C,0.02875,0.02343333333333333,-0.005316666666666671,0.005316666666666671,-0.10277777777777777,-0.09746111111111111,0.09746111111111111
Successive-choice contribution,dimension_form,second,sharp,CD,0.0004930555555555555,0.0006944444444444445,0.00020138888888888897,0.00020138888888888897,0.0,-0.00020138888888888897,0.00020138888888888897
Successive-choice contribution,dimension_form,second,sharp,CDF,0.006201388888888889,0.01633888888888889,0.0101375,0.0101375,0.044444444444444446,0.034306944444444445,0.034306944444444445
Successive-choice contribution,dimension_form,second,sharp,CF,0.19372916666666665,0.34972777777777775,0.1559986111111111,0.1559986111111111,0.5083333333333333,0.3523347222222222,0.3523347222222222
Successive-choice contribution,dimension_form,second,sharp,CFD,0.002513888888888889,0.025705555555555554,0.023191666666666666,0.023191666666666666,0.0,-0.023191666666666666,0.023191666666666666
Successive-choice contribution,dimension_form,second,sharp,D,0.0018368055555555555,0.0013722222222222222,-0.00046458333333333334,0.00046458333333333334,0.0,0.00046458333333333334,0.00046458333333333334
Successive-choice contribution,dimension_form,second,sharp,DC,0.017579861111111116,0.012811111111111112,-0.004768750000000004,0.004768750000000004,0.0,0.004768750000000004,0.004768750000000004
Successive-choice contribution,dimension_form,second,sharp,DCF,0.09114236111111111,0.09253888888888888,0.0013965277777777674,0.0013965277777777674,-0.027777777777777776,-0.029174305555555544,0.029174305555555544
Successive-choice contribution,dimension_form,second,sharp,DF,0.07685416666666665,0.055483333333333336,-0.021370833333333318,0.021370833333333318,0.0,0.021370833333333318,0.021370833333333318
Successive-choice contribution,dimension_form,second,sharp,DFC,0.038496527777777775,0.011494444444444444,-0.02700208333333333,0.02700208333333333,-0.06944444444444445,-0.04244236111111112,0.04244236111111112
Successive-choice contribution,dimension_form,second,sharp,F,0.4885555555555555,0.37376666666666664,-0.11478888888888888,0.11478888888888888,-0.26944444444444443,-0.15465555555555555,0.15465555555555555
Successive-choice contribution,dimension_form,second,sharp,FC,0.049743055555555554,0.0322,-0.017543055555555555,0.017543055555555555,-0.06944444444444445,-0.05190138888888889,0.05190138888888889
Successive-choice contribution,dimension_form,second,sharp,FCD,0.0008576388888888888,0.0029222222222222223,0.0020645833333333336,0.0020645833333333336,0.0,-0.0020645833333333336,0.0020645833333333336
Successive-choice contribution,dimension_form,second,sharp,FD,0.0005833333333333333,0.0005277777777777778,-5.5555555555555436e-05,5.5555555555555436e-05,0.0,5.5555555555555436e-05,5.5555555555555436e-05
Successive-choice contribution,dimension_form,second,sharp,FDC,0.002663194444444444,0.0009833333333333332,-0.001679861111111111,0.001679861111111111,-0.013888888888888888,-0.012209027777777777,0.012209027777777777
