model,combination,relevant_property,sharpness,summary_type,category,observed_proportion,predicted_mean,predicted_q025,predicted_q975,observation_count,posterior_predictive_draws
Global,color_form,both,blurred,Exact response,D,0.0037037037037037,0.0026347222222222,0.0,0.0074074074074074,540,4000
Global,color_form,both,blurred,Exact response,DC,0.0259259259259259,0.0317055555555555,0.0185185185185185,0.0481481481481481,540,4000
Global,color_form,both,blurred,Exact response,DCF,0.0814814814814814,0.1226638888888888,0.0962962962962963,0.15,540,4000
Global,color_form,both,blurred,Exact response,DF,0.0222222222222222,0.1128143518518518,0.087037037037037,0.1389351851851853,540,4000
Global,color_form,both,blurred,Exact response,DFC,0.0111111111111111,0.0539708333333333,0.0351851851851851,0.0722222222222222,540,4000
Global,color_form,both,blurred,Exact response,C,0.0074074074074074,0.0628337962962962,0.0425925925925925,0.0833333333333333,540,4000
Global,color_form,both,blurred,Exact response,CD,0.0,0.0007342592592592,0.0,0.0037037037037037,540,4000
Global,color_form,both,blurred,Exact response,CDF,0.0074074074074074,0.0077138888888888,0.0018518518518518,0.0166666666666666,540,4000
Global,color_form,both,blurred,Exact response,CF,0.7592592592592593,0.3480486111111111,0.3074074074074074,0.3888888888888889,540,4000
Global,color_form,both,blurred,Exact response,CFD,0.0037037037037037,0.0036393518518518,0.0,0.0092592592592592,540,4000
Global,color_form,both,blurred,Exact response,F,0.0129629629629629,0.1420560185185185,0.1148148148148148,0.174074074074074,540,4000
Global,color_form,both,blurred,Exact response,FD,0.0018518518518518,0.0010814814814814,0.0,0.0037037037037037,540,4000
Global,color_form,both,blurred,Exact response,FDC,0.0,0.004436574074074,0.0,0.0111111111111111,540,4000
Global,color_form,both,blurred,Exact response,FC,0.0629629629629629,0.1040333333333333,0.0796296296296296,0.1296296296296296,540,4000
Global,color_form,both,blurred,Exact response,FCD,0.0,0.0016333333333333,0.0,0.0055555555555555,540,4000
Global,color_form,both,blurred,Response length,1,0.024074074074074,0.207524537037037,0.174074074074074,0.2425925925925925,540,4000
Global,color_form,both,blurred,Response length,2,0.8722222222222222,0.5984175925925925,0.5537037037037037,0.6389351851851853,540,4000
Global,color_form,both,blurred,Response length,3,0.1037037037037037,0.1940578703703704,0.1629629629629629,0.2259259259259259,540,4000
Global,color_form,both,blurred,Initial adjective,D,0.1444444444444444,0.3237893518518518,0.2888888888888888,0.3592592592592593,540,4000
Global,color_form,both,blurred,Initial adjective,C,0.7777777777777778,0.4229699074074073,0.3814814814814815,0.4629629629629629,540,4000
Global,color_form,both,blurred,Initial adjective,F,0.0777777777777777,0.2532407407407407,0.2185185185185185,0.2889351851851853,540,4000
Global,color_form,both,sharp,Exact response,D,0.0041928721174004,0.0032730607966457,0.0,0.0083857442348008,477,4000
Global,color_form,both,sharp,Exact response,DC,0.0146750524109014,0.0258721174004192,0.0125786163522012,0.0398322851153039,477,4000
Global,color_form,both,sharp,Exact response,DCF,0.1090146750524109,0.0859654088050314,0.0628930817610062,0.1111111111111111,477,4000
Global,color_form,both,sharp,Exact response,DF,0.050314465408805,0.085880503144654,0.0628930817610062,0.1111111111111111,477,4000
Global,color_form,both,sharp,Exact response,DFC,0.0230607966457023,0.0416650943396226,0.0251572327044025,0.060796645702306,477,4000
Global,color_form,both,sharp,Exact response,C,0.0020964360587002,0.0783480083857442,0.0545073375262054,0.1027253668763102,477,4000
Global,color_form,both,sharp,Exact response,CD,0.0,0.0009392033542976,0.0,0.0041928721174004,477,4000
Global,color_form,both,sharp,Exact response,CDF,0.0020964360587002,0.0082190775681341,0.0020964360587002,0.0167714884696016,477,4000
Global,color_form,both,sharp,Exact response,CF,0.7253668763102725,0.3616446540880503,0.3186582809224318,0.4046121593291404,477,4000
Global,color_form,both,sharp,Exact response,CFD,0.0,0.0043694968553459,0.0,0.010482180293501,477,4000
Global,color_form,both,sharp,Exact response,F,0.0041928721174004,0.1746011530398322,0.140461215932914,0.2096436058700209,477,4000
Global,color_form,both,sharp,Exact response,FD,0.0,0.0013957023060796,0.0,0.0062893081761006,477,4000
Global,color_form,both,sharp,Exact response,FDC,0.0,0.0050770440251572,0.0,0.0125786163522012,477,4000
Global,color_form,both,sharp,Exact response,FC,0.0649895178197065,0.1207384696016771,0.0922431865828092,0.1509433962264151,477,4000
Global,color_form,both,sharp,Exact response,FCD,0.0,0.0020110062893081,0.0,0.0062893081761006,477,4000
Global,color_form,both,sharp,Response length,1,0.010482180293501,0.2562222222222223,0.2180293501048218,0.2955974842767295,477,4000
Global,color_form,both,sharp,Response length,2,0.8553459119496856,0.5964706498951782,0.5513626834381551,0.6415094339622641,477,4000
Global,color_form,both,sharp,Response length,3,0.1341719077568134,0.1473071278825995,0.1174004192872117,0.1781970649895178,477,4000
Global,color_form,both,sharp,Initial adjective,D,0.2012578616352201,0.2426561844863732,0.2096436058700209,0.2767295597484276,477,4000
Global,color_form,both,sharp,Initial adjective,C,0.7295597484276729,0.4535204402515723,0.4109014675052411,0.4968553459119497,477,4000
Global,color_form,both,sharp,Initial adjective,F,0.0691823899371069,0.3038233752620545,0.2640985324947589,0.3459119496855345,477,4000
Global,color_form,first,blurred,Exact response,D,0.0055555555555555,0.0024106481481481,0.0,0.0074074074074074,540,4000
Global,color_form,first,blurred,Exact response,DC,0.0166666666666666,0.1129861111111111,0.087037037037037,0.1407407407407407,540,4000
Global,color_form,first,blurred,Exact response,DCF,0.0518518518518518,0.0213439814814814,0.0111111111111111,0.0351851851851851,540,4000
Global,color_form,first,blurred,Exact response,DF,0.0074074074074074,0.0063722222222222,0.0,0.0129629629629629,540,4000
Global,color_form,first,blurred,Exact response,DFC,0.0092592592592592,0.0088259259259259,0.0018518518518518,0.0166666666666666,540,4000
Global,color_form,first,blurred,Exact response,C,0.6314814814814815,0.7880356481481482,0.7518518518518519,0.8222222222222222,540,4000
Global,color_form,first,blurred,Exact response,CD,0.0,0.001975,0.0,0.0074074074074074,540,4000
Global,color_form,first,blurred,Exact response,CDF,0.0074074074074074,0.0014157407407407,0.0,0.0055555555555555,540,4000
Global,color_form,first,blurred,Exact response,CF,0.2518518518518518,0.0390777777777777,0.024074074074074,0.0555555555555555,540,4000
Global,color_form,first,blurred,Exact response,CFD,0.0,0.0007074074074074,0.0,0.0037037037037037,540,4000
Global,color_form,first,blurred,Exact response,F,0.0,0.0041513888888888,0.0,0.0111111111111111,540,4000
Global,color_form,first,blurred,Exact response,FD,0.0,0.0002439814814814,0.0,0.0018518518518518,540,4000
Global,color_form,first,blurred,Exact response,FDC,0.0018518518518518,0.0008078703703703,0.0,0.0037037037037037,540,4000
Global,color_form,first,blurred,Exact response,FC,0.0166666666666666,0.0112337962962962,0.0037037037037037,0.0203703703703703,540,4000
Global,color_form,first,blurred,Exact response,FCD,0.0,0.0004125,0.0,0.0018518518518518,540,4000
Global,color_form,first,blurred,Response length,1,0.6370370370370371,0.7945976851851853,0.7610648148148148,0.8277777777777777,540,4000
Global,color_form,first,blurred,Response length,2,0.2925925925925925,0.1718888888888889,0.1407407407407407,0.2055555555555555,540,4000
Global,color_form,first,blurred,Response length,3,0.0703703703703703,0.0335134259259259,0.020324074074074,0.0481481481481481,540,4000
Global,color_form,first,blurred,Initial adjective,D,0.0907407407407407,0.1519388888888889,0.1222222222222222,0.1833333333333333,540,4000
Global,color_form,first,blurred,Initial adjective,C,0.8907407407407407,0.8312115740740741,0.7981481481481482,0.8629629629629629,540,4000
Global,color_form,first,blurred,Initial adjective,F,0.0185185185185185,0.016849537037037,0.0074074074074074,0.0277777777777777,540,4000
Global,color_form,first,sharp,Exact response,D,0.0083857442348008,0.0029056603773584,0.0,0.0083857442348008,477,4000
Global,color_form,first,sharp,Exact response,DC,0.010482180293501,0.0822924528301886,0.0587002096436058,0.1069182389937107,477,4000
Global,color_form,first,sharp,Exact response,DCF,0.0314465408805031,0.0128763102725366,0.0041928721174004,0.0230607966457023,477,4000
Global,color_form,first,sharp,Exact response,DF,0.010482180293501,0.0043343815513626,0.0,0.010482180293501,477,4000
Global,color_form,first,sharp,Exact response,DFC,0.0083857442348008,0.0058694968553459,0.0,0.0125786163522012,477,4000
Global,color_form,first,sharp,Exact response,C,0.6918238993710691,0.8333825995807128,0.7987421383647799,0.8658280922431866,477,4000
Global,color_form,first,sharp,Exact response,CD,0.0,0.0025539832285115,0.0,0.0083857442348008,477,4000
Global,color_form,first,sharp,Exact response,CDF,0.0146750524109014,0.0013820754716981,0.0,0.0062893081761006,477,4000
Global,color_form,first,sharp,Exact response,CF,0.2033542976939203,0.0360691823899371,0.020964360587002,0.0545073375262054,477,4000
Global,color_form,first,sharp,Exact response,CFD,0.0,0.0008238993710691,0.0,0.0041928721174004,477,4000
Global,color_form,first,sharp,Exact response,F,0.0,0.0043705450733752,0.0,0.010482180293501,477,4000
Global,color_form,first,sharp,Exact response,FD,0.0,0.0002520964360587,0.0,0.0020964360587002,477,4000
Global,color_form,first,sharp,Exact response,FDC,0.0,0.0007987421383647,0.0,0.0041928721174004,477,4000
Global,color_form,first,sharp,Exact response,FC,0.020964360587002,0.011627358490566,0.0041928721174004,0.020964360587002,477,4000
Global,color_form,first,sharp,Exact response,FCD,0.0,0.000461215932914,0.0,0.0020964360587002,477,4000
Global,color_form,first,sharp,Response length,1,0.70020964360587,0.8406588050314466,0.8071278825995807,0.8721174004192872,477,4000
Global,color_form,first,sharp,Response length,2,0.2452830188679245,0.1371294549266247,0.1069182389937107,0.1677148846960167,477,4000
Global,color_form,first,sharp,Response length,3,0.0545073375262054,0.0222117400419287,0.010482180293501,0.0356394129979035,477,4000
Global,color_form,first,sharp,Initial adjective,D,0.0691823899371069,0.1082783018867924,0.0838050314465409,0.1362683438155136,477,4000
Global,color_form,first,sharp,Initial adjective,C,0.909853249475891,0.8742117400419287,0.8448637316561844,0.90146750524109,477,4000
Global,color_form,first,sharp,Initial adjective,F,0.020964360587002,0.0175099580712788,0.0062893081761006,0.0293501048218029,477,4000
Global,color_form,second,blurred,Exact response,D,0.0,0.0009967592592592,0.0,0.0037037037037037,540,4000
Global,color_form,second,blurred,Exact response,DC,0.0,0.0052333333333333,0.0,0.0129629629629629,540,4000
Global,color_form,second,blurred,Exact response,DCF,0.0425925925925925,0.0495277777777777,0.0314814814814814,0.0685185185185185,540,4000
Global,color_form,second,blurred,Exact response,DF,0.0166666666666666,0.1005518518518518,0.0759259259259259,0.1259259259259259,540,4000
Global,color_form,second,blurred,Exact response,DFC,0.0092592592592592,0.0236175925925925,0.0129629629629629,0.037037037037037,540,4000
Global,color_form,second,blurred,Exact response,C,0.0018518518518518,0.0076060185185185,0.0018518518518518,0.0148148148148148,540,4000
Global,color_form,second,blurred,Exact response,CD,0.0,0.0002606481481481,0.0,0.0018518518518518,540,4000
Global,color_form,second,blurred,Exact response,CDF,0.0,0.0029949074074074,0.0,0.0092592592592592,540,4000
Global,color_form,second,blurred,Exact response,CF,0.2148148148148148,0.1115791666666666,0.0851851851851851,0.1388888888888889,540,4000
Global,color_form,second,blurred,Exact response,CFD,0.0018518518518518,0.001486574074074,0.0,0.0055555555555555,540,4000
Global,color_form,second,blurred,Exact response,F,0.6722222222222223,0.6532949074074075,0.6147685185185185,0.6944444444444444,540,4000
Global,color_form,second,blurred,Exact response,FD,0.0018518518518518,0.0010069444444444,0.0,0.0037037037037037,540,4000
Global,color_form,second,blurred,Exact response,FDC,0.0,0.0019805555555555,0.0,0.0074074074074074,540,4000
Global,color_form,second,blurred,Exact response,FC,0.0388888888888888,0.0390796296296296,0.024074074074074,0.0555555555555555,540,4000
Global,color_form,second,blurred,Exact response,FCD,0.0,0.0007833333333333,0.0,0.0037037037037037,540,4000
Global,color_form,second,blurred,Response length,1,0.674074074074074,0.6618976851851852,0.6240740740740741,0.7000462962962964,540,4000
Global,color_form,second,blurred,Response length,2,0.2722222222222222,0.2577115740740741,0.2203703703703703,0.2944444444444444,540,4000
Global,color_form,second,blurred,Response length,3,0.0537037037037037,0.0803907407407407,0.0592592592592592,0.1037037037037037,540,4000
Global,color_form,second,blurred,Initial adjective,D,0.0685185185185185,0.1799273148148148,0.15,0.2111111111111111,540,4000
Global,color_form,second,blurred,Initial adjective,C,0.2185185185185185,0.1239273148148148,0.0962962962962963,0.1537037037037037,540,4000
Global,color_form,second,blurred,Initial adjective,F,0.7129629629629629,0.6961453703703703,0.6574074074074074,0.7333333333333333,540,4000
Global,color_form,second,sharp,Exact response,D,0.0,0.0016561844863731,0.0,0.0062893081761006,477,4000
Global,color_form,second,sharp,Exact response,DC,0.0,0.0060309224318658,0.0,0.0146750524109014,477,4000
Global,color_form,second,sharp,Exact response,DCF,0.020964360587002,0.0429643605870021,0.0251572327044025,0.060796645702306,477,4000
Global,color_form,second,sharp,Exact response,DF,0.0335429769392033,0.1094538784067085,0.0817610062893081,0.1383647798742138,477,4000
Global,color_form,second,sharp,Exact response,DFC,0.0062893081761006,0.0228238993710691,0.010482180293501,0.0377358490566037,477,4000
Global,color_form,second,sharp,Exact response,C,0.0,0.0077788259958071,0.0,0.0167714884696016,477,4000
Global,color_form,second,sharp,Exact response,CD,0.0,0.0003118448637316,0.0,0.0020964360587002,477,4000
Global,color_form,second,sharp,Exact response,CDF,0.0041928721174004,0.0038480083857442,0.0,0.010482180293501,477,4000
Global,color_form,second,sharp,Exact response,CF,0.1677148846960167,0.0933763102725366,0.0691823899371069,0.1194968553459119,477,4000
Global,color_form,second,sharp,Exact response,CFD,0.0,0.0019816561844863,0.0,0.0062893081761006,477,4000
Global,color_form,second,sharp,Exact response,F,0.7379454926624738,0.6667216981132076,0.6247379454926625,0.7085953878406709,477,4000
Global,color_form,second,sharp,Exact response,FD,0.0,0.001566037735849,0.0,0.0062893081761006,477,4000
Global,color_form,second,sharp,Exact response,FDC,0.0062893081761006,0.0027044025157232,0.0,0.0083857442348008,477,4000
Global,color_form,second,sharp,Exact response,FC,0.0230607966457023,0.037775681341719,0.020964360587002,0.0566037735849056,477,4000
Global,color_form,second,sharp,Exact response,FCD,0.0,0.0010062893081761,0.0,0.0041928721174004,477,4000
Global,color_form,second,sharp,Response length,1,0.7379454926624738,0.6761567085953878,0.6352201257861635,0.7169811320754716,477,4000
Global,color_form,second,sharp,Response length,2,0.2243186582809224,0.2485146750524109,0.2096436058700209,0.2872641509433964,477,4000
Global,color_form,second,sharp,Response length,3,0.0377358490566037,0.0753286163522012,0.0524109014675052,0.0985849056603775,477,4000
Global,color_form,second,sharp,Initial adjective,D,0.060796645702306,0.1829292452830188,0.1488469601677149,0.2159329140461215,477,4000
Global,color_form,second,sharp,Initial adjective,C,0.1719077568134172,0.107296645702306,0.0796645702306079,0.1362683438155136,477,4000
Global,color_form,second,sharp,Initial adjective,F,0.7672955974842768,0.7097741090146751,0.6708595387840671,0.750524109014675,477,4000
Global,dimension_color,both,blurred,Exact response,D,0.0,0.0029874768089053,0.0,0.0092764378478664,539,4000
Global,dimension_color,both,blurred,Exact response,DC,0.0667903525046382,0.0392207792207792,0.0241187384044526,0.0556586270871985,539,4000
Global,dimension_color,both,blurred,Exact response,DCF,0.313543599257885,0.1886461038961038,0.1558441558441558,0.222634508348794,539,4000
Global,dimension_color,both,blurred,Exact response,DF,0.0816326530612244,0.182580241187384,0.150278293135436,0.2170686456400742,539,4000
Global,dimension_color,both,blurred,Exact response,DFC,0.0296846011131725,0.0741762523191094,0.0538033395176252,0.0964749536178107,539,4000
Global,dimension_color,both,blurred,Exact response,C,0.0092764378478664,0.0374948979591836,0.0222634508348794,0.0538033395176252,539,4000
Global,dimension_color,both,blurred,Exact response,CD,0.0055658627087198,0.0006980519480519,0.0,0.0037105751391465,539,4000
Global,dimension_color,both,blurred,Exact response,CDF,0.0519480519480519,0.0107444341372912,0.0037105751391465,0.0204081632653061,539,4000
Global,dimension_color,both,blurred,Exact response,CF,0.2764378478664193,0.2481284786641929,0.2115027829313543,0.287569573283859,539,4000
Global,dimension_color,both,blurred,Exact response,CFD,0.0037105751391465,0.0037393320964749,0.0,0.0092764378478664,539,4000
Global,dimension_color,both,blurred,Exact response,F,0.1187384044526901,0.1244243970315398,0.0964749536178107,0.1521799628942487,539,4000
Global,dimension_color,both,blurred,Exact response,FD,0.0018552875695732,0.0013529684601113,0.0,0.0055658627087198,539,4000
Global,dimension_color,both,blurred,Exact response,FDC,0.0037105751391465,0.0054489795918367,0.0,0.0129870129870129,539,4000
Global,dimension_color,both,blurred,Exact response,FC,0.0371057513914656,0.07866280148423,0.0575139146567718,0.1020408163265306,539,4000
Global,dimension_color,both,blurred,Exact response,FCD,0.0,0.0016948051948051,0.0,0.0055658627087198,539,4000
Global,dimension_color,both,blurred,Response length,1,0.1280148423005566,0.1649067717996289,0.1335807050092764,0.196660482374768,539,4000
Global,dimension_color,both,blurred,Response length,2,0.4693877551020408,0.5506433209647494,0.5064935064935064,0.5936920222634509,539,4000
Global,dimension_color,both,blurred,Response length,3,0.4025974025974026,0.2844499072356214,0.2467532467532467,0.3228200371057514,539,4000
Global,dimension_color,both,blurred,Initial adjective,D,0.4916512059369202,0.487610853432282,0.4452690166975881,0.5324675324675324,539,4000
Global,dimension_color,both,blurred,Initial adjective,C,0.3469387755102041,0.3008051948051948,0.261595547309833,0.3413729128014842,539,4000
Global,dimension_color,both,blurred,Initial adjective,F,0.1614100185528757,0.2115839517625231,0.1781076066790352,0.2467532467532467,539,4000
Global,dimension_color,both,sharp,Exact response,D,0.0,0.0055225840336134,0.0,0.0126050420168067,476,4000
Global,dimension_color,both,sharp,Exact response,DC,0.1974789915966386,0.046859768907563,0.0294117647058823,0.0672268907563025,476,4000
Global,dimension_color,both,sharp,Exact response,DCF,0.3046218487394957,0.1919012605042016,0.1554621848739495,0.2289915966386554,476,4000
Global,dimension_color,both,sharp,Exact response,DF,0.111344537815126,0.2088692226890756,0.1722689075630252,0.245798319327731,476,4000
Global,dimension_color,both,sharp,Exact response,DFC,0.0315126050420168,0.0800241596638655,0.0567226890756302,0.1050420168067226,476,4000
Global,dimension_color,both,sharp,Exact response,C,0.0,0.0380703781512605,0.0210084033613445,0.0567226890756302,476,4000
Global,dimension_color,both,sharp,Exact response,CD,0.0084033613445378,0.001031512605042,0.0,0.0042016806722689,476,4000
Global,dimension_color,both,sharp,Exact response,CDF,0.0294117647058823,0.0143681722689075,0.0042016806722689,0.0252100840336134,476,4000
Global,dimension_color,both,sharp,Exact response,CF,0.203781512605042,0.1974159663865546,0.1617647058823529,0.2352941176470588,476,4000
Global,dimension_color,both,sharp,Exact response,CFD,0.0042016806722689,0.00497006302521,0.0,0.0126050420168067,476,4000
Global,dimension_color,both,sharp,Exact response,F,0.0840336134453781,0.12890756302521,0.1008403361344537,0.1596638655462184,476,4000
Global,dimension_color,both,sharp,Exact response,FD,0.0,0.0021675420168067,0.0,0.0063025210084033,476,4000
Global,dimension_color,both,sharp,Exact response,FDC,0.0,0.0072379201680672,0.0,0.0168067226890756,476,4000
Global,dimension_color,both,sharp,Exact response,FC,0.0231092436974789,0.0703240546218487,0.0483193277310924,0.0945378151260504,476,4000
Global,dimension_color,both,sharp,Exact response,FCD,0.0021008403361344,0.0023298319327731,0.0,0.0084033613445378,476,4000
Global,dimension_color,both,sharp,Response length,1,0.0840336134453781,0.172500525210084,0.1386554621848739,0.2079831932773109,476,4000
Global,dimension_color,both,sharp,Response length,2,0.5441176470588235,0.5266680672268906,0.4810924369747899,0.5735294117647058,476,4000
Global,dimension_color,both,sharp,Response length,3,0.3718487394957983,0.3008314075630252,0.2584033613445378,0.3445378151260504,476,4000
Global,dimension_color,both,sharp,Initial adjective,D,0.6449579831932774,0.5331769957983192,0.4852941176470588,0.5798319327731093,476,4000
Global,dimension_color,both,sharp,Initial adjective,C,0.245798319327731,0.2558560924369747,0.2163865546218487,0.296218487394958,476,4000
Global,dimension_color,both,sharp,Initial adjective,F,0.1092436974789916,0.2109669117647059,0.1743697478991596,0.25,476,4000
Global,dimension_color,first,blurred,Exact response,D,0.0588235294117647,0.0255958254269449,0.0132827324478178,0.0398481973434535,527,4000
Global,dimension_color,first,blurred,Exact response,DC,0.0436432637571157,0.0289501897533206,0.0151802656546489,0.0436432637571157,527,4000
Global,dimension_color,first,blurred,Exact response,DCF,0.3055028462998102,0.1653510436432637,0.1328273244781783,0.1973434535104364,527,4000
Global,dimension_color,first,blurred,Exact response,DF,0.3510436432637571,0.4068842504743833,0.3586337760910816,0.4554079696394686,527,4000
Global,dimension_color,first,blurred,Exact response,DFC,0.0341555977229601,0.0808534155597723,0.0588235294117647,0.1062618595825427,527,4000
Global,dimension_color,first,blurred,Exact response,C,0.0056925996204933,0.0130488614800759,0.0037950664136622,0.0228178368121443,527,4000
Global,dimension_color,first,blurred,Exact response,CD,0.0018975332068311,0.0005441176470588,0.0,0.0037950664136622,527,4000
Global,dimension_color,first,blurred,Exact response,CDF,0.0398481973434535,0.0082998102466793,0.0018975332068311,0.01707779886148,527,4000
Global,dimension_color,first,blurred,Exact response,CF,0.0891840607210626,0.105811669829222,0.079696394686907,0.1328273244781783,527,4000
Global,dimension_color,first,blurred,Exact response,CFD,0.0,0.0031285578747628,0.0,0.0094876660341555,527,4000
Global,dimension_color,first,blurred,Exact response,F,0.0379506641366223,0.1108358633776091,0.0834914611005692,0.1385199240986717,527,4000
Global,dimension_color,first,blurred,Exact response,FD,0.0075901328273244,0.0027656546489563,0.0,0.0075901328273244,527,4000
Global,dimension_color,first,blurred,Exact response,FDC,0.0037950664136622,0.0056129032258064,0.0,0.0132827324478178,527,4000
Global,dimension_color,first,blurred,Exact response,FC,0.01707779886148,0.0407604364326375,0.0246679316888045,0.0588235294117647,527,4000
Global,dimension_color,first,blurred,Exact response,FCD,0.0037950664136622,0.0015574003795066,0.0,0.0056925996204933,527,4000
Global,dimension_color,first,blurred,Response length,1,0.1024667931688804,0.14948055028463,0.1195445920303605,0.1821631878557874,527,4000
Global,dimension_color,first,blurred,Response length,2,0.5104364326375711,0.5857163187855787,0.538899430740038,0.6318785578747628,527,4000
Global,dimension_color,first,blurred,Response length,3,0.3870967741935484,0.2648031309297913,0.2239089184060721,0.3036053130929791,527,4000
Global,dimension_color,first,blurred,Initial adjective,D,0.793168880455408,0.707634724857685,0.6679316888045541,0.7476280834914611,527,4000
Global,dimension_color,first,blurred,Initial adjective,C,0.1366223908918406,0.1308330170777988,0.1024667931688804,0.1612903225806451,527,4000
Global,dimension_color,first,blurred,Initial adjective,F,0.0702087286527514,0.1615322580645161,0.1309297912713472,0.1954459203036053,527,4000
Global,dimension_color,first,sharp,Exact response,D,0.271578947368421,0.2539142105263158,0.2105263157894736,0.2989473684210526,475,4000
Global,dimension_color,first,sharp,Exact response,DC,0.0442105263157894,0.0330852631578947,0.0188947368421052,0.0505263157894736,475,4000
Global,dimension_color,first,sharp,Exact response,DCF,0.1936842105263158,0.1329547368421052,0.1010526315789473,0.1663157894736842,475,4000
Global,dimension_color,first,sharp,Exact response,DF,0.231578947368421,0.3335942105263158,0.2842105263157894,0.3832105263157896,475,4000
Global,dimension_color,first,sharp,Exact response,DFC,0.0231578947368421,0.0714647368421052,0.0484210526315789,0.0968421052631579,475,4000
Global,dimension_color,first,sharp,Exact response,C,0.0,0.008158947368421,0.0021052631578947,0.0168421052631578,475,4000
Global,dimension_color,first,sharp,Exact response,CD,0.0,0.0007505263157894,0.0,0.0042105263157894,475,4000
Global,dimension_color,first,sharp,Exact response,CDF,0.0189473684210526,0.0089715789473684,0.0021052631578947,0.0189473684210526,475,4000
Global,dimension_color,first,sharp,Exact response,CF,0.0989473684210526,0.0495384210526315,0.031578947368421,0.0694736842105263,475,4000
Global,dimension_color,first,sharp,Exact response,CFD,0.0021052631578947,0.0036410526315789,0.0,0.0105263157894736,475,4000
Global,dimension_color,first,sharp,Exact response,F,0.1031578947368421,0.0705252631578947,0.0484210526315789,0.0947368421052631,475,4000
Global,dimension_color,first,sharp,Exact response,FD,0.0021052631578947,0.0034936842105263,0.0,0.0105263157894736,475,4000
Global,dimension_color,first,sharp,Exact response,FDC,0.0,0.0062510526315789,0.0,0.0147368421052631,475,4000
Global,dimension_color,first,sharp,Exact response,FC,0.0105263157894736,0.0217363157894736,0.0105263157894736,0.0357894736842105,475,4000
Global,dimension_color,first,sharp,Exact response,FCD,0.0,0.0019199999999999,0.0,0.0063157894736842,475,4000
Global,dimension_color,first,sharp,Response length,1,0.3747368421052631,0.3325984210526316,0.2842105263157894,0.3789473684210526,475,4000
Global,dimension_color,first,sharp,Response length,2,0.3873684210526316,0.4421984210526316,0.391578947368421,0.4947368421052631,475,4000
Global,dimension_color,first,sharp,Response length,3,0.2378947368421052,0.2252031578947368,0.1852631578947368,0.2652631578947368,475,4000
Global,dimension_color,first,sharp,Initial adjective,D,0.7642105263157895,0.8250131578947368,0.7894736842105263,0.8589473684210527,475,4000
Global,dimension_color,first,sharp,Initial adjective,C,0.12,0.0710605263157894,0.0484210526315789,0.0947368421052631,475,4000
Global,dimension_color,first,sharp,Initial adjective,F,0.1157894736842105,0.1039263157894736,0.0778947368421052,0.1326315789473684,475,4000
Global,dimension_color,second,blurred,Exact response,D,0.0,0.0026675925925925,0.0,0.0074074074074074,540,4000
Global,dimension_color,second,blurred,Exact response,DC,0.0,0.071174074074074,0.05,0.0944444444444444,540,4000
Global,dimension_color,second,blurred,Exact response,DCF,0.0277777777777777,0.0321282407407407,0.0185185185185185,0.0481481481481481,540,4000
Global,dimension_color,second,blurred,Exact response,DF,0.0,0.0160643518518518,0.0055555555555555,0.0277777777777777,540,4000
Global,dimension_color,second,blurred,Exact response,DFC,0.0148148148148148,0.0132819444444444,0.0055555555555555,0.024074074074074,540,4000
Global,dimension_color,second,blurred,Exact response,C,0.6148148148148148,0.7336541666666667,0.6962962962962963,0.7703703703703704,540,4000
Global,dimension_color,second,blurred,Exact response,CD,0.0,0.0014180555555555,0.0,0.0055555555555555,540,4000
Global,dimension_color,second,blurred,Exact response,CDF,0.0055555555555555,0.0022180555555555,0.0,0.0074074074074074,540,4000
Global,dimension_color,second,blurred,Exact response,CF,0.2703703703703703,0.084861574074074,0.0611111111111111,0.1093055555555557,540,4000
Global,dimension_color,second,blurred,Exact response,CFD,0.0,0.0010212962962962,0.0,0.0037037037037037,540,4000
Global,dimension_color,second,blurred,Exact response,F,0.0462962962962962,0.0156097222222222,0.0055555555555555,0.0277777777777777,540,4000
Global,dimension_color,second,blurred,Exact response,FD,0.0,0.0003060185185185,0.0,0.0018518518518518,540,4000
Global,dimension_color,second,blurred,Exact response,FDC,0.0,0.0011393518518518,0.0,0.0055555555555555,540,4000
Global,dimension_color,second,blurred,Exact response,FC,0.0203703703703703,0.0239541666666666,0.0111111111111111,0.0388888888888888,540,4000
Global,dimension_color,second,blurred,Exact response,FCD,0.0,0.0005013888888888,0.0,0.0037037037037037,540,4000
Global,dimension_color,second,blurred,Response length,1,0.6611111111111111,0.7519314814814815,0.7166666666666667,0.7870370370370371,540,4000
Global,dimension_color,second,blurred,Response length,2,0.2907407407407407,0.1977782407407407,0.1648148148148148,0.2314814814814814,540,4000
Global,dimension_color,second,blurred,Response length,3,0.0481481481481481,0.0502902777777777,0.0333333333333333,0.0685648148148149,540,4000
Global,dimension_color,second,blurred,Initial adjective,D,0.0425925925925925,0.1353162037037037,0.1074074074074074,0.1648148148148148,540,4000
Global,dimension_color,second,blurred,Initial adjective,C,0.8907407407407407,0.8231731481481481,0.7888888888888889,0.8555555555555555,540,4000
Global,dimension_color,second,blurred,Initial adjective,F,0.0666666666666666,0.0415106481481481,0.024074074074074,0.0592592592592592,540,4000
Global,dimension_color,second,sharp,Exact response,D,0.0,0.0045251572327044,0.0,0.010482180293501,477,4000
Global,dimension_color,second,sharp,Exact response,DC,0.0020964360587002,0.0728721174004192,0.050314465408805,0.0964360587002096,477,4000
Global,dimension_color,second,sharp,Exact response,DCF,0.0020964360587002,0.0242216981132075,0.0125786163522012,0.0398322851153039,477,4000
Global,dimension_color,second,sharp,Exact response,DF,0.0,0.0140230607966457,0.0041928721174004,0.0251572327044025,477,4000
Global,dimension_color,second,sharp,Exact response,DFC,0.0062893081761006,0.0111556603773584,0.0020964360587002,0.020964360587002,477,4000
Global,dimension_color,second,sharp,Exact response,C,0.7148846960167715,0.7652510482180294,0.7253668763102725,0.8029350104821803,477,4000
Global,dimension_color,second,sharp,Exact response,CD,0.0,0.0023191823899371,0.0,0.0062893081761006,477,4000
Global,dimension_color,second,sharp,Exact response,CDF,0.0041928721174004,0.0026787211740041,0.0,0.0083857442348008,477,4000
Global,dimension_color,second,sharp,Exact response,CF,0.2285115303983228,0.0639266247379454,0.0419287211740041,0.0859538784067086,477,4000
Global,dimension_color,second,sharp,Exact response,CFD,0.0,0.0012636268343815,0.0,0.0041928721174004,477,4000
Global,dimension_color,second,sharp,Exact response,F,0.020964360587002,0.0147348008385744,0.0041928721174004,0.0272536687631027,477,4000
Global,dimension_color,second,sharp,Exact response,FD,0.0,0.0003925576519916,0.0,0.0020964360587002,477,4000
Global,dimension_color,second,sharp,Exact response,FDC,0.0,0.0014004192872117,0.0,0.0062893081761006,477,4000
Global,dimension_color,second,sharp,Exact response,FC,0.020964360587002,0.0205822851153039,0.0083857442348008,0.0335429769392033,477,4000
Global,dimension_color,second,sharp,Exact response,FCD,0.0,0.0006530398322851,0.0,0.0041928721174004,477,4000
Global,dimension_color,second,sharp,Response length,1,0.7358490566037735,0.7845110062893081,0.7463312368972747,0.8218029350104822,477,4000
Global,dimension_color,second,sharp,Response length,2,0.2515723270440251,0.1741158280922431,0.140461215932914,0.2075471698113207,477,4000
Global,dimension_color,second,sharp,Response length,3,0.0125786163522012,0.0413731656184486,0.0251572327044025,0.0587002096436058,477,4000
Global,dimension_color,second,sharp,Initial adjective,D,0.010482180293501,0.1267976939203354,0.0985324947589098,0.1572327044025157,477,4000
Global,dimension_color,second,sharp,Initial adjective,C,0.9475890985324948,0.8354392033542978,0.80083857442348,0.870020964360587,477,4000
Global,dimension_color,second,sharp,Initial adjective,F,0.0419287211740041,0.0377631027253668,0.020964360587002,0.0566037735849056,477,4000
Global,dimension_form,both,blurred,Exact response,D,0.0037664783427495,0.0027598870056497,0.0,0.007532956685499,531,4000
Global,dimension_form,both,blurred,Exact response,DC,0.0169491525423728,0.0580423728813559,0.03954802259887,0.0790960451977401,531,4000
Global,dimension_form,both,blurred,Exact response,DCF,0.2900188323917137,0.1888780602636534,0.1544256120527307,0.2222222222222222,531,4000
Global,dimension_form,both,blurred,Exact response,DF,0.4067796610169492,0.1128328625235404,0.0866290018832391,0.1412429378531073,531,4000
Global,dimension_form,both,blurred,Exact response,DFC,0.0338983050847457,0.0746831450094162,0.0527306967984934,0.0979284369114877,531,4000
Global,dimension_form,both,blurred,Exact response,C,0.0112994350282485,0.0644326741996233,0.0451977401129943,0.0866290018832391,531,4000
Global,dimension_form,both,blurred,Exact response,CD,0.0018832391713747,0.000978813559322,0.0,0.0037664783427495,531,4000
Global,dimension_form,both,blurred,Exact response,CDF,0.0414312617702448,0.0114411487758945,0.0037664783427495,0.0207156308851224,531,4000
Global,dimension_form,both,blurred,Exact response,CF,0.1506591337099811,0.3101412429378531,0.2711864406779661,0.3502824858757062,531,4000
Global,dimension_form,both,blurred,Exact response,CFD,0.0056497175141242,0.0041426553672316,0.0,0.0094161958568738,531,4000
Global,dimension_form,both,blurred,Exact response,F,0.0169491525423728,0.0785522598870056,0.0564971751412429,0.103578154425612,531,4000
Global,dimension_form,both,blurred,Exact response,FD,0.0018832391713747,0.0008950094161958,0.0,0.0037664783427495,531,4000
Global,dimension_form,both,blurred,Exact response,FDC,0.0,0.0052514124293785,0.0,0.0131826741996233,531,4000
Global,dimension_form,both,blurred,Exact response,FC,0.0169491525423728,0.0852796610169491,0.0621468926553672,0.1092278719397363,531,4000
Global,dimension_form,both,blurred,Exact response,FCD,0.0018832391713747,0.0016887947269303,0.0,0.0056497175141242,531,4000
Global,dimension_form,both,blurred,Response length,1,0.032015065913371,0.1457448210922787,0.1167608286252354,0.1789077212806026,531,4000
Global,dimension_form,both,blurred,Response length,2,0.5951035781544256,0.5681699623352165,0.5235404896421846,0.6120527306967984,531,4000
Global,dimension_form,both,blurred,Response length,3,0.3728813559322034,0.2860852165725047,0.2467043314500941,0.3258003766478343,531,4000
Global,dimension_form,both,blurred,Initial adjective,D,0.751412429378531,0.4371963276836158,0.3935969868173258,0.480225988700565,531,4000
Global,dimension_form,both,blurred,Initial adjective,C,0.2109227871939736,0.3911365348399247,0.3502824858757062,0.4331450094161959,531,4000
Global,dimension_form,both,blurred,Initial adjective,F,0.0376647834274952,0.1716671374764595,0.1393596986817326,0.2052730696798493,531,4000
Global,dimension_form,both,sharp,Exact response,D,0.0020964360587002,0.0058621593291404,0.0,0.0125786163522012,477,4000
Global,dimension_form,both,sharp,Exact response,DC,0.0587002096436058,0.0694528301886792,0.0482180293501048,0.0943396226415094,477,4000
Global,dimension_form,both,sharp,Exact response,DCF,0.220125786163522,0.1816519916142557,0.1467505241090146,0.2180293501048218,477,4000
Global,dimension_form,both,sharp,Exact response,DF,0.2955974842767295,0.1517992662473794,0.1194968553459119,0.1865828092243186,477,4000
Global,dimension_form,both,sharp,Exact response,DFC,0.0188679245283018,0.081256289308176,0.0566037735849056,0.1069182389937107,477,4000
Global,dimension_form,both,sharp,Exact response,C,0.1027253668763102,0.0664481132075471,0.0440251572327044,0.090146750524109,477,4000
Global,dimension_form,both,sharp,Exact response,CD,0.0,0.0015555555555555,0.0,0.0062893081761006,477,4000
Global,dimension_form,both,sharp,Exact response,CDF,0.0356394129979035,0.0147405660377358,0.0041928721174004,0.0272536687631027,477,4000
Global,dimension_form,both,sharp,Exact response,CF,0.220125786163522,0.243272536687631,0.2054507337526205,0.2830188679245283,477,4000
Global,dimension_form,both,sharp,Exact response,CFD,0.0041928721174004,0.0055613207547169,0.0,0.0125786163522012,477,4000
Global,dimension_form,both,sharp,Exact response,F,0.010482180293501,0.0894203354297693,0.0649895178197065,0.1174004192872117,477,4000
Global,dimension_form,both,sharp,Exact response,FD,0.0020964360587002,0.0015314465408805,0.0,0.0062893081761006,477,4000
Global,dimension_form,both,sharp,Exact response,FDC,0.0020964360587002,0.0073820754716981,0.0,0.0167714884696016,477,4000
Global,dimension_form,both,sharp,Exact response,FC,0.0230607966457023,0.0776472746331236,0.0545073375262054,0.1027253668763102,477,4000
Global,dimension_form,both,sharp,Exact response,FCD,0.0041928721174004,0.0024182389937106,0.0,0.0083857442348008,477,4000
Global,dimension_form,both,sharp,Response length,1,0.1153039832285115,0.161730607966457,0.129979035639413,0.1970649895178197,477,4000
Global,dimension_form,both,sharp,Response length,2,0.59958071278826,0.5452589098532494,0.4989517819706499,0.5911949685534591,477,4000
Global,dimension_form,both,sharp,Response length,3,0.2851153039832285,0.2930104821802934,0.2515723270440251,0.3354297693920335,477,4000
Global,dimension_form,both,sharp,Initial adjective,D,0.5953878406708596,0.490022536687631,0.4423480083857442,0.5346436058700211,477,4000
Global,dimension_form,both,sharp,Initial adjective,C,0.3626834381551362,0.3315780922431866,0.2893081761006289,0.3752620545073375,477,4000
Global,dimension_form,both,sharp,Initial adjective,F,0.0419287211740041,0.1783993710691823,0.1446540880503144,0.2138364779874214,477,4000
Global,dimension_form,first,blurred,Exact response,D,0.0736434108527131,0.0284297480620155,0.0135658914728682,0.0445736434108527,516,4000
Global,dimension_form,first,blurred,Exact response,DC,0.0581395348837209,0.1280499031007752,0.0988372093023255,0.1589147286821705,516,4000
Global,dimension_form,first,blurred,Exact response,DCF,0.2790697674418604,0.2529685077519379,0.2151162790697674,0.2926356589147287,516,4000
Global,dimension_form,first,blurred,Exact response,DF,0.1976744186046511,0.1409268410852713,0.1085271317829457,0.1744186046511628,516,4000
Global,dimension_form,first,blurred,Exact response,DFC,0.0290697674418604,0.1034345930232557,0.0775193798449612,0.1317829457364341,516,4000
Global,dimension_form,first,blurred,Exact response,C,0.1395348837209302,0.0600552325581395,0.0406976744186046,0.0813953488372093,516,4000
Global,dimension_form,first,blurred,Exact response,CD,0.001937984496124,0.0018367248062015,0.0,0.005813953488372,516,4000
Global,dimension_form,first,blurred,Exact response,CDF,0.0251937984496124,0.0134825581395348,0.003875968992248,0.0232558139534883,516,4000
Global,dimension_form,first,blurred,Exact response,CF,0.1666666666666666,0.1689762596899224,0.1375968992248062,0.2015503875968992,516,4000
Global,dimension_form,first,blurred,Exact response,CFD,0.001937984496124,0.0045290697674418,0.0,0.0116279069767441,516,4000
Global,dimension_form,first,blurred,Exact response,F,0.005813953488372,0.0363546511627906,0.0213178294573643,0.0523255813953488,516,4000
Global,dimension_form,first,blurred,Exact response,FD,0.0,0.0010687984496124,0.0,0.003875968992248,516,4000
Global,dimension_form,first,blurred,Exact response,FDC,0.0,0.0064733527131782,0.0,0.0135658914728682,516,4000
Global,dimension_form,first,blurred,Exact response,FC,0.0213178294573643,0.0514835271317829,0.0329457364341085,0.0717054263565891,516,4000
Global,dimension_form,first,blurred,Exact response,FCD,0.0,0.0019302325581395,0.0,0.005813953488372,516,4000
Global,dimension_form,first,blurred,Response length,1,0.2189922480620155,0.1248396317829457,0.0968992248062015,0.1550387596899224,516,4000
Global,dimension_form,first,blurred,Response length,2,0.4457364341085271,0.492342054263566,0.4457364341085271,0.5368217054263565,516,4000
Global,dimension_form,first,blurred,Response length,3,0.3352713178294573,0.3828183139534883,0.3391472868217054,0.4263565891472868,516,4000
Global,dimension_form,first,blurred,Initial adjective,D,0.6375968992248062,0.6538095930232558,0.6104651162790697,0.6957364341085271,516,4000
Global,dimension_form,first,blurred,Initial adjective,C,0.3352713178294573,0.2488798449612402,0.2112403100775193,0.2868217054263566,516,4000
Global,dimension_form,first,blurred,Initial adjective,F,0.0271317829457364,0.0973105620155038,0.0717054263565891,0.1240310077519379,516,4000
Global,dimension_form,first,sharp,Exact response,D,0.2547368421052631,0.2692605263157895,0.2231578947368421,0.3157894736842105,475,4000
Global,dimension_form,first,sharp,Exact response,DC,0.0652631578947368,0.1376221052631578,0.1052631578947368,0.1705263157894737,475,4000
Global,dimension_form,first,sharp,Exact response,DCF,0.2105263157894736,0.1964463157894737,0.1621052631578947,0.2336842105263158,475,4000
Global,dimension_form,first,sharp,Exact response,DF,0.2147368421052631,0.1075626315789473,0.08,0.1368421052631579,475,4000
Global,dimension_form,first,sharp,Exact response,DFC,0.0273684210526315,0.0876878947368421,0.0631578947368421,0.1136842105263157,475,4000
Global,dimension_form,first,sharp,Exact response,C,0.0778947368421052,0.03976,0.0231578947368421,0.0589473684210526,475,4000
Global,dimension_form,first,sharp,Exact response,CD,0.0,0.0028726315789473,0.0,0.0084210526315789,475,4000
Global,dimension_form,first,sharp,Exact response,CDF,0.0168421052631578,0.0142310526315789,0.0042105263157894,0.0252631578947368,475,4000
Global,dimension_form,first,sharp,Exact response,CF,0.1031578947368421,0.0787884210526315,0.0547368421052631,0.1031578947368421,475,4000
Global,dimension_form,first,sharp,Exact response,CFD,0.0,0.0051763157894736,0.0,0.0126315789473684,475,4000
Global,dimension_form,first,sharp,Exact response,F,0.0063157894736842,0.0221584210526315,0.0105263157894736,0.0357894736842105,475,4000
Global,dimension_form,first,sharp,Exact response,FD,0.0021052631578947,0.0012368421052631,0.0,0.0042105263157894,475,4000
Global,dimension_form,first,sharp,Exact response,FDC,0.0063157894736842,0.0073484210526315,0.0,0.0168421052631578,475,4000
Global,dimension_form,first,sharp,Exact response,FC,0.0126315789473684,0.0275068421052631,0.0147368421052631,0.0442105263157894,475,4000
Global,dimension_form,first,sharp,Exact response,FCD,0.0021052631578947,0.0023415789473684,0.0,0.0084210526315789,475,4000
Global,dimension_form,first,sharp,Response length,1,0.3389473684210526,0.3311789473684211,0.2842105263157894,0.3768421052631578,475,4000
Global,dimension_form,first,sharp,Response length,2,0.3978947368421052,0.3555894736842105,0.3094736842105263,0.4021052631578947,475,4000
Global,dimension_form,first,sharp,Response length,3,0.2631578947368421,0.3132315789473684,0.2694736842105263,0.3578947368421052,475,4000
Global,dimension_form,first,sharp,Initial adjective,D,0.7726315789473684,0.7985794736842106,0.7621052631578947,0.8357894736842105,475,4000
Global,dimension_form,first,sharp,Initial adjective,C,0.1978947368421052,0.1408284210526316,0.111578947368421,0.1726315789473684,475,4000
Global,dimension_form,first,sharp,Initial adjective,F,0.0294736842105263,0.0605921052631578,0.04,0.0842105263157894,475,4000
Global,dimension_form,second,blurred,Exact response,D,0.0,0.0010013888888888,0.0,0.0037037037037037,540,4000
Global,dimension_form,second,blurred,Exact response,DC,0.0018518518518518,0.0130601851851851,0.0037037037037037,0.024074074074074,540,4000
Global,dimension_form,second,blurred,Exact response,DCF,0.0166666666666666,0.0789393518518518,0.0574074074074074,0.1018518518518518,540,4000
Global,dimension_form,second,blurred,Exact response,DF,0.0,0.0598912037037037,0.0407407407407407,0.0814814814814814,540,4000
Global,dimension_form,second,blurred,Exact response,DFC,0.0111111111111111,0.0321837962962963,0.0185185185185185,0.0481481481481481,540,4000
Global,dimension_form,second,blurred,Exact response,C,0.0481481481481481,0.0252064814814814,0.0129629629629629,0.0388888888888888,540,4000
Global,dimension_form,second,blurred,Exact response,CD,0.0,0.000411574074074,0.0,0.0018518518518518,540,4000
Global,dimension_form,second,blurred,Exact response,CDF,0.0,0.0054300925925925,0.0,0.0129629629629629,540,4000
Global,dimension_form,second,blurred,Exact response,CF,0.2481481481481481,0.2417421296296296,0.2037037037037037,0.2814814814814815,540,4000
Global,dimension_form,second,blurred,Exact response,CFD,0.0,0.0022055555555555,0.0,0.0074074074074074,540,4000
Global,dimension_form,second,blurred,Exact response,F,0.6481481481481481,0.4693796296296297,0.4259259259259259,0.512962962962963,540,4000
Global,dimension_form,second,blurred,Exact response,FD,0.0,0.0006472222222222,0.0,0.0037037037037037,540,4000
Global,dimension_form,second,blurred,Exact response,FDC,0.0,0.0027300925925925,0.0,0.0074074074074074,540,4000
Global,dimension_form,second,blurred,Exact response,FC,0.0259259259259259,0.0662023148148148,0.0462962962962962,0.0888888888888888,540,4000
Global,dimension_form,second,blurred,Exact response,FCD,0.0,0.0009689814814814,0.0,0.0037037037037037,540,4000
Global,dimension_form,second,blurred,Response length,1,0.6962962962962963,0.4955874999999999,0.4518518518518518,0.5388888888888889,540,4000
Global,dimension_form,second,blurred,Response length,2,0.2759259259259259,0.3819546296296296,0.3388888888888889,0.4259259259259259,540,4000
Global,dimension_form,second,blurred,Response length,3,0.0277777777777777,0.1224578703703703,0.0944444444444444,0.15,540,4000
Global,dimension_form,second,blurred,Initial adjective,D,0.0296296296296296,0.1850759259259259,0.1536574074074074,0.2185185185185185,540,4000
Global,dimension_form,second,blurred,Initial adjective,C,0.2962962962962963,0.2749958333333333,0.2351851851851852,0.3148148148148148,540,4000
Global,dimension_form,second,blurred,Initial adjective,F,0.674074074074074,0.5399282407407408,0.4962962962962963,0.5833333333333334,540,4000
Global,dimension_form,second,sharp,Exact response,D,0.0,0.0015961134453781,0.0,0.0063025210084033,476,4000
Global,dimension_form,second,sharp,Exact response,DC,0.0021008403361344,0.0141628151260504,0.0042016806722689,0.0252100840336134,476,4000
Global,dimension_form,second,sharp,Exact response,DCF,0.0084033613445378,0.0667169117647058,0.0462184873949579,0.0903361344537815,476,4000
Global,dimension_form,second,sharp,Exact response,DF,0.0,0.0603161764705882,0.0399159663865546,0.0840336134453781,476,4000
Global,dimension_form,second,sharp,Exact response,DFC,0.0105042016806722,0.0301811974789915,0.0147058823529411,0.0462184873949579,476,4000
Global,dimension_form,second,sharp,Exact response,C,0.1092436974789916,0.0284196428571428,0.0147058823529411,0.0441176470588235,476,4000
Global,dimension_form,second,sharp,Exact response,CD,0.0021008403361344,0.0006013655462184,0.0,0.0042016806722689,476,4000
Global,dimension_form,second,sharp,Exact response,CDF,0.0042016806722689,0.006797794117647,0.0,0.0147058823529411,476,4000
Global,dimension_form,second,sharp,Exact response,CF,0.1890756302521008,0.2029957983193277,0.1659663865546218,0.2415966386554622,476,4000
Global,dimension_form,second,sharp,Exact response,CFD,0.0,0.003141281512605,0.0,0.0084033613445378,476,4000
Global,dimension_form,second,sharp,Exact response,F,0.6407563025210085,0.516186449579832,0.4705357142857143,0.5609243697478992,476,4000
Global,dimension_form,second,sharp,Exact response,FD,0.0,0.0009443277310924,0.0,0.0042016806722689,476,4000
Global,dimension_form,second,sharp,Exact response,FDC,0.0021008403361344,0.0036344537815126,0.0,0.0105042016806722,476,4000
Global,dimension_form,second,sharp,Exact response,FC,0.0315126050420168,0.0628860294117647,0.042016806722689,0.0861344537815126,476,4000
Global,dimension_form,second,sharp,Exact response,FCD,0.0,0.0014196428571428,0.0,0.0063025210084033,476,4000
Global,dimension_form,second,sharp,Response length,1,0.75,0.5462022058823528,0.5,0.5903361344537815,476,4000
Global,dimension_form,second,sharp,Response length,2,0.2247899159663865,0.3419065126050419,0.2983193277310924,0.384453781512605,476,4000
Global,dimension_form,second,sharp,Response length,3,0.0252100840336134,0.111891281512605,0.0840336134453781,0.1408088235294119,476,4000
Global,dimension_form,second,sharp,Initial adjective,D,0.0210084033613445,0.1729732142857142,0.1386554621848739,0.2079831932773109,476,4000
Global,dimension_form,second,sharp,Initial adjective,C,0.3046218487394957,0.2419558823529411,0.203781512605042,0.2836134453781512,476,4000
Global,dimension_form,second,sharp,Initial adjective,F,0.6743697478991597,0.5850709033613446,0.5399159663865546,0.6302521008403361,476,4000
Fully incremental,color_form,both,blurred,Exact response,D,0.0037037037037037,0.0044638888888888,0.0,0.0111111111111111,540,4000
Fully incremental,color_form,both,blurred,Exact response,DC,0.0259259259259259,0.0417435185185185,0.0259259259259259,0.0592592592592592,540,4000
Fully incremental,color_form,both,blurred,Exact response,DCF,0.0814814814814814,0.1467726851851851,0.1166666666666666,0.1777777777777777,540,4000
Fully incremental,color_form,both,blurred,Exact response,DF,0.0222222222222222,0.1391972222222222,0.1092592592592592,0.1685185185185185,540,4000
Fully incremental,color_form,both,blurred,Exact response,DFC,0.0111111111111111,0.0189351851851851,0.0092592592592592,0.0314814814814814,540,4000
Fully incremental,color_form,both,blurred,Exact response,C,0.0074074074074074,0.0417226851851851,0.0259259259259259,0.0592592592592592,540,4000
Fully incremental,color_form,both,blurred,Exact response,CD,0.0,0.0014662037037037,0.0,0.0055555555555555,540,4000
Fully incremental,color_form,both,blurred,Exact response,CDF,0.0074074074074074,0.0194703703703703,0.0092592592592592,0.0314814814814814,540,4000
Fully incremental,color_form,both,blurred,Exact response,CF,0.7592592592592593,0.4250402777777777,0.3833333333333333,0.4666666666666667,540,4000
Fully incremental,color_form,both,blurred,Exact response,CFD,0.0037037037037037,0.0229194444444444,0.0111111111111111,0.037037037037037,540,4000
Fully incremental,color_form,both,blurred,Exact response,F,0.0129629629629629,0.0871814814814814,0.0648148148148148,0.1111111111111111,540,4000
Fully incremental,color_form,both,blurred,Exact response,FD,0.0018518518518518,0.0009541666666666,0.0,0.0037037037037037,540,4000
Fully incremental,color_form,both,blurred,Exact response,FDC,0.0,0.0014388888888888,0.0,0.0055555555555555,540,4000
Fully incremental,color_form,both,blurred,Exact response,FC,0.0629629629629629,0.0457111111111111,0.0296296296296296,0.0648148148148148,540,4000
Fully incremental,color_form,both,blurred,Exact response,FCD,0.0,0.0029828703703703,0.0,0.0074074074074074,540,4000
Fully incremental,color_form,both,blurred,Response length,1,0.024074074074074,0.1333680555555555,0.1055555555555555,0.1629629629629629,540,4000
Fully incremental,color_form,both,blurred,Response length,2,0.8722222222222222,0.6541125,0.6111111111111112,0.6944444444444444,540,4000
Fully incremental,color_form,both,blurred,Response length,3,0.1037037037037037,0.2125194444444444,0.1777777777777777,0.2481481481481481,540,4000
Fully incremental,color_form,both,blurred,Initial adjective,D,0.1444444444444444,0.3511124999999999,0.3129629629629629,0.3888888888888889,540,4000
Fully incremental,color_form,both,blurred,Initial adjective,C,0.7777777777777778,0.5106189814814815,0.4685185185185185,0.5518518518518518,540,4000
Fully incremental,color_form,both,blurred,Initial adjective,F,0.0777777777777777,0.1382685185185185,0.1092592592592592,0.1685185185185185,540,4000
Fully incremental,color_form,both,sharp,Exact response,D,0.0041928721174004,0.0051897274633123,0.0,0.0125786163522012,477,4000
Fully incremental,color_form,both,sharp,Exact response,DC,0.0146750524109014,0.0335911949685534,0.0188679245283018,0.050314465408805,477,4000
Fully incremental,color_form,both,sharp,Exact response,DCF,0.1090146750524109,0.111107966457023,0.0838574423480083,0.140461215932914,477,4000
Fully incremental,color_form,both,sharp,Exact response,DF,0.050314465408805,0.1032809224318658,0.0775681341719077,0.1320754716981132,477,4000
Fully incremental,color_form,both,sharp,Exact response,DFC,0.0230607966457023,0.0162830188679245,0.0062893081761006,0.0293501048218029,477,4000
Fully incremental,color_form,both,sharp,Exact response,C,0.0020964360587002,0.0483768343815513,0.0293501048218029,0.0691823899371069,477,4000
Fully incremental,color_form,both,sharp,Exact response,CD,0.0,0.0019884696016771,0.0,0.0062893081761006,477,4000
Fully incremental,color_form,both,sharp,Exact response,CDF,0.0020964360587002,0.0225267295597484,0.010482180293501,0.0356394129979035,477,4000
Fully incremental,color_form,both,sharp,Exact response,CF,0.7253668763102725,0.4577353249475891,0.4129979035639413,0.5010482180293501,477,4000
Fully incremental,color_form,both,sharp,Exact response,CFD,0.0,0.0311158280922431,0.0167714884696016,0.0482180293501048,477,4000
Fully incremental,color_form,both,sharp,Exact response,F,0.0041928721174004,0.1029544025157232,0.0754716981132075,0.1320754716981132,477,4000
Fully incremental,color_form,both,sharp,Exact response,FD,0.0,0.0013632075471698,0.0,0.0062893081761006,477,4000
Fully incremental,color_form,both,sharp,Exact response,FDC,0.0,0.0018286163522012,0.0,0.0062893081761006,477,4000
Fully incremental,color_form,both,sharp,Exact response,FC,0.0649895178197065,0.0583537735849056,0.0377358490566037,0.0796645702306079,477,4000
Fully incremental,color_form,both,sharp,Exact response,FCD,0.0,0.0043039832285115,0.0,0.010482180293501,477,4000
Fully incremental,color_form,both,sharp,Response length,1,0.010482180293501,0.156520964360587,0.1236897274633123,0.190775681341719,477,4000
Fully incremental,color_form,both,sharp,Response length,2,0.8553459119496856,0.6563128930817611,0.6142557651991615,0.6981132075471698,477,4000
Fully incremental,color_form,both,sharp,Response length,3,0.1341719077568134,0.187166142557652,0.1509433962264151,0.2222222222222222,477,4000
Fully incremental,color_form,both,sharp,Initial adjective,D,0.2012578616352201,0.2694528301886792,0.2327044025157232,0.3081761006289308,477,4000
Fully incremental,color_form,both,sharp,Initial adjective,C,0.7295597484276729,0.5617431865828092,0.5157232704402516,0.6037735849056604,477,4000
Fully incremental,color_form,both,sharp,Initial adjective,F,0.0691823899371069,0.1688039832285115,0.1341719077568134,0.2033542976939203,477,4000
Fully incremental,color_form,first,blurred,Exact response,D,0.0055555555555555,0.0046481481481481,0.0,0.0111111111111111,540,4000
Fully incremental,color_form,first,blurred,Exact response,DC,0.0166666666666666,0.0643523148148148,0.0444444444444444,0.0851851851851851,540,4000
Fully incremental,color_form,first,blurred,Exact response,DCF,0.0518518518518518,0.0308125,0.0166666666666666,0.0462962962962962,540,4000
Fully incremental,color_form,first,blurred,Exact response,DF,0.0074074074074074,0.008299074074074,0.0018518518518518,0.0166666666666666,540,4000
Fully incremental,color_form,first,blurred,Exact response,DFC,0.0092592592592592,0.0012194444444444,0.0,0.0055555555555555,540,4000
Fully incremental,color_form,first,blurred,Exact response,C,0.6314814814814815,0.7676041666666668,0.7277777777777777,0.8055555555555556,540,4000
Fully incremental,color_form,first,blurred,Exact response,CD,0.0,0.0033935185185185,0.0,0.0092592592592592,540,4000
Fully incremental,color_form,first,blurred,Exact response,CDF,0.0074074074074074,0.0076504629629629,0.0018518518518518,0.0148148148148148,540,4000
Fully incremental,color_form,first,blurred,Exact response,CF,0.2518518518518518,0.0965527777777777,0.0722222222222222,0.124074074074074,540,4000
Fully incremental,color_form,first,blurred,Exact response,CFD,0.0,0.004899537037037,0.0,0.0111111111111111,540,4000
Fully incremental,color_form,first,blurred,Exact response,F,0.0,0.0061819444444444,0.0,0.0129629629629629,540,4000
Fully incremental,color_form,first,blurred,Exact response,FD,0.0,0.0002305555555555,0.0,0.0018518518518518,540,4000
Fully incremental,color_form,first,blurred,Exact response,FDC,0.0018518518518518,0.0002421296296296,0.0,0.0018518518518518,540,4000
Fully incremental,color_form,first,blurred,Exact response,FC,0.0166666666666666,0.0035259259259259,0.0,0.0092592592592592,540,4000
Fully incremental,color_form,first,blurred,Exact response,FCD,0.0,0.0003874999999999,0.0,0.0018518518518518,540,4000
Fully incremental,color_form,first,blurred,Response length,1,0.6370370370370371,0.7784342592592592,0.7407407407407407,0.8148148148148148,540,4000
Fully incremental,color_form,first,blurred,Response length,2,0.2925925925925925,0.1763541666666666,0.1444444444444444,0.2111111111111111,540,4000
Fully incremental,color_form,first,blurred,Response length,3,0.0703703703703703,0.045211574074074,0.0277777777777777,0.0629629629629629,540,4000
Fully incremental,color_form,first,blurred,Initial adjective,D,0.0907407407407407,0.1093314814814814,0.0833333333333333,0.1351851851851851,540,4000
Fully incremental,color_form,first,blurred,Initial adjective,C,0.8907407407407407,0.880100462962963,0.8518518518518519,0.9074074074074074,540,4000
Fully incremental,color_form,first,blurred,Initial adjective,F,0.0185185185185185,0.0105680555555555,0.0037037037037037,0.0203703703703703,540,4000
Fully incremental,color_form,first,sharp,Exact response,D,0.0083857442348008,0.0052342767295597,0.0,0.0125786163522012,477,4000
Fully incremental,color_form,first,sharp,Exact response,DC,0.010482180293501,0.0446451781970649,0.0272536687631027,0.0629454926624739,477,4000
Fully incremental,color_form,first,sharp,Exact response,DCF,0.0314465408805031,0.0198013626834381,0.0083857442348008,0.0314465408805031,477,4000
Fully incremental,color_form,first,sharp,Exact response,DF,0.010482180293501,0.0053191823899371,0.0,0.0125786163522012,477,4000
Fully incremental,color_form,first,sharp,Exact response,DFC,0.0083857442348008,0.0010246331236897,0.0,0.0041928721174004,477,4000
Fully incremental,color_form,first,sharp,Exact response,C,0.6918238993710691,0.8013422431865829,0.7651991614255765,0.8364779874213837,477,4000
Fully incremental,color_form,first,sharp,Exact response,CD,0.0,0.0045246331236897,0.0,0.010482180293501,477,4000
Fully incremental,color_form,first,sharp,Exact response,CDF,0.0146750524109014,0.0082002096436058,0.0020964360587002,0.0167714884696016,477,4000
Fully incremental,color_form,first,sharp,Exact response,CF,0.2033542976939203,0.0920990566037735,0.0670859538784067,0.1194968553459119,477,4000
Fully incremental,color_form,first,sharp,Exact response,CFD,0.0,0.0061561844863731,0.0,0.0146750524109014,477,4000
Fully incremental,color_form,first,sharp,Exact response,F,0.0,0.0067489517819706,0.0,0.0146750524109014,477,4000
Fully incremental,color_form,first,sharp,Exact response,FD,0.0,0.00025,0.0,0.0020964360587002,477,4000
Fully incremental,color_form,first,sharp,Exact response,FDC,0.0,0.0002583857442348,0.0,0.0020964360587002,477,4000
Fully incremental,color_form,first,sharp,Exact response,FC,0.020964360587002,0.0039381551362683,0.0,0.010482180293501,477,4000
Fully incremental,color_form,first,sharp,Exact response,FCD,0.0,0.0004575471698113,0.0,0.0041928721174004,477,4000
Fully incremental,color_form,first,sharp,Response length,1,0.70020964360587,0.8133254716981132,0.7777777777777778,0.8490566037735849,477,4000
Fully incremental,color_form,first,sharp,Response length,2,0.2452830188679245,0.1507762054507337,0.1194968553459119,0.1844863731656184,477,4000
Fully incremental,color_form,first,sharp,Response length,3,0.0545073375262054,0.035898322851153,0.020964360587002,0.0524109014675052,477,4000
Fully incremental,color_form,first,sharp,Initial adjective,D,0.0691823899371069,0.0760246331236897,0.0545073375262054,0.10062893081761,477,4000
Fully incremental,color_form,first,sharp,Initial adjective,C,0.909853249475891,0.912322327044025,0.8867924528301887,0.9371069182389936,477,4000
Fully incremental,color_form,first,sharp,Initial adjective,F,0.020964360587002,0.0116530398322851,0.0020964360587002,0.020964360587002,477,4000
Fully incremental,color_form,second,blurred,Exact response,D,0.0,0.0019606481481481,0.0,0.0055555555555555,540,4000
Fully incremental,color_form,second,blurred,Exact response,DC,0.0,0.0118069444444444,0.0037037037037037,0.0222222222222222,540,4000
Fully incremental,color_form,second,blurred,Exact response,DCF,0.0425925925925925,0.0418763888888888,0.0259259259259259,0.0592592592592592,540,4000
Fully incremental,color_form,second,blurred,Exact response,DF,0.0166666666666666,0.1411513888888888,0.1129629629629629,0.1703703703703703,540,4000
Fully incremental,color_form,second,blurred,Exact response,DFC,0.0092592592592592,0.0190203703703703,0.0092592592592592,0.0314814814814814,540,4000
Fully incremental,color_form,second,blurred,Exact response,C,0.0018518518518518,0.0088805555555555,0.0018518518518518,0.0185185185185185,540,4000
Fully incremental,color_form,second,blurred,Exact response,CD,0.0,0.000349537037037,0.0,0.0018518518518518,540,4000
Fully incremental,color_form,second,blurred,Exact response,CDF,0.0,0.0027333333333333,0.0,0.0074074074074074,540,4000
Fully incremental,color_form,second,blurred,Exact response,CF,0.2148148148148148,0.1028509259259259,0.0777777777777777,0.1296296296296296,540,4000
Fully incremental,color_form,second,blurred,Exact response,CFD,0.0018518518518518,0.0053101851851851,0.0,0.0111574074074075,540,4000
Fully incremental,color_form,second,blurred,Exact response,F,0.6722222222222223,0.6265851851851852,0.5833333333333334,0.6685185185185185,540,4000
Fully incremental,color_form,second,blurred,Exact response,FD,0.0018518518518518,0.0010861111111111,0.0,0.0037037037037037,540,4000
Fully incremental,color_form,second,blurred,Exact response,FDC,0.0,0.0018185185185185,0.0,0.0055555555555555,540,4000
Fully incremental,color_form,second,blurred,Exact response,FC,0.0388888888888888,0.0325208333333333,0.0185185185185185,0.0481481481481481,540,4000
Fully incremental,color_form,second,blurred,Exact response,FCD,0.0,0.002049074074074,0.0,0.0074074074074074,540,4000
Fully incremental,color_form,second,blurred,Response length,1,0.674074074074074,0.6374263888888889,0.5944444444444444,0.6796296296296296,540,4000
Fully incremental,color_form,second,blurred,Response length,2,0.2722222222222222,0.2897657407407407,0.2518518518518518,0.3296296296296296,540,4000
Fully incremental,color_form,second,blurred,Response length,3,0.0537037037037037,0.0728078703703703,0.0518518518518518,0.0944444444444444,540,4000
Fully incremental,color_form,second,blurred,Initial adjective,D,0.0685185185185185,0.2158157407407407,0.1833333333333333,0.25,540,4000
Fully incremental,color_form,second,blurred,Initial adjective,C,0.2185185185185185,0.120124537037037,0.0925925925925925,0.1481481481481481,540,4000
Fully incremental,color_form,second,blurred,Initial adjective,F,0.7129629629629629,0.6640597222222223,0.6222222222222222,0.7037037037037037,540,4000
Fully incremental,color_form,second,sharp,Exact response,D,0.0,0.0029051362683438,0.0,0.0083857442348008,477,4000
Fully incremental,color_form,second,sharp,Exact response,DC,0.0,0.011940251572327,0.0041928721174004,0.0230607966457023,477,4000
Fully incremental,color_form,second,sharp,Exact response,DCF,0.020964360587002,0.0397678197064989,0.0230607966457023,0.0587002096436058,477,4000
Fully incremental,color_form,second,sharp,Exact response,DF,0.0335429769392033,0.1324486373165618,0.1027253668763102,0.1635220125786163,477,4000
Fully incremental,color_form,second,sharp,Exact response,DFC,0.0062893081761006,0.0207484276729559,0.0083857442348008,0.0335429769392033,477,4000
Fully incremental,color_form,second,sharp,Exact response,C,0.0,0.0090807127882599,0.0020964360587002,0.0188679245283018,477,4000
Fully incremental,color_form,second,sharp,Exact response,CD,0.0,0.0004533542976939,0.0,0.0020964360587002,477,4000
Fully incremental,color_form,second,sharp,Exact response,CDF,0.0041928721174004,0.003712788259958,0.0,0.010482180293501,477,4000
Fully incremental,color_form,second,sharp,Exact response,CF,0.1677148846960167,0.0898574423480083,0.0649895178197065,0.1153039832285115,477,4000
Fully incremental,color_form,second,sharp,Exact response,CFD,0.0,0.0060812368972746,0.0,0.0146750524109014,477,4000
Fully incremental,color_form,second,sharp,Exact response,F,0.7379454926624738,0.6417175052410901,0.5974842767295597,0.6855345911949685,477,4000
Fully incremental,color_form,second,sharp,Exact response,FD,0.0,0.0018894129979035,0.0,0.0062893081761006,477,4000
Fully incremental,color_form,second,sharp,Exact response,FDC,0.0062893081761006,0.0026457023060796,0.0,0.0083857442348008,477,4000
Fully incremental,color_form,second,sharp,Exact response,FC,0.0230607966457023,0.0342106918238993,0.0188679245283018,0.050314465408805,477,4000
Fully incremental,color_form,second,sharp,Exact response,FCD,0.0,0.0025408805031446,0.0,0.0083857442348008,477,4000
Fully incremental,color_form,second,sharp,Response length,1,0.7379454926624738,0.653703354297694,0.610062893081761,0.6981132075471698,477,4000
Fully incremental,color_form,second,sharp,Response length,2,0.2243186582809224,0.2707997903563942,0.2285115303983228,0.310272536687631,477,4000
Fully incremental,color_form,second,sharp,Response length,3,0.0377358490566037,0.0754968553459119,0.0524109014675052,0.10062893081761,477,4000
Fully incremental,color_form,second,sharp,Initial adjective,D,0.060796645702306,0.2078102725366876,0.1719077568134172,0.2431865828092243,477,4000
Fully incremental,color_form,second,sharp,Initial adjective,C,0.1719077568134172,0.1091855345911949,0.0817610062893081,0.1383647798742138,477,4000
Fully incremental,color_form,second,sharp,Initial adjective,F,0.7672955974842768,0.6830041928721174,0.6415094339622641,0.7253668763102725,477,4000
Fully incremental,dimension_color,both,blurred,Exact response,D,0.0,0.0060199443413729,0.0,0.0129870129870129,539,4000
Fully incremental,dimension_color,both,blurred,Exact response,DC,0.0667903525046382,0.0531349721706864,0.0352504638218923,0.0724025974025975,539,4000
Fully incremental,dimension_color,both,blurred,Exact response,DCF,0.313543599257885,0.1861029684601113,0.1521335807050092,0.2208256029684602,539,4000
Fully incremental,dimension_color,both,blurred,Exact response,DF,0.0816326530612244,0.2140120593692022,0.1781076066790352,0.2504638218923933,539,4000
Fully incremental,dimension_color,both,blurred,Exact response,DFC,0.0296846011131725,0.0297857142857142,0.0166975881261595,0.0445269016697588,539,4000
Fully incremental,dimension_color,both,blurred,Exact response,C,0.0092764378478664,0.0335343228200371,0.0185528756957328,0.0500927643784786,539,4000
Fully incremental,dimension_color,both,blurred,Exact response,CD,0.0055658627087198,0.0017235621521335,0.0,0.0055658627087198,539,4000
Fully incremental,dimension_color,both,blurred,Exact response,CDF,0.0519480519480519,0.0231103896103896,0.0111317254174397,0.0371057513914656,539,4000
Fully incremental,dimension_color,both,blurred,Exact response,CF,0.2764378478664193,0.288219387755102,0.24860853432282,0.3283858998144712,539,4000
Fully incremental,dimension_color,both,blurred,Exact response,CFD,0.0037105751391465,0.0162351576994434,0.0074211502782931,0.0278293135435992,539,4000
Fully incremental,dimension_color,both,blurred,Exact response,F,0.1187384044526901,0.0938789424860853,0.0686456400742115,0.1187384044526901,539,4000
Fully incremental,dimension_color,both,blurred,Exact response,FD,0.0018552875695732,0.0015431354359925,0.0,0.0055658627087198,539,4000
Fully incremental,dimension_color,both,blurred,Exact response,FDC,0.0037105751391465,0.0025046382189239,0.0,0.0074211502782931,539,4000
Fully incremental,dimension_color,both,blurred,Exact response,FC,0.0371057513914656,0.0469188311688311,0.0296846011131725,0.0649350649350649,539,4000
Fully incremental,dimension_color,both,blurred,Exact response,FCD,0.0,0.003275974025974,0.0,0.0092764378478664,539,4000
Fully incremental,dimension_color,both,blurred,Response length,1,0.1280148423005566,0.1334332096474954,0.1057050092764378,0.1632653061224489,539,4000
Fully incremental,dimension_color,both,blurred,Response length,2,0.4693877551020408,0.6055519480519481,0.562152133580705,0.647495361781076,539,4000
Fully incremental,dimension_color,both,blurred,Response length,3,0.4025974025974026,0.2610148423005565,0.2207792207792207,0.300556586270872,539,4000
Fully incremental,dimension_color,both,blurred,Initial adjective,D,0.4916512059369202,0.4890556586270872,0.4452690166975881,0.5324675324675324,539,4000
Fully incremental,dimension_color,both,blurred,Initial adjective,C,0.3469387755102041,0.3628228200371057,0.3209647495361781,0.4044526901669759,539,4000
Fully incremental,dimension_color,both,blurred,Initial adjective,F,0.1614100185528757,0.148121521335807,0.1187384044526901,0.1781076066790352,539,4000
Fully incremental,dimension_color,both,sharp,Exact response,D,0.0,0.009876050420168,0.0021008403361344,0.01890756302521,476,4000
Fully incremental,dimension_color,both,sharp,Exact response,DC,0.1974789915966386,0.0583991596638655,0.0378151260504201,0.0798844537815128,476,4000
Fully incremental,dimension_color,both,sharp,Exact response,DCF,0.3046218487394957,0.1910703781512605,0.1554621848739495,0.2289915966386554,476,4000
Fully incremental,dimension_color,both,sharp,Exact response,DF,0.111344537815126,0.220390231092437,0.1827731092436974,0.2584558823529413,476,4000
Fully incremental,dimension_color,both,sharp,Exact response,DFC,0.0315126050420168,0.0353466386554621,0.0210084033613445,0.0525210084033613,476,4000
Fully incremental,dimension_color,both,sharp,Exact response,C,0.0,0.0350551470588235,0.01890756302521,0.0525210084033613,476,4000
Fully incremental,dimension_color,both,sharp,Exact response,CD,0.0084033613445378,0.0028082983193277,0.0,0.0084033613445378,476,4000
Fully incremental,dimension_color,both,sharp,Exact response,CDF,0.0294117647058823,0.0316801470588235,0.0168067226890756,0.0483193277310924,476,4000
Fully incremental,dimension_color,both,sharp,Exact response,CF,0.203781512605042,0.237032037815126,0.1995798319327731,0.2752100840336134,476,4000
Fully incremental,dimension_color,both,sharp,Exact response,CFD,0.0042016806722689,0.0168272058823529,0.0063025210084033,0.0294117647058823,476,4000
Fully incremental,dimension_color,both,sharp,Exact response,F,0.0840336134453781,0.1006827731092437,0.0735294117647058,0.1281512605042016,476,4000
Fully incremental,dimension_color,both,sharp,Exact response,FD,0.0,0.0028613445378151,0.0,0.0084033613445378,476,4000
Fully incremental,dimension_color,both,sharp,Exact response,FDC,0.0,0.0040646008403361,0.0,0.0105042016806722,476,4000
Fully incremental,dimension_color,both,sharp,Exact response,FC,0.0231092436974789,0.0499248949579832,0.0315126050420168,0.0693277310924369,476,4000
Fully incremental,dimension_color,both,sharp,Exact response,FCD,0.0021008403361344,0.0039810924369747,0.0,0.0105042016806722,476,4000
Fully incremental,dimension_color,both,sharp,Response length,1,0.0840336134453781,0.1456139705882352,0.1134453781512605,0.1785714285714285,476,4000
Fully incremental,dimension_color,both,sharp,Response length,2,0.5441176470588235,0.5714159663865545,0.5252100840336135,0.6176470588235294,476,4000
Fully incremental,dimension_color,both,sharp,Response length,3,0.3718487394957983,0.28297006302521,0.2415966386554622,0.3277310924369748,476,4000
Fully incremental,dimension_color,both,sharp,Initial adjective,D,0.6449579831932774,0.5150824579831932,0.4684873949579832,0.5630252100840336,476,4000
Fully incremental,dimension_color,both,sharp,Initial adjective,C,0.245798319327731,0.3234028361344537,0.2815126050420168,0.3655462184873949,476,4000
Fully incremental,dimension_color,both,sharp,Initial adjective,F,0.1092436974789916,0.1615147058823529,0.1301995798319328,0.1953781512605042,476,4000
Fully incremental,dimension_color,first,blurred,Exact response,D,0.0588235294117647,0.0652338709677419,0.0436432637571157,0.0891840607210626,527,4000
Fully incremental,dimension_color,first,blurred,Exact response,DC,0.0436432637571157,0.0448410815939278,0.0284629981024667,0.0626185958254269,527,4000
Fully incremental,dimension_color,first,blurred,Exact response,DCF,0.3055028462998102,0.1552784629981024,0.1233396584440227,0.1878557874762808,527,4000
Fully incremental,dimension_color,first,blurred,Exact response,DF,0.3510436432637571,0.4284392789373815,0.381404174573055,0.4743833017077798,527,4000
Fully incremental,dimension_color,first,blurred,Exact response,DFC,0.0341555977229601,0.0562528462998102,0.0379506641366223,0.0777988614800759,527,4000
Fully incremental,dimension_color,first,blurred,Exact response,C,0.0056925996204933,0.013223908918406,0.0037950664136622,0.0246679316888045,527,4000
Fully incremental,dimension_color,first,blurred,Exact response,CD,0.0018975332068311,0.0009193548387096,0.0,0.0037950664136622,527,4000
Fully incremental,dimension_color,first,blurred,Exact response,CDF,0.0398481973434535,0.0106413662239089,0.0018975332068311,0.0208728652751423,527,4000
Fully incremental,dimension_color,first,blurred,Exact response,CF,0.0891840607210626,0.1022599620493358,0.0759013282732447,0.1290322580645161,527,4000
Fully incremental,dimension_color,first,blurred,Exact response,CFD,0.0,0.0063723908918406,0.0,0.0132827324478178,527,4000
Fully incremental,dimension_color,first,blurred,Exact response,F,0.0379506641366223,0.0761370967741935,0.0531309297912713,0.1005692599620493,527,4000
Fully incremental,dimension_color,first,blurred,Exact response,FD,0.0075901328273244,0.0032860531309297,0.0,0.0094876660341555,527,4000
Fully incremental,dimension_color,first,blurred,Exact response,FDC,0.0037950664136622,0.0046271347248576,0.0,0.0113851992409867,527,4000
Fully incremental,dimension_color,first,blurred,Exact response,FC,0.01707779886148,0.0302329222011385,0.01707779886148,0.0455407969639468,527,4000
Fully incremental,dimension_color,first,blurred,Exact response,FCD,0.0037950664136622,0.0022542694497153,0.0,0.0075901328273244,527,4000
Fully incremental,dimension_color,first,blurred,Response length,1,0.1024667931688804,0.1545948766603415,0.1233396584440227,0.1878557874762808,527,4000
Fully incremental,dimension_color,first,blurred,Response length,2,0.5104364326375711,0.6099786527514232,0.5654648956356736,0.6565464895635673,527,4000
Fully incremental,dimension_color,first,blurred,Response length,3,0.3870967741935484,0.2354264705882353,0.1973434535104364,0.2751423149905123,527,4000
Fully incremental,dimension_color,first,blurred,Initial adjective,D,0.793168880455408,0.750045540796964,0.7115749525616698,0.7874762808349146,527,4000
Fully incremental,dimension_color,first,blurred,Initial adjective,C,0.1366223908918406,0.1334169829222011,0.1043643263757115,0.1631878557874762,527,4000
Fully incremental,dimension_color,first,blurred,Initial adjective,F,0.0702087286527514,0.1165374762808349,0.0891840607210626,0.1442125237191651,527,4000
Fully incremental,dimension_color,first,sharp,Exact response,D,0.271578947368421,0.2448847368421052,0.1978947368421052,0.2947368421052631,475,4000
Fully incremental,dimension_color,first,sharp,Exact response,DC,0.0442105263157894,0.0465568421052631,0.0273684210526315,0.0673684210526315,475,4000
Fully incremental,dimension_color,first,sharp,Exact response,DCF,0.1936842105263158,0.1529599999999999,0.12,0.1873684210526315,475,4000
Fully incremental,dimension_color,first,sharp,Exact response,DF,0.231578947368421,0.3432310526315789,0.2968421052631579,0.391578947368421,475,4000
Fully incremental,dimension_color,first,sharp,Exact response,DFC,0.0231578947368421,0.0599468421052631,0.04,0.0821052631578947,475,4000
Fully incremental,dimension_color,first,sharp,Exact response,C,0.0,0.0092736842105263,0.0021052631578947,0.0189473684210526,475,4000
Fully incremental,dimension_color,first,sharp,Exact response,CD,0.0,0.0010447368421052,0.0,0.0042105263157894,475,4000
Fully incremental,dimension_color,first,sharp,Exact response,CDF,0.0189473684210526,0.0108757894736842,0.0021052631578947,0.0210526315789473,475,4000
Fully incremental,dimension_color,first,sharp,Exact response,CF,0.0989473684210526,0.0468568421052631,0.0294736842105263,0.0673684210526315,475,4000
Fully incremental,dimension_color,first,sharp,Exact response,CFD,0.0021052631578947,0.0036236842105263,0.0,0.0105263157894736,475,4000
Fully incremental,dimension_color,first,sharp,Exact response,F,0.1031578947368421,0.0537215789473684,0.0336842105263157,0.0757894736842105,475,4000
Fully incremental,dimension_color,first,sharp,Exact response,FD,0.0021052631578947,0.0034621052631578,0.0,0.0105263157894736,475,4000
Fully incremental,dimension_color,first,sharp,Exact response,FDC,0.0,0.0052063157894736,0.0,0.0126315789473684,475,4000
Fully incremental,dimension_color,first,sharp,Exact response,FC,0.0105263157894736,0.0168357894736842,0.0063157894736842,0.0294736842105263,475,4000
Fully incremental,dimension_color,first,sharp,Exact response,FCD,0.0,0.0015199999999999,0.0,0.0063157894736842,475,4000
Fully incremental,dimension_color,first,sharp,Response length,1,0.3747368421052631,0.30788,0.261,0.3557894736842105,475,4000
Fully incremental,dimension_color,first,sharp,Response length,2,0.3873684210526316,0.4579873684210526,0.4063157894736842,0.5073684210526316,475,4000
Fully incremental,dimension_color,first,sharp,Response length,3,0.2378947368421052,0.2341326315789473,0.1936842105263158,0.2736842105263158,475,4000
Fully incremental,dimension_color,first,sharp,Initial adjective,D,0.7642105263157895,0.8475794736842105,0.8126315789473684,0.8821052631578947,475,4000
Fully incremental,dimension_color,first,sharp,Initial adjective,C,0.12,0.0716747368421052,0.0484210526315789,0.0968421052631579,475,4000
Fully incremental,dimension_color,first,sharp,Initial adjective,F,0.1157894736842105,0.0807457894736842,0.0568421052631578,0.1073684210526315,475,4000
Fully incremental,dimension_color,second,blurred,Exact response,D,0.0,0.0049194444444444,0.0,0.0111111111111111,540,4000
Fully incremental,dimension_color,second,blurred,Exact response,DC,0.0,0.0614643518518518,0.0425925925925925,0.0814814814814814,540,4000
Fully incremental,dimension_color,second,blurred,Exact response,DCF,0.0277777777777777,0.0291962962962962,0.0166666666666666,0.0444444444444444,540,4000
Fully incremental,dimension_color,second,blurred,Exact response,DF,0.0,0.021049074074074,0.0092592592592592,0.0333333333333333,540,4000
Fully incremental,dimension_color,second,blurred,Exact response,DFC,0.0148148148148148,0.0027847222222222,0.0,0.0074074074074074,540,4000
Fully incremental,dimension_color,second,blurred,Exact response,C,0.6148148148148148,0.7320370370370369,0.6944444444444444,0.7703703703703704,540,4000
Fully incremental,dimension_color,second,blurred,Exact response,CD,0.0,0.0022023148148148,0.0,0.0074074074074074,540,4000
Fully incremental,dimension_color,second,blurred,Exact response,CDF,0.0055555555555555,0.0046384259259259,0.0,0.0111111111111111,540,4000
Fully incremental,dimension_color,second,blurred,Exact response,CF,0.2703703703703703,0.1096629629629629,0.0833333333333333,0.137037037037037,540,4000
Fully incremental,dimension_color,second,blurred,Exact response,CFD,0.0,0.0056134259259259,0.0,0.0129629629629629,540,4000
Fully incremental,dimension_color,second,blurred,Exact response,F,0.0462962962962962,0.0164106481481481,0.0074074074074074,0.0277777777777777,540,4000
Fully incremental,dimension_color,second,blurred,Exact response,FD,0.0,0.0002717592592592,0.0,0.0018518518518518,540,4000
Fully incremental,dimension_color,second,blurred,Exact response,FDC,0.0,0.0003375,0.0,0.0018518518518518,540,4000
Fully incremental,dimension_color,second,blurred,Exact response,FC,0.0203703703703703,0.0087708333333333,0.0018518518518518,0.0166666666666666,540,4000
Fully incremental,dimension_color,second,blurred,Exact response,FCD,0.0,0.0006412037037037,0.0,0.0037037037037037,540,4000
Fully incremental,dimension_color,second,blurred,Response length,1,0.6611111111111111,0.7533671296296296,0.7166666666666667,0.7907407407407407,540,4000
Fully incremental,dimension_color,second,blurred,Response length,2,0.2907407407407407,0.2034212962962963,0.1685185185185185,0.2388888888888889,540,4000
Fully incremental,dimension_color,second,blurred,Response length,3,0.0481481481481481,0.043211574074074,0.0259259259259259,0.0611111111111111,540,4000
Fully incremental,dimension_color,second,blurred,Initial adjective,D,0.0425925925925925,0.1194138888888888,0.0925925925925925,0.1481481481481481,540,4000
Fully incremental,dimension_color,second,blurred,Initial adjective,C,0.8907407407407407,0.8541541666666667,0.8222222222222222,0.8833333333333333,540,4000
Fully incremental,dimension_color,second,blurred,Initial adjective,F,0.0666666666666666,0.0264319444444444,0.0129629629629629,0.0407407407407407,540,4000
Fully incremental,dimension_color,second,sharp,Exact response,D,0.0,0.0074067085953878,0.0,0.0167714884696016,477,4000
Fully incremental,dimension_color,second,sharp,Exact response,DC,0.0020964360587002,0.0583941299790356,0.0377358490566037,0.0817610062893081,477,4000
Fully incremental,dimension_color,second,sharp,Exact response,DCF,0.0020964360587002,0.0257379454926624,0.0125786163522012,0.0419287211740041,477,4000
Fully incremental,dimension_color,second,sharp,Exact response,DF,0.0,0.017922431865828,0.0062893081761006,0.0314465408805031,477,4000
Fully incremental,dimension_color,second,sharp,Exact response,DFC,0.0062893081761006,0.0027557651991614,0.0,0.0083857442348008,477,4000
Fully incremental,dimension_color,second,sharp,Exact response,C,0.7148846960167715,0.7523909853249475,0.7127882599580713,0.7945492662473794,477,4000
Fully incremental,dimension_color,second,sharp,Exact response,CD,0.0,0.0037468553459119,0.0,0.010482180293501,477,4000
Fully incremental,dimension_color,second,sharp,Exact response,CDF,0.0041928721174004,0.0067541928721174,0.0,0.0146750524109014,477,4000
Fully incremental,dimension_color,second,sharp,Exact response,CF,0.2285115303983228,0.0914753668763102,0.0649895178197065,0.1174004192872117,477,4000
Fully incremental,dimension_color,second,sharp,Exact response,CFD,0.0,0.0061719077568134,0.0,0.0146750524109014,477,4000
Fully incremental,dimension_color,second,sharp,Exact response,F,0.020964360587002,0.0163181341719077,0.0062893081761006,0.0293501048218029,477,4000
Fully incremental,dimension_color,second,sharp,Exact response,FD,0.0,0.0003343815513626,0.0,0.0020964360587002,477,4000
Fully incremental,dimension_color,second,sharp,Exact response,FDC,0.0,0.0004339622641509,0.0,0.0020964360587002,477,4000
Fully incremental,dimension_color,second,sharp,Exact response,FC,0.020964360587002,0.0093485324947589,0.0020964360587002,0.0188679245283018,477,4000
Fully incremental,dimension_color,second,sharp,Exact response,FCD,0.0,0.0008087002096436,0.0,0.0041928721174004,477,4000
Fully incremental,dimension_color,second,sharp,Response length,1,0.7358490566037735,0.7761158280922432,0.7379454926624738,0.8134171907756813,477,4000
Fully incremental,dimension_color,second,sharp,Response length,2,0.2515723270440251,0.1812216981132075,0.1467505241090146,0.2159329140461215,477,4000
Fully incremental,dimension_color,second,sharp,Response length,3,0.0125786163522012,0.0426624737945492,0.0251572327044025,0.0628930817610062,477,4000
Fully incremental,dimension_color,second,sharp,Initial adjective,D,0.010482180293501,0.1122169811320754,0.0838574423480083,0.140461215932914,477,4000
Fully incremental,dimension_color,second,sharp,Initial adjective,C,0.9475890985324948,0.8605393081761006,0.8280922431865828,0.8909853249475891,477,4000
Fully incremental,dimension_color,second,sharp,Initial adjective,F,0.0419287211740041,0.0272437106918239,0.0125786163522012,0.0440251572327044,477,4000
Fully incremental,dimension_form,both,blurred,Exact response,D,0.0037664783427495,0.0052278719397363,0.0,0.0112994350282485,531,4000
Fully incremental,dimension_form,both,blurred,Exact response,DC,0.0169491525423728,0.0552434086629001,0.0376647834274952,0.0753766478342751,531,4000
Fully incremental,dimension_form,both,blurred,Exact response,DCF,0.2900188323917137,0.1930560263653484,0.1581920903954802,0.2278719397363465,531,4000
Fully incremental,dimension_form,both,blurred,Exact response,DF,0.4067796610169492,0.1186073446327683,0.0922787193973634,0.1487758945386064,531,4000
Fully incremental,dimension_form,both,blurred,Exact response,DFC,0.0338983050847457,0.0162749529190207,0.0056497175141242,0.0282485875706214,531,4000
Fully incremental,dimension_form,both,blurred,Exact response,C,0.0112994350282485,0.0486224105461393,0.032015065913371,0.0677966101694915,531,4000
Fully incremental,dimension_form,both,blurred,Exact response,CD,0.0018832391713747,0.0024204331450094,0.0,0.007532956685499,531,4000
Fully incremental,dimension_form,both,blurred,Exact response,CDF,0.0414312617702448,0.035228813559322,0.0207156308851224,0.0527306967984934,531,4000
Fully incremental,dimension_form,both,blurred,Exact response,CF,0.1506591337099811,0.4044755178907721,0.3615819209039548,0.448210922787194,531,4000
Fully incremental,dimension_form,both,blurred,Exact response,CFD,0.0056497175141242,0.0223347457627118,0.0112994350282485,0.0357815442561205,531,4000
Fully incremental,dimension_form,both,blurred,Exact response,F,0.0169491525423728,0.0615494350282485,0.0414312617702448,0.0828625235404896,531,4000
Fully incremental,dimension_form,both,blurred,Exact response,FD,0.0018832391713747,0.0007994350282485,0.0,0.0037664783427495,531,4000
Fully incremental,dimension_form,both,blurred,Exact response,FDC,0.0,0.0011859698681732,0.0,0.0056497175141242,531,4000
Fully incremental,dimension_form,both,blurred,Exact response,FC,0.0169491525423728,0.0327269303201506,0.0187853107344632,0.0489642184557438,531,4000
Fully incremental,dimension_form,both,blurred,Exact response,FCD,0.0018832391713747,0.00224670433145,0.0,0.007532956685499,531,4000
Fully incremental,dimension_form,both,blurred,Response length,1,0.032015065913371,0.1153997175141242,0.0885122410546139,0.1431261770244821,531,4000
Fully incremental,dimension_form,both,blurred,Response length,2,0.5951035781544256,0.6142730696798494,0.5743408662900188,0.6572504708097928,531,4000
Fully incremental,dimension_form,both,blurred,Response length,3,0.3728813559322034,0.2703272128060264,0.231638418079096,0.3070150659133711,531,4000
Fully incremental,dimension_form,both,blurred,Initial adjective,D,0.751412429378531,0.388409604519774,0.3483992467043315,0.4312617702448211,531,4000
Fully incremental,dimension_form,both,blurred,Initial adjective,C,0.2109227871939736,0.5130819209039548,0.4689265536723164,0.5574387947269304,531,4000
Fully incremental,dimension_form,both,blurred,Initial adjective,F,0.0376647834274952,0.0985084745762711,0.0734463276836158,0.124340866290019,531,4000
Fully incremental,dimension_form,both,sharp,Exact response,D,0.0020964360587002,0.0091787211740041,0.0020964360587002,0.0188679245283018,477,4000
Fully incremental,dimension_form,both,sharp,Exact response,DC,0.0587002096436058,0.0619884696016771,0.0419287211740041,0.0838574423480083,477,4000
Fully incremental,dimension_form,both,sharp,Exact response,DCF,0.220125786163522,0.2030005241090146,0.1656184486373165,0.2410901467505241,477,4000
Fully incremental,dimension_form,both,sharp,Exact response,DF,0.2955974842767295,0.1445959119496855,0.1153039832285115,0.1781970649895178,477,4000
Fully incremental,dimension_form,both,sharp,Exact response,DFC,0.0188679245283018,0.0234308176100628,0.010482180293501,0.0377358490566037,477,4000
Fully incremental,dimension_form,both,sharp,Exact response,C,0.1027253668763102,0.0495288259958071,0.0314465408805031,0.0691823899371069,477,4000
Fully incremental,dimension_form,both,sharp,Exact response,CD,0.0,0.0038637316561844,0.0,0.010482180293501,477,4000
Fully incremental,dimension_form,both,sharp,Exact response,CDF,0.0356394129979035,0.046291928721174,0.0272536687631027,0.0670859538784067,477,4000
Fully incremental,dimension_form,both,sharp,Exact response,CF,0.220125786163522,0.3214229559748428,0.2788259958071278,0.3668763102725367,477,4000
Fully incremental,dimension_form,both,sharp,Exact response,CFD,0.0041928721174004,0.0227699161425576,0.010482180293501,0.0356394129979035,477,4000
Fully incremental,dimension_form,both,sharp,Exact response,F,0.010482180293501,0.0700440251572327,0.0482180293501048,0.0943396226415094,477,4000
Fully incremental,dimension_form,both,sharp,Exact response,FD,0.0020964360587002,0.0016006289308176,0.0,0.0062893081761006,477,4000
Fully incremental,dimension_form,both,sharp,Exact response,FDC,0.0020964360587002,0.0022589098532494,0.0,0.0083857442348008,477,4000
Fully incremental,dimension_form,both,sharp,Exact response,FC,0.0230607966457023,0.0371001048218029,0.020964360587002,0.0545073375262054,477,4000
Fully incremental,dimension_form,both,sharp,Exact response,FCD,0.0041928721174004,0.0029245283018867,0.0,0.0083857442348008,477,4000
Fully incremental,dimension_form,both,sharp,Response length,1,0.1153039832285115,0.128751572327044,0.0985324947589098,0.1614255765199161,477,4000
Fully incremental,dimension_form,both,sharp,Response length,2,0.59958071278826,0.5705718029350104,0.5261530398322851,0.6143081761006292,477,4000
Fully incremental,dimension_form,both,sharp,Response length,3,0.2851153039832285,0.3006766247379455,0.2578616352201258,0.3438155136268344,477,4000
Fully incremental,dimension_form,both,sharp,Initial adjective,D,0.5953878406708596,0.4421944444444444,0.3941299790356394,0.4884696016771488,477,4000
Fully incremental,dimension_form,both,sharp,Initial adjective,C,0.3626834381551362,0.443877358490566,0.3983228511530398,0.490566037735849,477,4000
Fully incremental,dimension_form,both,sharp,Initial adjective,F,0.0419287211740041,0.1139281970649895,0.0859538784067086,0.1425576519916142,477,4000
Fully incremental,dimension_form,first,blurred,Exact response,D,0.0736434108527131,0.0723110465116279,0.0503875968992248,0.0968992248062015,516,4000
Fully incremental,dimension_form,first,blurred,Exact response,DC,0.0581395348837209,0.0850988372093023,0.0620155038759689,0.1104651162790697,516,4000
Fully incremental,dimension_form,first,blurred,Exact response,DCF,0.2790697674418604,0.2943536821705426,0.253875968992248,0.3352713178294573,516,4000
Fully incremental,dimension_form,first,blurred,Exact response,DF,0.1976744186046511,0.1233246124031007,0.0930232558139534,0.1550387596899224,516,4000
Fully incremental,dimension_form,first,blurred,Exact response,DFC,0.0290697674418604,0.016000968992248,0.005813953488372,0.0271317829457364,516,4000
Fully incremental,dimension_form,first,blurred,Exact response,C,0.1395348837209302,0.0450872093023255,0.0271317829457364,0.063953488372093,516,4000
Fully incremental,dimension_form,first,blurred,Exact response,CD,0.001937984496124,0.0037606589147286,0.0,0.0096899224806201,516,4000
Fully incremental,dimension_form,first,blurred,Exact response,CDF,0.0251937984496124,0.053140988372093,0.0348837209302325,0.0736434108527131,516,4000
Fully incremental,dimension_form,first,blurred,Exact response,CF,0.1666666666666666,0.2379147286821705,0.1996124031007752,0.2790697674418604,516,4000
Fully incremental,dimension_form,first,blurred,Exact response,CFD,0.001937984496124,0.0135915697674418,0.003875968992248,0.0251937984496124,516,4000
Fully incremental,dimension_form,first,blurred,Exact response,F,0.005813953488372,0.0348236434108527,0.0193798449612403,0.0523255813953488,516,4000
Fully incremental,dimension_form,first,blurred,Exact response,FD,0.0,0.0007747093023255,0.0,0.003875968992248,516,4000
Fully incremental,dimension_form,first,blurred,Exact response,FDC,0.0,0.0010566860465116,0.0,0.003875968992248,516,4000
Fully incremental,dimension_form,first,blurred,Exact response,FC,0.0213178294573643,0.0174360465116279,0.005813953488372,0.0290697674418604,516,4000
Fully incremental,dimension_form,first,blurred,Exact response,FCD,0.0,0.0013246124031007,0.0,0.005813953488372,516,4000
Fully incremental,dimension_form,first,blurred,Response length,1,0.2189922480620155,0.1522218992248062,0.1201550387596899,0.1841085271317829,516,4000
Fully incremental,dimension_form,first,blurred,Response length,2,0.4457364341085271,0.4683095930232558,0.4224806201550387,0.5135658914728682,516,4000
Fully incremental,dimension_form,first,blurred,Response length,3,0.3352713178294573,0.3794685077519379,0.3352713178294573,0.4224806201550387,516,4000
Fully incremental,dimension_form,first,blurred,Initial adjective,D,0.6375968992248062,0.5910891472868217,0.5465116279069767,0.6356589147286822,516,4000
Fully incremental,dimension_form,first,blurred,Initial adjective,C,0.3352713178294573,0.3534951550387597,0.3100775193798449,0.3972868217054263,516,4000
Fully incremental,dimension_form,first,blurred,Initial adjective,F,0.0271317829457364,0.0554156976744186,0.0367732558139535,0.0755813953488372,516,4000
Fully incremental,dimension_form,first,sharp,Exact response,D,0.2547368421052631,0.2796526315789474,0.231578947368421,0.3305263157894736,475,4000
Fully incremental,dimension_form,first,sharp,Exact response,DC,0.0652631578947368,0.0857731578947368,0.0610526315789473,0.1136842105263157,475,4000
Fully incremental,dimension_form,first,sharp,Exact response,DCF,0.2105263157894736,0.2812868421052631,0.24,0.3242105263157894,475,4000
Fully incremental,dimension_form,first,sharp,Exact response,DF,0.2147368421052631,0.0965873684210526,0.0694736842105263,0.1263157894736842,475,4000
Fully incremental,dimension_form,first,sharp,Exact response,DFC,0.0273684210526315,0.0168963157894736,0.0063157894736842,0.0294736842105263,475,4000
Fully incremental,dimension_form,first,sharp,Exact response,C,0.0778947368421052,0.03401,0.0189473684210526,0.0526315789473684,475,4000
Fully incremental,dimension_form,first,sharp,Exact response,CD,0.0,0.0042315789473684,0.0,0.0105263157894736,475,4000
Fully incremental,dimension_form,first,sharp,Exact response,CDF,0.0168421052631578,0.0518326315789473,0.0336842105263157,0.0736842105263157,475,4000
Fully incremental,dimension_form,first,sharp,Exact response,CF,0.1031578947368421,0.1012905263157894,0.0736842105263157,0.1284210526315789,475,4000
Fully incremental,dimension_form,first,sharp,Exact response,CFD,0.0,0.0072415789473684,0.0,0.0147368421052631,475,4000
Fully incremental,dimension_form,first,sharp,Exact response,F,0.0063157894736842,0.0257073684210526,0.0126315789473684,0.04,475,4000
Fully incremental,dimension_form,first,sharp,Exact response,FD,0.0021052631578947,0.0009494736842105,0.0,0.0042105263157894,475,4000
Fully incremental,dimension_form,first,sharp,Exact response,FDC,0.0063157894736842,0.0014347368421052,0.0,0.0063157894736842,475,4000
Fully incremental,dimension_form,first,sharp,Exact response,FC,0.0126315789473684,0.0119894736842105,0.0021052631578947,0.0231578947368421,475,4000
Fully incremental,dimension_form,first,sharp,Exact response,FCD,0.0021052631578947,0.0011163157894736,0.0,0.0042105263157894,475,4000
Fully incremental,dimension_form,first,sharp,Response length,1,0.3389473684210526,0.33937,0.2926315789473684,0.3894736842105263,475,4000
Fully incremental,dimension_form,first,sharp,Response length,2,0.3978947368421052,0.3008215789473684,0.2568421052631578,0.3452631578947368,475,4000
Fully incremental,dimension_form,first,sharp,Response length,3,0.2631578947368421,0.3598084210526315,0.311578947368421,0.4084210526315789,475,4000
Fully incremental,dimension_form,first,sharp,Initial adjective,D,0.7726315789473684,0.7601963157894736,0.72,0.8,475,4000
Fully incremental,dimension_form,first,sharp,Initial adjective,C,0.1978947368421052,0.1986063157894737,0.1621052631578947,0.2378947368421052,475,4000
Fully incremental,dimension_form,first,sharp,Initial adjective,F,0.0294736842105263,0.0411973684210526,0.0231578947368421,0.0610526315789473,475,4000
Fully incremental,dimension_form,second,blurred,Exact response,D,0.0,0.0019981481481481,0.0,0.0055555555555555,540,4000
Fully incremental,dimension_form,second,blurred,Exact response,DC,0.0018518518518518,0.0194259259259259,0.0092592592592592,0.0314814814814814,540,4000
Fully incremental,dimension_form,second,blurred,Exact response,DCF,0.0166666666666666,0.0695861111111111,0.0481481481481481,0.0925925925925925,540,4000
Fully incremental,dimension_form,second,blurred,Exact response,DF,0.0,0.0761032407407407,0.0555555555555555,0.1,540,4000
Fully incremental,dimension_form,second,blurred,Exact response,DFC,0.0111111111111111,0.0101435185185185,0.0018518518518518,0.0203703703703703,540,4000
Fully incremental,dimension_form,second,blurred,Exact response,C,0.0481481481481481,0.0233555555555555,0.0111111111111111,0.037037037037037,540,4000
Fully incremental,dimension_form,second,blurred,Exact response,CD,0.0,0.0007287037037037,0.0,0.0037037037037037,540,4000
Fully incremental,dimension_form,second,blurred,Exact response,CDF,0.0,0.0091069444444444,0.0018518518518518,0.0185185185185185,540,4000
Fully incremental,dimension_form,second,blurred,Exact response,CF,0.2481481481481481,0.2535087962962963,0.2166666666666666,0.2925925925925925,540,4000
Fully incremental,dimension_form,second,blurred,Exact response,CFD,0.0,0.0132157407407407,0.0037037037037037,0.024074074074074,540,4000
Fully incremental,dimension_form,second,blurred,Exact response,F,0.6481481481481481,0.4916328703703703,0.4481481481481481,0.5351851851851852,540,4000
Fully incremental,dimension_form,second,blurred,Exact response,FD,0.0,0.0005361111111111,0.0,0.0037037037037037,540,4000
Fully incremental,dimension_form,second,blurred,Exact response,FDC,0.0,0.0008513888888888,0.0,0.0037037037037037,540,4000
Fully incremental,dimension_form,second,blurred,Exact response,FC,0.0259259259259259,0.0280555555555555,0.0148148148148148,0.0425925925925925,540,4000
Fully incremental,dimension_form,second,blurred,Exact response,FCD,0.0,0.0017513888888888,0.0,0.0055555555555555,540,4000
Fully incremental,dimension_form,second,blurred,Response length,1,0.6962962962962963,0.516986574074074,0.4722222222222222,0.5611111111111111,540,4000
Fully incremental,dimension_form,second,blurred,Response length,2,0.2759259259259259,0.3783583333333333,0.3351851851851852,0.4222222222222222,540,4000
Fully incremental,dimension_form,second,blurred,Response length,3,0.0277777777777777,0.1046550925925925,0.0796296296296296,0.1314814814814814,540,4000
Fully incremental,dimension_form,second,blurred,Initial adjective,D,0.0296296296296296,0.1772569444444444,0.1444444444444444,0.2111111111111111,540,4000
Fully incremental,dimension_form,second,blurred,Initial adjective,C,0.2962962962962963,0.2999157407407407,0.2611111111111111,0.3407407407407407,540,4000
Fully incremental,dimension_form,second,blurred,Initial adjective,F,0.674074074074074,0.5228273148148148,0.4796296296296296,0.5666666666666667,540,4000
Fully incremental,dimension_form,second,sharp,Exact response,D,0.0,0.0029017857142857,0.0,0.0084033613445378,476,4000
Fully incremental,dimension_form,second,sharp,Exact response,DC,0.0021008403361344,0.0192289915966386,0.0084033613445378,0.0315126050420168,476,4000
Fully incremental,dimension_form,second,sharp,Exact response,DCF,0.0084033613445378,0.0636008403361344,0.042016806722689,0.088235294117647,476,4000
Fully incremental,dimension_form,second,sharp,Exact response,DF,0.0,0.069814075630252,0.0483193277310924,0.0945378151260504,476,4000
Fully incremental,dimension_form,second,sharp,Exact response,DFC,0.0105042016806722,0.0109185924369747,0.0021008403361344,0.0210084033613445,476,4000
Fully incremental,dimension_form,second,sharp,Exact response,C,0.1092436974789916,0.0241586134453781,0.0105042016806722,0.0399159663865546,476,4000
Fully incremental,dimension_form,second,sharp,Exact response,CD,0.0021008403361344,0.0011486344537815,0.0,0.0042016806722689,476,4000
Fully incremental,dimension_form,second,sharp,Exact response,CDF,0.0042016806722689,0.012953781512605,0.0042016806722689,0.0231092436974789,476,4000
Fully incremental,dimension_form,second,sharp,Exact response,CF,0.1890756302521008,0.2213077731092437,0.1848739495798319,0.2605042016806723,476,4000
Fully incremental,dimension_form,second,sharp,Exact response,CFD,0.0,0.0148103991596638,0.0042016806722689,0.0273109243697479,476,4000
Fully incremental,dimension_form,second,sharp,Exact response,F,0.6407563025210085,0.5232762605042016,0.4747899159663865,0.5714285714285714,476,4000
Fully incremental,dimension_form,second,sharp,Exact response,FD,0.0,0.0009212184873949,0.0,0.0042016806722689,476,4000
Fully incremental,dimension_form,second,sharp,Exact response,FDC,0.0021008403361344,0.0013040966386554,0.0,0.0063025210084033,476,4000
Fully incremental,dimension_form,second,sharp,Exact response,FC,0.0315126050420168,0.0311901260504201,0.0168067226890756,0.0483193277310924,476,4000
Fully incremental,dimension_form,second,sharp,Exact response,FCD,0.0,0.0024648109243697,0.0,0.0084033613445378,476,4000
Fully incremental,dimension_form,second,sharp,Response length,1,0.75,0.5503366596638655,0.5021008403361344,0.5987394957983193,476,4000
Fully incremental,dimension_form,second,sharp,Response length,2,0.2247899159663865,0.3436108193277311,0.2983193277310924,0.3886554621848739,476,4000
Fully incremental,dimension_form,second,sharp,Response length,3,0.0252100840336134,0.1060525210084033,0.0777310924369747,0.1365546218487394,476,4000
Fully incremental,dimension_form,second,sharp,Initial adjective,D,0.0210084033613445,0.1664642857142856,0.1323529411764706,0.2016806722689075,476,4000
Fully incremental,dimension_form,second,sharp,Initial adjective,C,0.3046218487394957,0.2743792016806722,0.2331932773109243,0.3172268907563025,476,4000
Fully incremental,dimension_form,second,sharp,Initial adjective,F,0.6743697478991597,0.5591565126050421,0.5105042016806722,0.6071428571428571,476,4000
Plan-guided,color_form,both,blurred,Exact response,D,0.003703703703703704,0.0030768518518518528,0.0,0.009259259259259259,540,4000
Plan-guided,color_form,both,blurred,Exact response,DC,0.025925925925925925,0.03139953703703704,0.016666666666666666,0.046296296296296294,540,4000
Plan-guided,color_form,both,blurred,Exact response,DCF,0.08148148148148149,0.14108379629629633,0.11296296296296296,0.17037037037037037,540,4000
Plan-guided,color_form,both,blurred,Exact response,DF,0.022222222222222223,0.10770138888888889,0.08333333333333333,0.13333333333333333,540,4000
Plan-guided,color_form,both,blurred,Exact response,DFC,0.011111111111111112,0.024599537037037038,0.012962962962962963,0.03888888888888889,540,4000
Plan-guided,color_form,both,blurred,Exact response,C,0.007407407407407408,0.06335462962962962,0.04259259259259259,0.08518518518518518,540,4000
Plan-guided,color_form,both,blurred,Exact response,CD,0.0,0.000812037037037037,0.0,0.003703703703703704,540,4000
Plan-guided,color_form,both,blurred,Exact response,CDF,0.007407407407407408,0.01192037037037037,0.003703703703703704,0.022222222222222223,540,4000
Plan-guided,color_form,both,blurred,Exact response,CF,0.7592592592592593,0.41732824074074076,0.37592592592592594,0.45925925925925926,540,4000
Plan-guided,color_form,both,blurred,Exact response,CFD,0.003703703703703704,0.011283796296296295,0.003703703703703704,0.020370370370370372,540,4000
Plan-guided,color_form,both,blurred,Exact response,F,0.012962962962962963,0.12892222222222222,0.10185185185185185,0.1574074074074074,540,4000
Plan-guided,color_form,both,blurred,Exact response,FD,0.001851851851851852,0.0006662037037037037,0.0,0.003703703703703704,540,4000
Plan-guided,color_form,both,blurred,Exact response,FDC,0.0,0.0015805555555555555,0.0,0.005555555555555556,540,4000
Plan-guided,color_form,both,blurred,Exact response,FC,0.06296296296296296,0.05474027777777778,0.037037037037037035,0.07592592592592592,540,4000
Plan-guided,color_form,both,blurred,Exact response,FCD,0.0,0.0015305555555555554,0.0,0.005555555555555556,540,4000
Plan-guided,color_form,both,blurred,Response length,1,0.024074074074074074,0.1953537037037037,0.16296296296296298,0.22962962962962963,540,4000
Plan-guided,color_form,both,blurred,Response length,2,0.8722222222222222,0.6126476851851852,0.5722222222222222,0.6537500000000002,540,4000
Plan-guided,color_form,both,blurred,Response length,3,0.1037037037037037,0.19199861111111113,0.16111111111111112,0.22407407407407406,540,4000
Plan-guided,color_form,both,blurred,Initial adjective,D,0.14444444444444443,0.3078611111111111,0.2740740740740741,0.34074074074074073,540,4000
Plan-guided,color_form,both,blurred,Initial adjective,C,0.7777777777777778,0.5046990740740741,0.4648148148148148,0.5444444444444444,540,4000
Plan-guided,color_form,both,blurred,Initial adjective,F,0.07777777777777778,0.1874398148148148,0.15555555555555556,0.22037037037037038,540,4000
Plan-guided,color_form,both,sharp,Exact response,D,0.0041928721174004195,0.0038443396226415095,0.0,0.010482180293501049,477,4000
Plan-guided,color_form,both,sharp,Exact response,DC,0.014675052410901468,0.024607442348008383,0.012578616352201259,0.039832285115303984,477,4000
Plan-guided,color_form,both,sharp,Exact response,DCF,0.1090146750524109,0.09743815513626836,0.07337526205450734,0.12368972746331237,477,4000
Plan-guided,color_form,both,sharp,Exact response,DF,0.050314465408805034,0.07709591194968553,0.05450733752620545,0.10062893081761007,477,4000
Plan-guided,color_form,both,sharp,Exact response,DFC,0.023060796645702306,0.021779874213836477,0.010482180293501049,0.03563941299790356,477,4000
Plan-guided,color_form,both,sharp,Exact response,C,0.0020964360587002098,0.08034748427672957,0.05660377358490566,0.1069182389937107,477,4000
Plan-guided,color_form,both,sharp,Exact response,CD,0.0,0.0009323899371069184,0.0,0.0041928721174004195,477,4000
Plan-guided,color_form,both,sharp,Exact response,CDF,0.0020964360587002098,0.013204926624737946,0.0041928721174004195,0.025157232704402517,477,4000
Plan-guided,color_form,both,sharp,Exact response,CF,0.7253668763102725,0.430940251572327,0.38784067085953877,0.4758909853249476,477,4000
Plan-guided,color_form,both,sharp,Exact response,CFD,0.0,0.01437631027253669,0.0041928721174004195,0.025157232704402517,477,4000
Plan-guided,color_form,both,sharp,Exact response,F,0.0041928721174004195,0.1598867924528302,0.1278825995807128,0.1949685534591195,477,4000
Plan-guided,color_form,both,sharp,Exact response,FD,0.0,0.0008244234800838575,0.0,0.0041928721174004195,477,4000
Plan-guided,color_form,both,sharp,Exact response,FDC,0.0,0.002032494758909854,0.0,0.006289308176100629,477,4000
Plan-guided,color_form,both,sharp,Exact response,FC,0.0649895178197065,0.07053144654088049,0.04821802935010482,0.09433962264150944,477,4000
Plan-guided,color_form,both,sharp,Exact response,FCD,0.0,0.0021577568134171915,0.0,0.006289308176100629,477,4000
Plan-guided,color_form,both,sharp,Response length,1,0.010482180293501049,0.24407861635220127,0.20545073375262055,0.2830188679245283,477,4000
Plan-guided,color_form,both,sharp,Response length,2,0.8553459119496856,0.6049318658280922,0.5576519916142557,0.649895178197065,477,4000
Plan-guided,color_form,both,sharp,Response length,3,0.13417190775681342,0.1509895178197065,0.12154088050314467,0.18238993710691823,477,4000
Plan-guided,color_form,both,sharp,Initial adjective,D,0.20125786163522014,0.22476572327044025,0.1928721174004193,0.2578616352201258,477,4000
Plan-guided,color_form,both,sharp,Initial adjective,C,0.7295597484276729,0.5398013626834381,0.4968553459119497,0.5828092243186582,477,4000
Plan-guided,color_form,both,sharp,Initial adjective,F,0.06918238993710692,0.2354329140461216,0.1970649895178197,0.2746331236897275,477,4000
Plan-guided,color_form,first,blurred,Exact response,D,0.005555555555555556,0.0027564814814814813,0.0,0.007407407407407408,540,4000
Plan-guided,color_form,first,blurred,Exact response,DC,0.016666666666666666,0.07641111111111111,0.05555555555555555,0.09814814814814815,540,4000
Plan-guided,color_form,first,blurred,Exact response,DCF,0.05185185185185185,0.02804027777777778,0.014814814814814815,0.04259259259259259,540,4000
Plan-guided,color_form,first,blurred,Exact response,DF,0.007407407407407408,0.004757407407407408,0.0,0.011111111111111112,540,4000
Plan-guided,color_form,first,blurred,Exact response,DFC,0.009259259259259259,0.0025712962962962964,0.0,0.007407407407407408,540,4000
Plan-guided,color_form,first,blurred,Exact response,C,0.6314814814814815,0.7883277777777777,0.7537037037037037,0.8240740740740741,540,4000
Plan-guided,color_form,first,blurred,Exact response,CD,0.0,0.0022962962962962963,0.0,0.007407407407407408,540,4000
Plan-guided,color_form,first,blurred,Exact response,CDF,0.007407407407407408,0.0051916666666666665,0.0,0.011111111111111112,540,4000
Plan-guided,color_form,first,blurred,Exact response,CF,0.2518518518518518,0.0776226851851852,0.05555555555555555,0.10185185185185185,540,4000
Plan-guided,color_form,first,blurred,Exact response,CFD,0.0,0.002667592592592593,0.0,0.007407407407407408,540,4000
Plan-guided,color_form,first,blurred,Exact response,F,0.0,0.0041143518518518525,0.0,0.009259259259259259,540,4000
Plan-guided,color_form,first,blurred,Exact response,FD,0.0,0.00022083333333333333,0.0,0.001851851851851852,540,4000
Plan-guided,color_form,first,blurred,Exact response,FDC,0.001851851851851852,0.0003384259259259259,0.0,0.001851851851851852,540,4000
Plan-guided,color_form,first,blurred,Exact response,FC,0.016666666666666666,0.004366666666666667,0.0,0.011111111111111112,540,4000
Plan-guided,color_form,first,blurred,Exact response,FCD,0.0,0.00031712962962962966,0.0,0.001851851851851852,540,4000
Plan-guided,color_form,first,blurred,Response length,1,0.6370370370370371,0.7951986111111112,0.7592592592592593,0.8277777777777777,540,4000
Plan-guided,color_form,first,blurred,Response length,2,0.29259259259259257,0.16567500000000002,0.1351388888888889,0.19814814814814816,540,4000
Plan-guided,color_form,first,blurred,Response length,3,0.07037037037037037,0.03912638888888889,0.024074074074074074,0.05555555555555555,540,4000
Plan-guided,color_form,first,blurred,Initial adjective,D,0.09074074074074075,0.11453657407407408,0.08888888888888889,0.14074074074074075,540,4000
Plan-guided,color_form,first,blurred,Initial adjective,C,0.8907407407407407,0.8761060185185185,0.8481481481481481,0.9018518518518519,540,4000
Plan-guided,color_form,first,blurred,Initial adjective,F,0.018518518518518517,0.009357407407407408,0.001851851851851852,0.018518518518518517,540,4000
Plan-guided,color_form,first,sharp,Exact response,D,0.008385744234800839,0.003352725366876311,0.0,0.008385744234800839,477,4000
Plan-guided,color_form,first,sharp,Exact response,DC,0.010482180293501049,0.05725262054507337,0.03773584905660377,0.07756813417190776,477,4000
Plan-guided,color_form,first,sharp,Exact response,DCF,0.031446540880503145,0.016299266247379457,0.006289308176100629,0.029350104821802937,477,4000
Plan-guided,color_form,first,sharp,Exact response,DF,0.010482180293501049,0.003337526205450734,0.0,0.008385744234800839,477,4000
Plan-guided,color_form,first,sharp,Exact response,DFC,0.008385744234800839,0.002568658280922432,0.0,0.008385744234800839,477,4000
Plan-guided,color_form,first,sharp,Exact response,C,0.6918238993710691,0.8270408805031446,0.790356394129979,0.859538784067086,477,4000
Plan-guided,color_form,first,sharp,Exact response,CD,0.0,0.0029910901467505246,0.0,0.008385744234800839,477,4000
Plan-guided,color_form,first,sharp,Exact response,CDF,0.014675052410901468,0.005158280922431866,0.0,0.012578616352201259,477,4000
Plan-guided,color_form,first,sharp,Exact response,CF,0.20335429769392033,0.06815513626834382,0.04612159329140461,0.09224318658280922,477,4000
Plan-guided,color_form,first,sharp,Exact response,CFD,0.0,0.003135744234800839,0.0,0.008385744234800839,477,4000
Plan-guided,color_form,first,sharp,Exact response,F,0.0,0.004472746331236898,0.0,0.010482180293501049,477,4000
Plan-guided,color_form,first,sharp,Exact response,FD,0.0,0.0002258909853249476,0.0,0.0020964360587002098,477,4000
Plan-guided,color_form,first,sharp,Exact response,FDC,0.0,0.00041352201257861636,0.0,0.0020964360587002098,477,4000
Plan-guided,color_form,first,sharp,Exact response,FC,0.020964360587002098,0.005224842767295598,0.0,0.012578616352201259,477,4000
Plan-guided,color_form,first,sharp,Exact response,FCD,0.0,0.00037106918238993716,0.0,0.0020964360587002098,477,4000
Plan-guided,color_form,first,sharp,Response length,1,0.70020964360587,0.8348663522012579,0.80083857442348,0.8679245283018868,477,4000
Plan-guided,color_form,first,sharp,Response length,2,0.24528301886792453,0.13718710691823902,0.1069182389937107,0.16771488469601678,477,4000
Plan-guided,color_form,first,sharp,Response length,3,0.05450733752620545,0.02794654088050314,0.014675052410901468,0.0440251572327044,477,4000
Plan-guided,color_form,first,sharp,Initial adjective,D,0.06918238993710692,0.08281079664570232,0.06079664570230608,0.1069182389937107,477,4000
Plan-guided,color_form,first,sharp,Initial adjective,C,0.909853249475891,0.9064811320754715,0.8805031446540881,0.9308176100628931,477,4000
Plan-guided,color_form,first,sharp,Initial adjective,F,0.020964360587002098,0.010708071278825997,0.0020964360587002098,0.020964360587002098,477,4000
Plan-guided,color_form,second,blurred,Exact response,D,0.0,0.0012537037037037035,0.0,0.005555555555555556,540,4000
Plan-guided,color_form,second,blurred,Exact response,DC,0.0,0.006718518518518519,0.0,0.014814814814814815,540,4000
Plan-guided,color_form,second,blurred,Exact response,DCF,0.04259259259259259,0.045672685185185184,0.02962962962962963,0.06296296296296296,540,4000
Plan-guided,color_form,second,blurred,Exact response,DF,0.016666666666666666,0.1263712962962963,0.09995370370370373,0.1537037037037037,540,4000
Plan-guided,color_form,second,blurred,Exact response,DFC,0.009259259259259259,0.01902175925925926,0.007407407407407408,0.03148148148148148,540,4000
Plan-guided,color_form,second,blurred,Exact response,C,0.001851851851851852,0.008699537037037035,0.001851851851851852,0.016666666666666666,540,4000
Plan-guided,color_form,second,blurred,Exact response,CD,0.0,0.0002865740740740741,0.0,0.001851851851851852,540,4000
Plan-guided,color_form,second,blurred,Exact response,CDF,0.0,0.002030555555555556,0.0,0.007407407407407408,540,4000
Plan-guided,color_form,second,blurred,Exact response,CF,0.21481481481481482,0.10444907407407408,0.07962962962962963,0.13148148148148148,540,4000
Plan-guided,color_form,second,blurred,Exact response,CFD,0.001851851851851852,0.0031055555555555554,0.0,0.009259259259259259,540,4000
Plan-guided,color_form,second,blurred,Exact response,F,0.6722222222222223,0.648513888888889,0.6092592592592593,0.687037037037037,540,4000
Plan-guided,color_form,second,blurred,Exact response,FD,0.001851851851851852,0.0007708333333333332,0.0,0.003703703703703704,540,4000
Plan-guided,color_form,second,blurred,Exact response,FDC,0.0,0.001348148148148148,0.0,0.005555555555555556,540,4000
Plan-guided,color_form,second,blurred,Exact response,FC,0.03888888888888889,0.030520833333333334,0.016666666666666666,0.046296296296296294,540,4000
Plan-guided,color_form,second,blurred,Exact response,FCD,0.0,0.001237037037037037,0.0,0.005555555555555556,540,4000
Plan-guided,color_form,second,blurred,Response length,1,0.674074074074074,0.6584671296296296,0.6203240740740741,0.6981481481481482,540,4000
Plan-guided,color_form,second,blurred,Response length,2,0.2722222222222222,0.26911712962962964,0.23148148148148148,0.3074074074074074,540,4000
Plan-guided,color_form,second,blurred,Response length,3,0.053703703703703705,0.07241574074074074,0.05185185185185185,0.09444444444444444,540,4000
Plan-guided,color_form,second,blurred,Initial adjective,D,0.06851851851851852,0.19903796296296297,0.1685185185185185,0.22962962962962963,540,4000
Plan-guided,color_form,second,blurred,Initial adjective,C,0.21851851851851853,0.11857129629629629,0.09259259259259259,0.14629629629629629,540,4000
Plan-guided,color_form,second,blurred,Initial adjective,F,0.7129629629629629,0.6823907407407407,0.6444444444444445,0.7203703703703703,540,4000
Plan-guided,color_form,second,sharp,Exact response,D,0.0,0.002069182389937107,0.0,0.006289308176100629,477,4000
Plan-guided,color_form,second,sharp,Exact response,DC,0.0,0.007161949685534592,0.0,0.016771488469601678,477,4000
Plan-guided,color_form,second,sharp,Exact response,DCF,0.020964360587002098,0.041855345911949685,0.025157232704402517,0.06079664570230608,477,4000
Plan-guided,color_form,second,sharp,Exact response,DF,0.033542976939203356,0.12239098532494758,0.09433962264150944,0.1509433962264151,477,4000
Plan-guided,color_form,second,sharp,Exact response,DFC,0.006289308176100629,0.02058542976939203,0.008385744234800839,0.033542976939203356,477,4000
Plan-guided,color_form,second,sharp,Exact response,C,0.0,0.008971174004192872,0.0020964360587002098,0.018867924528301886,477,4000
Plan-guided,color_form,second,sharp,Exact response,CD,0.0,0.0003060796645702306,0.0,0.0020964360587002098,477,4000
Plan-guided,color_form,second,sharp,Exact response,CDF,0.0041928721174004195,0.0029816561844863737,0.0,0.008385744234800839,477,4000
Plan-guided,color_form,second,sharp,Exact response,CF,0.16771488469601678,0.0897520964360587,0.0649895178197065,0.11530398322851153,477,4000
Plan-guided,color_form,second,sharp,Exact response,CFD,0.0,0.003704402515723271,0.0,0.010482180293501049,477,4000
Plan-guided,color_form,second,sharp,Exact response,F,0.7379454926624738,0.6629219077568135,0.6226415094339622,0.7044025157232704,477,4000
Plan-guided,color_form,second,sharp,Exact response,FD,0.0,0.0012646750524109016,0.0,0.0041928721174004195,477,4000
Plan-guided,color_form,second,sharp,Exact response,FDC,0.006289308176100629,0.002080188679245284,0.0,0.006289308176100629,477,4000
Plan-guided,color_form,second,sharp,Exact response,FC,0.023060796645702306,0.03238993710691824,0.0188155136268344,0.04821802935010482,477,4000
Plan-guided,color_form,second,sharp,Exact response,FCD,0.0,0.0015649895178197067,0.0,0.006289308176100629,477,4000
Plan-guided,color_form,second,sharp,Response length,1,0.7379454926624738,0.6739622641509434,0.6331236897274634,0.7148846960167715,477,4000
Plan-guided,color_form,second,sharp,Response length,2,0.22431865828092243,0.2532657232704402,0.2138364779874214,0.2914046121593291,477,4000
Plan-guided,color_form,second,sharp,Response length,3,0.03773584905660377,0.07277201257861636,0.050314465408805034,0.09643605870020965,477,4000
Plan-guided,color_form,second,sharp,Initial adjective,D,0.06079664570230608,0.194062893081761,0.16142557651991615,0.22641509433962265,477,4000
Plan-guided,color_form,second,sharp,Initial adjective,C,0.1719077568134172,0.10571540880503144,0.07966457023060797,0.13417190775681342,477,4000
Plan-guided,color_form,second,sharp,Initial adjective,F,0.7672955974842768,0.7002216981132074,0.660377358490566,0.7421383647798742,477,4000
Plan-guided,dimension_color,both,blurred,Exact response,D,0.0,0.003936456400742115,0.0,0.00927643784786642,539,4000
Plan-guided,dimension_color,both,blurred,Exact response,DC,0.06679035250463822,0.042154916512059375,0.025974025974025976,0.059369202226345084,539,4000
Plan-guided,dimension_color,both,blurred,Exact response,DCF,0.313543599257885,0.20333998144712434,0.16883116883116883,0.23933209647495363,539,4000
Plan-guided,dimension_color,both,blurred,Exact response,DF,0.08163265306122448,0.18617161410018554,0.15213358070500926,0.22077922077922077,539,4000
Plan-guided,dimension_color,both,blurred,Exact response,DFC,0.029684601113172542,0.0390199443413729,0.02411873840445269,0.055658627087198514,539,4000
Plan-guided,dimension_color,both,blurred,Exact response,C,0.00927643784786642,0.041009276437847866,0.025974025974025976,0.059369202226345084,539,4000
Plan-guided,dimension_color,both,blurred,Exact response,CD,0.0055658627087198514,0.0008965677179962894,0.0,0.0037105751391465678,539,4000
Plan-guided,dimension_color,both,blurred,Exact response,CDF,0.05194805194805195,0.015438311688311689,0.0055658627087198514,0.025974025974025976,539,4000
Plan-guided,dimension_color,both,blurred,Exact response,CF,0.2764378478664193,0.28524721706864564,0.24675324675324675,0.3246753246753247,539,4000
Plan-guided,dimension_color,both,blurred,Exact response,CFD,0.0037105751391465678,0.009457328385899815,0.0018552875695732839,0.01855287569573284,539,4000
Plan-guided,dimension_color,both,blurred,Exact response,F,0.11873840445269017,0.12078756957328386,0.09276437847866419,0.14842300556586271,539,4000
Plan-guided,dimension_color,both,blurred,Exact response,FD,0.0018552875695732839,0.0009545454545454544,0.0,0.0037105751391465678,539,4000
Plan-guided,dimension_color,both,blurred,Exact response,FDC,0.0037105751391465678,0.002410482374768089,0.0,0.0074211502782931356,539,4000
Plan-guided,dimension_color,both,blurred,Exact response,FC,0.03710575139146568,0.04729035250463822,0.029684601113172542,0.06493506493506493,539,4000
Plan-guided,dimension_color,both,blurred,Exact response,FCD,0.0,0.0018854359925788498,0.0,0.0055658627087198514,539,4000
Plan-guided,dimension_color,both,blurred,Response length,1,0.1280148423005566,0.1657333024118738,0.13358070500927643,0.19851576994434136,539,4000
Plan-guided,dimension_color,both,blurred,Response length,2,0.46938775510204084,0.5627152133580705,0.5213358070500927,0.6066790352504638,539,4000
Plan-guided,dimension_color,both,blurred,Response length,3,0.4025974025974026,0.2715514842300556,0.23376623376623376,0.3098330241187384,539,4000
Plan-guided,dimension_color,both,blurred,Initial adjective,D,0.49165120593692024,0.4746229128014842,0.4322820037105751,0.5176252319109462,539,4000
Plan-guided,dimension_color,both,blurred,Initial adjective,C,0.3469387755102041,0.3520487012987013,0.3098330241187384,0.39332096474953615,539,4000
Plan-guided,dimension_color,both,blurred,Initial adjective,F,0.1614100185528757,0.17332838589981447,0.14281076066790352,0.20593692022263452,539,4000
Plan-guided,dimension_color,both,sharp,Exact response,D,0.0,0.007696953781512606,0.0021008403361344537,0.01680672268907563,476,4000
Plan-guided,dimension_color,both,sharp,Exact response,DC,0.19747899159663865,0.04948371848739496,0.031512605042016806,0.06932773109243698,476,4000
Plan-guided,dimension_color,both,sharp,Exact response,DCF,0.30462184873949577,0.20801785714285717,0.17016806722689076,0.24579831932773108,476,4000
Plan-guided,dimension_color,both,sharp,Exact response,DF,0.11134453781512606,0.20100262605042019,0.16596638655462184,0.23739495798319327,476,4000
Plan-guided,dimension_color,both,sharp,Exact response,DFC,0.031512605042016806,0.047735294117647056,0.029411764705882353,0.06722689075630252,476,4000
Plan-guided,dimension_color,both,sharp,Exact response,C,0.0,0.042053571428571426,0.025210084033613446,0.06092436974789916,476,4000
Plan-guided,dimension_color,both,sharp,Exact response,CD,0.008403361344537815,0.0012484243697478991,0.0,0.004201680672268907,476,4000
Plan-guided,dimension_color,both,sharp,Exact response,CDF,0.029411764705882353,0.0213061974789916,0.008403361344537815,0.03571428571428571,476,4000
Plan-guided,dimension_color,both,sharp,Exact response,CF,0.20378151260504201,0.22744065126050425,0.18907563025210083,0.2668067226890756,476,4000
Plan-guided,dimension_color,both,sharp,Exact response,CFD,0.004201680672268907,0.010963235294117649,0.0021008403361344537,0.02100840336134454,476,4000
Plan-guided,dimension_color,both,sharp,Exact response,F,0.08403361344537816,0.12683088235294118,0.09868697478991598,0.15761554621848758,476,4000
Plan-guided,dimension_color,both,sharp,Exact response,FD,0.0,0.0015761554621848738,0.0,0.0063025210084033615,476,4000
Plan-guided,dimension_color,both,sharp,Exact response,FDC,0.0,0.0037363445378151257,0.0,0.01050420168067227,476,4000
Plan-guided,dimension_color,both,sharp,Exact response,FC,0.023109243697478993,0.048399684873949585,0.029411764705882353,0.06932773109243698,476,4000
Plan-guided,dimension_color,both,sharp,Exact response,FCD,0.0021008403361344537,0.002508403361344538,0.0,0.008403361344537815,476,4000
Plan-guided,dimension_color,both,sharp,Response length,1,0.08403361344537816,0.1765814075630252,0.14285714285714285,0.21428571428571427,476,4000
Plan-guided,dimension_color,both,sharp,Response length,2,0.5441176470588235,0.5291512605042017,0.4831932773109244,0.5756302521008403,476,4000
Plan-guided,dimension_color,both,sharp,Response length,3,0.37184873949579833,0.29426733193277305,0.25210084033613445,0.33613445378151263,476,4000
Plan-guided,dimension_color,both,sharp,Initial adjective,D,0.6449579831932774,0.5139364495798318,0.4684873949579832,0.5609243697478992,476,4000
Plan-guided,dimension_color,both,sharp,Initial adjective,C,0.24579831932773108,0.30301207983193273,0.2605042016806723,0.34663865546218486,476,4000
Plan-guided,dimension_color,both,sharp,Initial adjective,F,0.1092436974789916,0.18305147058823532,0.14915966386554622,0.2184873949579832,476,4000
Plan-guided,dimension_color,first,blurred,Exact response,D,0.058823529411764705,0.03219829222011385,0.017077798861480076,0.04933586337760911,527,4000
Plan-guided,dimension_color,first,blurred,Exact response,DC,0.04364326375711575,0.03373292220113852,0.018975332068311195,0.04933586337760911,527,4000
Plan-guided,dimension_color,first,blurred,Exact response,DCF,0.3055028462998102,0.17702941176470588,0.1442125237191651,0.21062618595825428,527,4000
Plan-guided,dimension_color,first,blurred,Exact response,DF,0.3510436432637571,0.44274051233396583,0.3946869070208729,0.48956356736242884,527,4000
Plan-guided,dimension_color,first,blurred,Exact response,DFC,0.03415559772296015,0.06448576850094877,0.04364326375711575,0.0872865275142315,527,4000
Plan-guided,dimension_color,first,blurred,Exact response,C,0.0056925996204933585,0.012828747628083491,0.003795066413662239,0.022770398481973434,527,4000
Plan-guided,dimension_color,first,blurred,Exact response,CD,0.0018975332068311196,0.000519449715370019,0.0,0.003795066413662239,527,4000
Plan-guided,dimension_color,first,blurred,Exact response,CDF,0.03984819734345351,0.007761859582542694,0.0018975332068311196,0.015180265654648957,527,4000
Plan-guided,dimension_color,first,blurred,Exact response,CF,0.08918406072106262,0.09122438330170778,0.0683111954459203,0.11764705882352941,527,4000
Plan-guided,dimension_color,first,blurred,Exact response,CFD,0.0,0.0038591081593927893,0.0,0.009487666034155597,527,4000
Plan-guided,dimension_color,first,blurred,Exact response,F,0.03795066413662239,0.09909392789373814,0.07400379506641366,0.127134724857685,527,4000
Plan-guided,dimension_color,first,blurred,Exact response,FD,0.007590132827324478,0.00223292220113852,0.0,0.007590132827324478,527,4000
Plan-guided,dimension_color,first,blurred,Exact response,FDC,0.003795066413662239,0.003748102466793169,0.0,0.009487666034155597,527,4000
Plan-guided,dimension_color,first,blurred,Exact response,FC,0.017077798861480076,0.02704079696394687,0.015180265654648957,0.04174573055028463,527,4000
Plan-guided,dimension_color,first,blurred,Exact response,FCD,0.003795066413662239,0.0015037950664136622,0.0,0.0056925996204933585,527,4000
Plan-guided,dimension_color,first,blurred,Response length,1,0.10246679316888045,0.14412096774193547,0.11385199240986717,0.17647058823529413,527,4000
Plan-guided,dimension_color,first,blurred,Response length,2,0.5104364326375711,0.5974909867172675,0.5502846299810247,0.6432637571157496,527,4000
Plan-guided,dimension_color,first,blurred,Response length,3,0.3870967741935484,0.258388045540797,0.22011385199240988,0.29791271347248577,527,4000
Plan-guided,dimension_color,first,blurred,Initial adjective,D,0.793168880455408,0.7501869070208729,0.7115749525616698,0.7893738140417458,527,4000
Plan-guided,dimension_color,first,blurred,Initial adjective,C,0.1366223908918406,0.11619354838709677,0.08918406072106262,0.1442125237191651,527,4000
Plan-guided,dimension_color,first,blurred,Initial adjective,F,0.07020872865275142,0.13361954459203038,0.1062618595825427,0.16318785578747627,527,4000
Plan-guided,dimension_color,first,sharp,Exact response,D,0.27157894736842103,0.24917,0.20421052631578948,0.2968421052631579,475,4000
Plan-guided,dimension_color,first,sharp,Exact response,DC,0.04421052631578947,0.03534105263157895,0.018947368421052633,0.05263157894736842,475,4000
Plan-guided,dimension_color,first,sharp,Exact response,DCF,0.1936842105263158,0.15500263157894736,0.12210526315789473,0.18736842105263157,475,4000
Plan-guided,dimension_color,first,sharp,Exact response,DF,0.23157894736842105,0.35220315789473683,0.3031578947368421,0.40210526315789474,475,4000
Plan-guided,dimension_color,first,sharp,Exact response,DFC,0.023157894736842106,0.06325947368421053,0.042105263157894736,0.0863157894736842,475,4000
Plan-guided,dimension_color,first,sharp,Exact response,C,0.0,0.007782631578947367,0.0,0.016842105263157894,475,4000
Plan-guided,dimension_color,first,sharp,Exact response,CD,0.0,0.0006447368421052632,0.0,0.004210526315789474,475,4000
Plan-guided,dimension_color,first,sharp,Exact response,CDF,0.018947368421052633,0.008542105263157894,0.002105263157894737,0.018947368421052633,475,4000
Plan-guided,dimension_color,first,sharp,Exact response,CF,0.09894736842105263,0.04096263157894737,0.023157894736842106,0.061052631578947365,475,4000
Plan-guided,dimension_color,first,sharp,Exact response,CFD,0.002105263157894737,0.003162105263157894,0.0,0.008421052631578947,475,4000
Plan-guided,dimension_color,first,sharp,Exact response,F,0.1031578947368421,0.060141578947368414,0.04,0.08210526315789474,475,4000
Plan-guided,dimension_color,first,sharp,Exact response,FD,0.002105263157894737,0.0025031578947368417,0.0,0.008421052631578947,475,4000
Plan-guided,dimension_color,first,sharp,Exact response,FDC,0.0,0.004502105263157894,0.0,0.010526315789473684,475,4000
Plan-guided,dimension_color,first,sharp,Exact response,FC,0.010526315789473684,0.015286315789473683,0.00631578947368421,0.02736842105263158,475,4000
Plan-guided,dimension_color,first,sharp,Exact response,FCD,0.0,0.0014963157894736841,0.0,0.00631578947368421,475,4000
Plan-guided,dimension_color,first,sharp,Response length,1,0.37473684210526315,0.3170942105263158,0.27157894736842103,0.3642105263157895,475,4000
Plan-guided,dimension_color,first,sharp,Response length,2,0.3873684210526316,0.44694105263157896,0.3957894736842105,0.4968421052631579,475,4000
Plan-guided,dimension_color,first,sharp,Response length,3,0.23789473684210527,0.23596473684210528,0.19789473684210526,0.27789473684210525,475,4000
Plan-guided,dimension_color,first,sharp,Initial adjective,D,0.7642105263157895,0.8549763157894736,0.8210526315789474,0.8863157894736842,475,4000
Plan-guided,dimension_color,first,sharp,Initial adjective,C,0.12,0.06109421052631579,0.04,0.08421052631578947,475,4000
Plan-guided,dimension_color,first,sharp,Initial adjective,F,0.11578947368421053,0.08392947368421053,0.05894736842105263,0.10952631578947387,475,4000
Plan-guided,dimension_color,second,blurred,Exact response,D,0.0,0.0029060185185185183,0.0,0.007407407407407408,540,4000
Plan-guided,dimension_color,second,blurred,Exact response,DC,0.0,0.05639814814814815,0.03888888888888889,0.07592592592592592,540,4000
Plan-guided,dimension_color,second,blurred,Exact response,DCF,0.027777777777777776,0.02925138888888889,0.016666666666666666,0.044444444444444446,540,4000
Plan-guided,dimension_color,second,blurred,Exact response,DF,0.0,0.01332638888888889,0.003703703703703704,0.024074074074074074,540,4000
Plan-guided,dimension_color,second,blurred,Exact response,DFC,0.014814814814814815,0.004438888888888889,0.0,0.011111111111111112,540,4000
Plan-guided,dimension_color,second,blurred,Exact response,C,0.6148148148148148,0.7470796296296296,0.7092592592592593,0.7833333333333333,540,4000
Plan-guided,dimension_color,second,blurred,Exact response,CD,0.0,0.001311111111111111,0.0,0.005555555555555556,540,4000
Plan-guided,dimension_color,second,blurred,Exact response,CDF,0.005555555555555556,0.003073611111111111,0.0,0.009259259259259259,540,4000
Plan-guided,dimension_color,second,blurred,Exact response,CF,0.27037037037037037,0.11172592592592592,0.08518518518518518,0.1388888888888889,540,4000
Plan-guided,dimension_color,second,blurred,Exact response,CFD,0.0,0.0034685185185185188,0.0,0.009259259259259259,540,4000
Plan-guided,dimension_color,second,blurred,Exact response,F,0.046296296296296294,0.015414814814814815,0.005555555555555556,0.025925925925925925,540,4000
Plan-guided,dimension_color,second,blurred,Exact response,FD,0.0,0.0002453703703703704,0.0,0.001851851851851852,540,4000
Plan-guided,dimension_color,second,blurred,Exact response,FDC,0.0,0.00044120370370370364,0.0,0.001851851851851852,540,4000
Plan-guided,dimension_color,second,blurred,Exact response,FC,0.020370370370370372,0.010480555555555555,0.003703703703703704,0.020370370370370372,540,4000
Plan-guided,dimension_color,second,blurred,Exact response,FCD,0.0,0.00043842592592592593,0.0,0.001851851851851852,540,4000
Plan-guided,dimension_color,second,blurred,Response length,1,0.6611111111111111,0.765400462962963,0.7277777777777777,0.8,540,4000
Plan-guided,dimension_color,second,blurred,Response length,2,0.29074074074074074,0.1934875,0.16111111111111112,0.22777777777777777,540,4000
Plan-guided,dimension_color,second,blurred,Response length,3,0.04814814814814815,0.04111203703703704,0.025925925925925925,0.05925925925925926,540,4000
Plan-guided,dimension_color,second,blurred,Initial adjective,D,0.04259259259259259,0.10632083333333332,0.08148148148148149,0.13333333333333333,540,4000
Plan-guided,dimension_color,second,blurred,Initial adjective,C,0.8907407407407407,0.8666587962962963,0.837037037037037,0.8944444444444445,540,4000
Plan-guided,dimension_color,second,blurred,Initial adjective,F,0.06666666666666667,0.027020370370370368,0.014814814814814815,0.040740740740740744,540,4000
Plan-guided,dimension_color,second,sharp,Exact response,D,0.0,0.004951781970649895,0.0,0.012578616352201259,477,4000
Plan-guided,dimension_color,second,sharp,Exact response,DC,0.0020964360587002098,0.05592872117400419,0.03563941299790356,0.07756813417190776,477,4000
Plan-guided,dimension_color,second,sharp,Exact response,DCF,0.0020964360587002098,0.0242227463312369,0.010482180293501049,0.039832285115303984,477,4000
Plan-guided,dimension_color,second,sharp,Exact response,DF,0.0,0.011619496855345914,0.0020964360587002098,0.020964360587002098,477,4000
Plan-guided,dimension_color,second,sharp,Exact response,DFC,0.006289308176100629,0.005066561844863732,0.0,0.012578616352201259,477,4000
Plan-guided,dimension_color,second,sharp,Exact response,C,0.7148846960167715,0.7739701257861635,0.7358490566037735,0.8134171907756813,477,4000
Plan-guided,dimension_color,second,sharp,Exact response,CD,0.0,0.002344863731656185,0.0,0.008385744234800839,477,4000
Plan-guided,dimension_color,second,sharp,Exact response,CDF,0.0041928721174004195,0.004360587002096437,0.0,0.010482180293501049,477,4000
Plan-guided,dimension_color,second,sharp,Exact response,CF,0.22851153039832284,0.08613522012578616,0.06079664570230608,0.11320754716981132,477,4000
Plan-guided,dimension_color,second,sharp,Exact response,CFD,0.0,0.0037898322851153046,0.0,0.010482180293501049,477,4000
Plan-guided,dimension_color,second,sharp,Exact response,F,0.020964360587002098,0.014877882599580713,0.0041928721174004195,0.027253668763102725,477,4000
Plan-guided,dimension_color,second,sharp,Exact response,FD,0.0,0.00028459119496855345,0.0,0.0020964360587002098,477,4000
Plan-guided,dimension_color,second,sharp,Exact response,FDC,0.0,0.0006048218029350105,0.0,0.0041928721174004195,477,4000
Plan-guided,dimension_color,second,sharp,Exact response,FC,0.020964360587002098,0.011235324947589099,0.0020964360587002098,0.020964360587002098,477,4000
Plan-guided,dimension_color,second,sharp,Exact response,FCD,0.0,0.0006074423480083858,0.0,0.0041928721174004195,477,4000
Plan-guided,dimension_color,second,sharp,Response length,1,0.7358490566037735,0.7937997903563941,0.7568134171907757,0.8301886792452831,477,4000
Plan-guided,dimension_color,second,sharp,Response length,2,0.25157232704402516,0.1675482180293501,0.13417190775681342,0.20335429769392033,477,4000
Plan-guided,dimension_color,second,sharp,Response length,3,0.012578616352201259,0.03865199161425576,0.023060796645702306,0.05660377358490566,477,4000
Plan-guided,dimension_color,second,sharp,Initial adjective,D,0.010482180293501049,0.10178930817610063,0.07547169811320754,0.129979035639413,477,4000
Plan-guided,dimension_color,second,sharp,Initial adjective,C,0.9475890985324947,0.8706006289308175,0.8406708595387841,0.89937106918239,477,4000
Plan-guided,dimension_color,second,sharp,Initial adjective,F,0.041928721174004195,0.02761006289308176,0.012578616352201259,0.0440251572327044,477,4000
Plan-guided,dimension_form,both,blurred,Exact response,D,0.003766478342749529,0.0033356873822975516,0.0,0.009416195856873822,531,4000
Plan-guided,dimension_form,both,blurred,Exact response,DC,0.01694915254237288,0.05142514124293786,0.032015065913371,0.07156308851224105,531,4000
Plan-guided,dimension_form,both,blurred,Exact response,DCF,0.2900188323917137,0.19796704331450093,0.1638418079096045,0.23163841807909605,531,4000
Plan-guided,dimension_form,both,blurred,Exact response,DF,0.4067796610169492,0.0971153483992467,0.07156308851224105,0.1224105461393597,531,4000
Plan-guided,dimension_form,both,blurred,Exact response,DFC,0.03389830508474576,0.028475047080979282,0.015065913370998116,0.04331450094161959,531,4000
Plan-guided,dimension_form,both,blurred,Exact response,C,0.011299435028248588,0.06766666666666665,0.047080979284369114,0.0903954802259887,531,4000
Plan-guided,dimension_form,both,blurred,Exact response,CD,0.0018832391713747645,0.00128954802259887,0.0,0.005649717514124294,531,4000
Plan-guided,dimension_form,both,blurred,Exact response,CDF,0.04143126177024482,0.022720809792843688,0.011299435028248588,0.035781544256120526,531,4000
Plan-guided,dimension_form,both,blurred,Exact response,CF,0.15065913370998116,0.401274011299435,0.3578154425612053,0.4444444444444444,531,4000
Plan-guided,dimension_form,both,blurred,Exact response,CFD,0.005649717514124294,0.012560263653483991,0.003766478342749529,0.022598870056497175,531,4000
Plan-guided,dimension_form,both,blurred,Exact response,F,0.01694915254237288,0.07212664783427496,0.05084745762711865,0.096045197740113,531,4000
Plan-guided,dimension_form,both,blurred,Exact response,FD,0.0018832391713747645,0.0005428436911487758,0.0,0.003766478342749529,531,4000
Plan-guided,dimension_form,both,blurred,Exact response,FDC,0.0,0.0017076271186440679,0.0,0.005649717514124294,531,4000
Plan-guided,dimension_form,both,blurred,Exact response,FC,0.01694915254237288,0.040484934086629,0.02448210922787194,0.0583804143126177,531,4000
Plan-guided,dimension_form,both,blurred,Exact response,FCD,0.0018832391713747645,0.0013083804143126177,0.0,0.005649717514124294,531,4000
Plan-guided,dimension_form,both,blurred,Response length,1,0.032015065913371,0.14312900188323918,0.11299435028248588,0.1751412429378531,531,4000
Plan-guided,dimension_form,both,blurred,Response length,2,0.5951035781544256,0.5921318267419962,0.5480225988700564,0.6346516007532956,531,4000
Plan-guided,dimension_form,both,blurred,Response length,3,0.3728813559322034,0.2647391713747646,0.2278719397363465,0.3032015065913371,531,4000
Plan-guided,dimension_form,both,blurred,Initial adjective,D,0.751412429378531,0.37831826741996233,0.3352165725047081,0.4199623352165725,531,4000
Plan-guided,dimension_form,both,blurred,Initial adjective,C,0.21092278719397364,0.5055112994350283,0.4613935969868173,0.5499058380414312,531,4000
Plan-guided,dimension_form,both,blurred,Initial adjective,F,0.03766478342749529,0.11617043314500941,0.08851224105461393,0.14500941619585686,531,4000
Plan-guided,dimension_form,both,sharp,Exact response,D,0.0020964360587002098,0.007665618448637318,0.0020964360587002098,0.016771488469601678,477,4000
Plan-guided,dimension_form,both,sharp,Exact response,DC,0.05870020964360587,0.06272379454926624,0.041928721174004195,0.0859538784067086,477,4000
Plan-guided,dimension_form,both,sharp,Exact response,DCF,0.22012578616352202,0.19883595387840672,0.16352201257861634,0.23689727463312368,477,4000
Plan-guided,dimension_form,both,sharp,Exact response,DF,0.29559748427672955,0.1332248427672956,0.10272536687631027,0.16561844863731656,477,4000
Plan-guided,dimension_form,both,sharp,Exact response,DFC,0.018867924528301886,0.03923113207547169,0.023060796645702306,0.05660377358490566,477,4000
Plan-guided,dimension_form,both,sharp,Exact response,C,0.10272536687631027,0.07025157232704402,0.04821802935010482,0.09433962264150944,477,4000
Plan-guided,dimension_form,both,sharp,Exact response,CD,0.0,0.0019329140461215937,0.0,0.006289308176100629,477,4000
Plan-guided,dimension_form,both,sharp,Exact response,CDF,0.03563941299790356,0.02922327044025157,0.014675052410901468,0.04612159329140461,477,4000
Plan-guided,dimension_form,both,sharp,Exact response,CF,0.22012578616352202,0.309643605870021,0.2662473794549266,0.3522012578616352,477,4000
Plan-guided,dimension_form,both,sharp,Exact response,CFD,0.0041928721174004195,0.013975366876310272,0.0041928721174004195,0.025157232704402517,477,4000
Plan-guided,dimension_form,both,sharp,Exact response,F,0.010482180293501049,0.0839308176100629,0.05870020964360587,0.1111111111111111,477,4000
Plan-guided,dimension_form,both,sharp,Exact response,FD,0.0020964360587002098,0.000978511530398323,0.0,0.0041928721174004195,477,4000
Plan-guided,dimension_form,both,sharp,Exact response,FDC,0.0020964360587002098,0.002931341719077569,0.0,0.008385744234800839,477,4000
Plan-guided,dimension_form,both,sharp,Exact response,FC,0.023060796645702306,0.0434958071278826,0.027253668763102725,0.06289308176100629,477,4000
Plan-guided,dimension_form,both,sharp,Exact response,FCD,0.0041928721174004195,0.0019554507337526212,0.0,0.006289308176100629,477,4000
Plan-guided,dimension_form,both,sharp,Response length,1,0.11530398322851153,0.16184800838574423,0.1278825995807128,0.1970649895178197,477,4000
Plan-guided,dimension_form,both,sharp,Response length,2,0.59958071278826,0.5519994758909853,0.5052410901467506,0.59958071278826,477,4000
Plan-guided,dimension_form,both,sharp,Response length,3,0.2851153039832285,0.28615251572327044,0.24528301886792453,0.32914046121593293,477,4000
Plan-guided,dimension_form,both,sharp,Initial adjective,D,0.5953878406708596,0.4416813417190776,0.39617400419287213,0.48846960167714887,477,4000
Plan-guided,dimension_form,both,sharp,Initial adjective,C,0.36268343815513626,0.4250267295597484,0.37945492662473795,0.4716981132075472,477,4000
Plan-guided,dimension_form,both,sharp,Initial adjective,F,0.041928721174004195,0.133291928721174,0.10482180293501048,0.16352201257861634,477,4000
Plan-guided,dimension_form,first,blurred,Exact response,D,0.07364341085271318,0.03470009689922481,0.01937984496124031,0.05232558139534884,516,4000
Plan-guided,dimension_form,first,blurred,Exact response,DC,0.05813953488372093,0.10596560077519378,0.07945736434108527,0.1337693798449614,516,4000
Plan-guided,dimension_form,first,blurred,Exact response,DCF,0.27906976744186046,0.32520155038759696,0.28294573643410853,0.36627906976744184,516,4000
Plan-guided,dimension_form,first,blurred,Exact response,DF,0.19767441860465115,0.11157170542635657,0.08333333333333333,0.14147286821705427,516,4000
Plan-guided,dimension_form,first,blurred,Exact response,DFC,0.029069767441860465,0.038949127906976744,0.023255813953488372,0.0562015503875969,516,4000
Plan-guided,dimension_form,first,blurred,Exact response,C,0.13953488372093023,0.06008236434108526,0.040697674418604654,0.08139534883720931,516,4000
Plan-guided,dimension_form,first,blurred,Exact response,CD,0.001937984496124031,0.002231104651162791,0.0,0.007751937984496124,516,4000
Plan-guided,dimension_form,first,blurred,Exact response,CDF,0.025193798449612403,0.039364825581395355,0.023255813953488372,0.0562015503875969,516,4000
Plan-guided,dimension_form,first,blurred,Exact response,CF,0.16666666666666666,0.21485804263565889,0.17829457364341086,0.25387596899224807,516,4000
Plan-guided,dimension_form,first,blurred,Exact response,CFD,0.001937984496124031,0.008351259689922482,0.001937984496124031,0.01744186046511628,516,4000
Plan-guided,dimension_form,first,blurred,Exact response,F,0.005813953488372093,0.03279118217054264,0.019331395348837224,0.04844961240310078,516,4000
Plan-guided,dimension_form,first,blurred,Exact response,FD,0.0,0.0006017441860465116,0.0,0.003875968992248062,516,4000
Plan-guided,dimension_form,first,blurred,Exact response,FDC,0.0,0.0020188953488372093,0.0,0.005813953488372093,516,4000
Plan-guided,dimension_form,first,blurred,Exact response,FC,0.02131782945736434,0.02215988372093023,0.009689922480620155,0.03488372093023256,516,4000
Plan-guided,dimension_form,first,blurred,Exact response,FCD,0.0,0.0011526162790697675,0.0,0.003875968992248062,516,4000
Plan-guided,dimension_form,first,blurred,Response length,1,0.2189922480620155,0.12757364341085273,0.09883720930232558,0.15891472868217055,516,4000
Plan-guided,dimension_form,first,blurred,Response length,2,0.44573643410852715,0.45738808139534887,0.4108527131782946,0.501937984496124,516,4000
Plan-guided,dimension_form,first,blurred,Response length,3,0.33527131782945735,0.4150382751937985,0.3701550387596899,0.45930232558139533,516,4000
Plan-guided,dimension_form,first,blurred,Initial adjective,D,0.6375968992248062,0.6163880813953488,0.5736434108527132,0.6589147286821705,516,4000
Plan-guided,dimension_form,first,blurred,Initial adjective,C,0.33527131782945735,0.3248875968992248,0.28488372093023256,0.3643410852713178,516,4000
Plan-guided,dimension_form,first,blurred,Initial adjective,F,0.027131782945736434,0.058724321705426345,0.03875968992248062,0.08139534883720931,516,4000
Plan-guided,dimension_form,first,sharp,Exact response,D,0.25473684210526315,0.2734931578947368,0.22736842105263158,0.3200526315789476,475,4000
Plan-guided,dimension_form,first,sharp,Exact response,DC,0.06526315789473684,0.10833105263157894,0.08,0.13894736842105262,475,4000
Plan-guided,dimension_form,first,sharp,Exact response,DCF,0.21052631578947367,0.28247000000000005,0.24210526315789474,0.32210526315789473,475,4000
Plan-guided,dimension_form,first,sharp,Exact response,DF,0.21473684210526317,0.08739789473684212,0.061052631578947365,0.11578947368421053,475,4000
Plan-guided,dimension_form,first,sharp,Exact response,DFC,0.02736842105263158,0.03805157894736843,0.021052631578947368,0.056842105263157895,475,4000
Plan-guided,dimension_form,first,sharp,Exact response,C,0.07789473684210527,0.039301052631578945,0.023157894736842106,0.056842105263157895,475,4000
Plan-guided,dimension_form,first,sharp,Exact response,CD,0.0,0.0028147368421052627,0.0,0.008421052631578947,475,4000
Plan-guided,dimension_form,first,sharp,Exact response,CDF,0.016842105263157894,0.03761368421052631,0.021052631578947368,0.056842105263157895,475,4000
Plan-guided,dimension_form,first,sharp,Exact response,CF,0.1031578947368421,0.08593052631578948,0.061052631578947365,0.11157894736842106,475,4000
Plan-guided,dimension_form,first,sharp,Exact response,CFD,0.0,0.00601578947368421,0.0,0.014736842105263158,475,4000
Plan-guided,dimension_form,first,sharp,Exact response,F,0.00631578947368421,0.02032526315789474,0.008421052631578947,0.03368421052631579,475,4000
Plan-guided,dimension_form,first,sharp,Exact response,FD,0.002105263157894737,0.00073,0.0,0.004210526315789474,475,4000
Plan-guided,dimension_form,first,sharp,Exact response,FDC,0.00631578947368421,0.0025989473684210522,0.0,0.008421052631578947,475,4000
Plan-guided,dimension_form,first,sharp,Exact response,FC,0.01263157894736842,0.013697894736842105,0.004210526315789474,0.02526315789473684,475,4000
Plan-guided,dimension_form,first,sharp,Exact response,FCD,0.002105263157894737,0.0012284210526315787,0.0,0.004210526315789474,475,4000
Plan-guided,dimension_form,first,sharp,Response length,1,0.3389473684210526,0.3331194736842106,0.2863157894736842,0.38105263157894737,475,4000
Plan-guided,dimension_form,first,sharp,Response length,2,0.39789473684210525,0.2989021052631579,0.25473684210526315,0.3452631578947368,475,4000
Plan-guided,dimension_form,first,sharp,Response length,3,0.2631578947368421,0.36797842105263157,0.32210526315789473,0.4126315789473684,475,4000
Plan-guided,dimension_form,first,sharp,Initial adjective,D,0.7726315789473684,0.7897436842105263,0.751578947368421,0.8273684210526315,475,4000
Plan-guided,dimension_form,first,sharp,Initial adjective,C,0.19789473684210526,0.1716757894736842,0.13894736842105262,0.20842105263157895,475,4000
Plan-guided,dimension_form,first,sharp,Initial adjective,F,0.029473684210526315,0.038580526315789475,0.021052631578947368,0.056842105263157895,475,4000
Plan-guided,dimension_form,second,blurred,Exact response,D,0.0,0.0011773148148148146,0.0,0.005555555555555556,540,4000
Plan-guided,dimension_form,second,blurred,Exact response,DC,0.001851851851851852,0.012950462962962962,0.003703703703703704,0.024074074074074074,540,4000
Plan-guided,dimension_form,second,blurred,Exact response,DCF,0.016666666666666666,0.07369675925925925,0.05185185185185185,0.0962962962962963,540,4000
Plan-guided,dimension_form,second,blurred,Exact response,DF,0.0,0.05786296296296296,0.03888888888888889,0.07962962962962963,540,4000
Plan-guided,dimension_form,second,blurred,Exact response,DFC,0.011111111111111112,0.01335509259259259,0.005555555555555556,0.024074074074074074,540,4000
Plan-guided,dimension_form,second,blurred,Exact response,C,0.04814814814814815,0.0297,0.016666666666666666,0.044444444444444446,540,4000
Plan-guided,dimension_form,second,blurred,Exact response,CD,0.0,0.00044675925925925927,0.0,0.003703703703703704,540,4000
Plan-guided,dimension_form,second,blurred,Exact response,CDF,0.0,0.006502777777777778,0.0,0.014814814814814815,540,4000
Plan-guided,dimension_form,second,blurred,Exact response,CF,0.24814814814814815,0.3006041666666667,0.26106481481481486,0.34074074074074073,540,4000
Plan-guided,dimension_form,second,blurred,Exact response,CFD,0.0,0.008803703703703704,0.001851851851851852,0.016666666666666666,540,4000
Plan-guided,dimension_form,second,blurred,Exact response,F,0.6481481481481481,0.45749675925925926,0.412962962962963,0.5,540,4000
Plan-guided,dimension_form,second,blurred,Exact response,FD,0.0,0.00041527777777777776,0.0,0.001851851851851852,540,4000
Plan-guided,dimension_form,second,blurred,Exact response,FDC,0.0,0.0010069444444444444,0.0,0.003703703703703704,540,4000
Plan-guided,dimension_form,second,blurred,Exact response,FC,0.025925925925925925,0.03492083333333333,0.020370370370370372,0.05,540,4000
Plan-guided,dimension_form,second,blurred,Exact response,FCD,0.0,0.001060185185185185,0.0,0.003703703703703704,540,4000
Plan-guided,dimension_form,second,blurred,Response length,1,0.6962962962962963,0.48837407407407407,0.4462962962962963,0.5314814814814814,540,4000
Plan-guided,dimension_form,second,blurred,Response length,2,0.2759259259259259,0.40720046296296303,0.362962962962963,0.45,540,4000
Plan-guided,dimension_form,second,blurred,Response length,3,0.027777777777777776,0.10442546296296297,0.07962962962962963,0.12967592592592608,540,4000
Plan-guided,dimension_form,second,blurred,Initial adjective,D,0.02962962962962963,0.1590425925925926,0.12962962962962962,0.19074074074074074,540,4000
Plan-guided,dimension_form,second,blurred,Initial adjective,C,0.2962962962962963,0.3460574074074074,0.3037037037037037,0.387037037037037,540,4000
Plan-guided,dimension_form,second,blurred,Initial adjective,F,0.674074074074074,0.49489999999999995,0.45185185185185184,0.5388888888888889,540,4000
Plan-guided,dimension_form,second,sharp,Exact response,D,0.0,0.0019122899159663865,0.0,0.0063025210084033615,476,4000
Plan-guided,dimension_form,second,sharp,Exact response,DC,0.0021008403361344537,0.013452205882352943,0.004201680672268907,0.025210084033613446,476,4000
Plan-guided,dimension_form,second,sharp,Exact response,DCF,0.008403361344537815,0.06479306722689075,0.04201680672268908,0.08823529411764706,476,4000
Plan-guided,dimension_form,second,sharp,Exact response,DF,0.0,0.054613445378151264,0.03571428571428571,0.07568277310924389,476,4000
Plan-guided,dimension_form,second,sharp,Exact response,DFC,0.01050420168067227,0.015746323529411764,0.0063025210084033615,0.0273109243697479,476,4000
Plan-guided,dimension_form,second,sharp,Exact response,C,0.1092436974789916,0.03305934873949579,0.01680672268907563,0.05042016806722689,476,4000
Plan-guided,dimension_form,second,sharp,Exact response,CD,0.0021008403361344537,0.0005877100840336135,0.0,0.004201680672268907,476,4000
Plan-guided,dimension_form,second,sharp,Exact response,CDF,0.004201680672268907,0.009068802521008404,0.0021008403361344537,0.018907563025210083,476,4000
Plan-guided,dimension_form,second,sharp,Exact response,CF,0.18907563025210083,0.2493140756302521,0.21008403361344538,0.28991596638655465,476,4000
Plan-guided,dimension_form,second,sharp,Exact response,CFD,0.0,0.009627626050420168,0.0021008403361344537,0.018907563025210083,476,4000
Plan-guided,dimension_form,second,sharp,Exact response,F,0.6407563025210085,0.5051964285714285,0.4579831932773109,0.5525210084033614,476,4000
Plan-guided,dimension_form,second,sharp,Exact response,FD,0.0,0.0006701680672268907,0.0,0.004201680672268907,476,4000
Plan-guided,dimension_form,second,sharp,Exact response,FDC,0.0021008403361344537,0.0015267857142857142,0.0,0.0063025210084033615,476,4000
Plan-guided,dimension_form,second,sharp,Exact response,FC,0.031512605042016806,0.03879516806722689,0.023109243697478993,0.05672268907563025,476,4000
Plan-guided,dimension_form,second,sharp,Exact response,FCD,0.0,0.0016365546218487395,0.0,0.0063025210084033615,476,4000
Plan-guided,dimension_form,second,sharp,Response length,1,0.75,0.5401680672268908,0.49369747899159666,0.5861344537815126,476,4000
Plan-guided,dimension_form,second,sharp,Response length,2,0.22478991596638656,0.35743277310924365,0.3130252100840336,0.40336134453781514,476,4000
Plan-guided,dimension_form,second,sharp,Response length,3,0.025210084033613446,0.10239915966386555,0.07563025210084033,0.13025210084033614,476,4000
Plan-guided,dimension_form,second,sharp,Initial adjective,D,0.02100840336134454,0.1505173319327731,0.11974789915966387,0.18282563025210102,476,4000
Plan-guided,dimension_form,second,sharp,Initial adjective,C,0.30462184873949577,0.30165756302521,0.2605042016806723,0.3445378151260504,476,4000
Plan-guided,dimension_form,second,sharp,Initial adjective,F,0.6743697478991597,0.5478251050420168,0.5021008403361344,0.5945378151260504,476,4000
