,rank,elpd_loo,p_loo,elpd_diff,weight,se,dse,warning,scale
principled_salience_stop_regularized_responsepolicy_reliabilitybackup_2x2_inc_static_fixedeps,0,-5218.574770927429,65.29001998901367,0.0,0.9557196596144728,65.13762559763327,0.0,False,log
principled_salience_stop_regularized_responsepolicy_reliabilitybackup_2x2_inc_rec_fixedeps,1,-5219.415276527405,65.00818490982056,0.8405055999755859,0.0,65.13769945345152,0.31171111350145336,False,log
principled_salience_stop_regularized_responsepolicy_reliabilitybackup_2x2_glob_static_fixedeps,2,-5724.806729316711,27.89066791534424,506.2319583892822,0.04428034038552814,62.7740109064095,30.208390905261233,False,log
principled_salience_stop_regularized_responsepolicy_reliabilitybackup_2x2_glob_rec_fixedeps,3,-5725.073563575745,27.87150478363037,506.49879264831543,2.8116750464338147e-16,62.78572141776903,30.21516226169676,False,log
