,rank,elpd_loo,p_loo,elpd_diff,weight,se,dse,warning,scale
incremental_recursive,0,-2774.080696582794,64.80538558959961,0.0,0.9999999476448203,44.757035144132885,0.0,True,log
incremental_static,1,-2774.137773513794,65.12633895874023,0.05707693099975586,5.654565298625454e-08,44.755327449438745,0.17795030660508207,True,log
global_recursive,2,-4249.227523803711,1425.0167679786682,1475.1468272209167,0.0,70.24028439026979,65.8717133658351,True,log
global_static,3,-7562.224500656128,4372.021847724915,4788.143804073334,0.0,118.87171854432414,127.21611403991338,True,log
