,rank,elpd_loo,p_loo,elpd_diff,weight,se,dse,warning,scale
incremental_recursive,0,-7179.725793361664,105.74012565612793,0.0,0.7995761647895441,53.72951564579863,0.0,False,log
incremental_static,1,-7198.660758018494,108.6774673461914,18.934964656829834,0.0,53.65094471551864,1.8420578116006405,False,log
global_static,2,-7625.833145618439,53.82048177719116,446.1073522567749,0.0,38.44013763785335,40.266478212830904,False,log
global_recursive,3,-7627.903898239136,55.0153751373291,448.1781048774719,0.20042383521045593,38.425649274342696,40.68653226811087,False,log
